HITId,HITTypeId,Title,Description,Keywords,Reward,CreationTime,MaxAssignments,RequesterAnnotation,AssignmentDurationInSeconds,AutoApprovalDelayInSeconds,Expiration,NumberOfSimilarHITs,LifetimeInSeconds,AssignmentId,WorkerId,AssignmentStatus,AcceptTime,SubmitTime,AutoApprovalTime,ApprovalTime,RejectionTime,RequesterFeedback,WorkTimeInSeconds,LifetimeApprovalRate,Last30DaysApprovalRate,Last7DaysApprovalRate,Input.ytid,Input.start,Input.end,Input.label,Input.description,Answer.clickedInstructions,Answer.clickedPlay,Answer.comments,Answer.contains,Answer.identifier,Answer.improve,Answer.loc-00,Answer.loc-01,Answer.loc-02,Answer.loc-03,Answer.loc-04,Answer.loc-05,Answer.loc-06,Answer.loc-07,Answer.loc-08,Answer.loc-09,Answer.loc-10,Answer.loc-11,Answer.loc-12,Answer.loc-13,Answer.loc-14,Answer.loc-15,Answer.loc-16,Answer.loc-17,Answer.loc-18,Answer.loc-19,Answer.loc-20,Answer.loc-21,Answer.loc-22,Answer.loc-23,Answer.loc-24,Answer.loc-25,Answer.loc-26,Answer.loc-27,Answer.loc-28,Answer.loc-29,Answer.loc-30,Answer.loc-31,Answer.loc-32,Answer.loc-33,Answer.loc-34,Answer.loc-35,Answer.loc-36,Answer.loc-37,Answer.loc-38,Answer.loc-39,Answer.reason,Answer.userAgent,Answer.youtubeError,Answer.ytid,Approve,Reject
334ZEL5JX7PNG1MQGPMR7O2D5MUSOH,3CM00QMEUMWAO45EUQFF7TCUAYEW69,Annotate when audio source appears in video,Watch a 10 second video clip and tell us when the source of a labeled sound appears in the frame of the video,"annotating, video, audio",$0.07,Wed Jul 11 08:09:38 PDT 2018,1,BatchId:3298771;OriginalHitTemplateId:920937336;,3600,432000,Wed Jul 18 08:09:38 PDT 2018,,,38F71OA9GV6TYDUMNRCHW5QG65AFMF,A1BZCPIW6IAXA8,Approved,Wed Jul 11 09:44:03 PDT 2018,Wed Jul 11 09:44:25 PDT 2018,Mon Jul 16 09:44:25 PDT 2018,Mon Jul 16 09:26:53 PDT 2018,,,22,100% (41/41),100% (41/41),100% (40/40),PRrPBsdt7qo,70,80,Computer keyboard,Sounds created by a typewriter-style device which uses an arrangement of buttons or keys controlling switches to enter text or other information into a computer or other electronic device.,0,1,{},1,temporal,{},0,0,0,0,0,0,0,0,0,0,1,1,1,1,1,1,1,1,1,1,1,1,1,1,1,1,1,1,1,1,1,1,1,1,1,1,1,1,1,0,{},Mozilla/5.0 (Windows NT 10.0; WOW64; Trident/7.0; .NET4.0C; .NET4.0E; .NET CLR 2.0.50727; .NET CLR 3.0.30729; .NET CLR 3.5.30729; rv:11.0) like Gecko,0,PRrPBsdt7qo,,
3VADEH0UHD7511YRVPZ6WO73FRQSPY,3CM00QMEUMWAO45EUQFF7TCUAYEW69,Annotate when audio source appears in video,Watch a 10 second video clip and tell us when the source of a labeled sound appears in the frame of the video,"annotating, video, audio",$0.07,Wed Jul 11 08:09:38 PDT 2018,1,BatchId:3298771;OriginalHitTemplateId:920937336;,3600,432000,Wed Jul 18 08:09:38 PDT 2018,,,3DYGAII7PNIWA5H8TNF3P8OPIBDPQW,A325FINFEL3NH8,Approved,Wed Jul 11 08:43:06 PDT 2018,Wed Jul 11 08:44:09 PDT 2018,Mon Jul 16 08:44:09 PDT 2018,2018-07-16 15:45:00 UTC,,,63,100% (7/7),100% (7/7),100% (7/7),q8VKLQaTO_M,390,400,Computer keyboard,Sounds created by a typewriter-style device which uses an arrangement of buttons or keys controlling switches to enter text or other information into a computer or other electronic device.,0,1,{},1,temporal,{},1,1,1,1,1,1,1,1,1,1,1,1,1,1,1,1,1,1,1,1,1,1,1,1,1,1,1,1,1,1,1,1,1,1,1,1,1,1,1,1,{},"Mozilla/5.0 (Windows NT 6.1; Win64; x64) AppleWebKit/537.36 (KHTML, like Gecko) Chrome/67.0.3396.99 Safari/537.36",0,q8VKLQaTO_M,,
3MA5N0ATTDLXXRIK224ZXWOPRUGKW4,3CM00QMEUMWAO45EUQFF7TCUAYEW69,Annotate when audio source appears in video,Watch a 10 second video clip and tell us when the source of a labeled sound appears in the frame of the video,"annotating, video, audio",$0.07,Wed Jul 11 08:09:38 PDT 2018,1,BatchId:3298771;OriginalHitTemplateId:920937336;,3600,432000,Wed Jul 18 08:09:38 PDT 2018,,,3R0T90IZ1UMM3REQLMOLBULGD5MGCB,A20F1SLHKHBUT3,Approved,Wed Jul 11 08:30:04 PDT 2018,Wed Jul 11 08:38:41 PDT 2018,Mon Jul 16 08:38:41 PDT 2018,2018-07-16 15:39:00 UTC,,,517,100% (674/674),100% (674/674),100% (574/574),v1lM4jcow1E,250,260,Computer keyboard,Sounds created by a typewriter-style device which uses an arrangement of buttons or keys controlling switches to enter text or other information into a computer or other electronic device.,0,1,{},1,temporal,{},0,0,0,0,0,0,0,0,0,0,0,0,0,0,0,0,0,1,1,1,1,1,1,1,0,0,0,0,1,1,1,1,1,0,0,0,0,1,1,1,{},"Mozilla/5.0 (Windows NT 6.1; Win64; x64) AppleWebKit/537.36 (KHTML, like Gecko) Chrome/67.0.3396.99 Safari/537.36",0,v1lM4jcow1E,,
3OCZWXS7ZPHE4ELIR1TRMWORWXH5LB,3CM00QMEUMWAO45EUQFF7TCUAYEW69,Annotate when audio source appears in video,Watch a 10 second video clip and tell us when the source of a labeled sound appears in the frame of the video,"annotating, video, audio",$0.07,Wed Jul 11 08:09:38 PDT 2018,1,BatchId:3298771;OriginalHitTemplateId:920937336;,3600,432000,Wed Jul 18 08:09:38 PDT 2018,,,3JNQLM5FT6WPR10PZKWVC9H2XVS2LR,A20F1SLHKHBUT3,Approved,Wed Jul 11 08:17:16 PDT 2018,Wed Jul 11 08:18:14 PDT 2018,Mon Jul 16 08:18:14 PDT 2018,2018-07-16 15:19:00 UTC,,,58,100% (674/674),100% (674/674),100% (574/574),RiOLCnqx7zU,30,40,Computer keyboard,Sounds created by a typewriter-style device which uses an arrangement of buttons or keys controlling switches to enter text or other information into a computer or other electronic device.,0,1,{},1,temporal,{},0,0,0,0,0,0,0,0,0,0,0,0,0,0,0,0,0,0,0,0,0,0,0,0,0,0,0,0,0,0,1,1,1,1,1,1,1,1,0,0,{},"Mozilla/5.0 (Windows NT 6.1; Win64; x64) AppleWebKit/537.36 (KHTML, like Gecko) Chrome/67.0.3396.99 Safari/537.36",0,RiOLCnqx7zU,,
3IHWR4LC7ENV1VWE4W3H606QHJOI8C,3CM00QMEUMWAO45EUQFF7TCUAYEW69,Annotate when audio source appears in video,Watch a 10 second video clip and tell us when the source of a labeled sound appears in the frame of the video,"annotating, video, audio",$0.07,Wed Jul 11 08:09:39 PDT 2018,1,BatchId:3298771;OriginalHitTemplateId:920937336;,3600,432000,Wed Jul 18 08:09:39 PDT 2018,,,3GD6L00D3U728Y0EGSXW73MM5U6M1Y,A20F1SLHKHBUT3,Approved,Wed Jul 11 08:26:29 PDT 2018,Wed Jul 11 08:34:09 PDT 2018,Mon Jul 16 08:34:09 PDT 2018,2018-07-16 15:35:00 UTC,,,460,100% (674/674),100% (674/674),100% (574/574),w-y5Yva7qlc,0,10,Computer keyboard,Sounds created by a typewriter-style device which uses an arrangement of buttons or keys controlling switches to enter text or other information into a computer or other electronic device.,0,1,{},1,temporal,{},0,0,0,0,0,0,0,0,0,0,1,1,1,1,1,1,1,1,1,1,1,1,1,1,1,1,1,1,1,1,1,1,1,1,1,1,1,1,1,1,{},"Mozilla/5.0 (Windows NT 6.1; Win64; x64) AppleWebKit/537.36 (KHTML, like Gecko) Chrome/67.0.3396.99 Safari/537.36",0,w-y5Yva7qlc,,
31ODACBENVPQ1DZ6V2EVWTXDKNCSQP,3CM00QMEUMWAO45EUQFF7TCUAYEW69,Annotate when audio source appears in video,Watch a 10 second video clip and tell us when the source of a labeled sound appears in the frame of the video,"annotating, video, audio",$0.07,Wed Jul 11 08:09:39 PDT 2018,1,BatchId:3298771;OriginalHitTemplateId:920937336;,3600,432000,Wed Jul 18 08:09:39 PDT 2018,,,39OWYR0EPM1TSUJ06U0SQ0DNFE8YF6,A325FINFEL3NH8,Approved,Wed Jul 11 08:47:32 PDT 2018,Wed Jul 11 08:48:12 PDT 2018,Mon Jul 16 08:48:12 PDT 2018,2018-07-16 15:49:00 UTC,,,40,100% (7/7),100% (7/7),100% (7/7),Ml6OzqTUhs0,30,40,Computer keyboard,Sounds created by a typewriter-style device which uses an arrangement of buttons or keys controlling switches to enter text or other information into a computer or other electronic device.,0,1,{},1,temporal,{},1,1,1,1,1,1,1,1,1,1,1,1,1,1,1,1,1,1,1,1,1,1,1,1,1,1,1,1,1,1,1,1,1,1,1,1,1,1,1,1,{},"Mozilla/5.0 (Windows NT 6.1; Win64; x64) AppleWebKit/537.36 (KHTML, like Gecko) Chrome/67.0.3396.99 Safari/537.36",0,Ml6OzqTUhs0,,
3NRZ1LDP7XG22DK5QHTESH4626QPZ0,3CM00QMEUMWAO45EUQFF7TCUAYEW69,Annotate when audio source appears in video,Watch a 10 second video clip and tell us when the source of a labeled sound appears in the frame of the video,"annotating, video, audio",$0.07,Wed Jul 11 08:09:39 PDT 2018,1,BatchId:3298771;OriginalHitTemplateId:920937336;,3600,432000,Wed Jul 18 08:09:39 PDT 2018,,,3L6L49WXW27LSQCRBBZCOZI3VJV549,A325FINFEL3NH8,Approved,Wed Jul 11 08:44:12 PDT 2018,Wed Jul 11 08:46:14 PDT 2018,Mon Jul 16 08:46:14 PDT 2018,2018-07-16 15:47:00 UTC,,,122,100% (7/7),100% (7/7),100% (7/7),x3wHQ8ljXSo,80,90,Computer keyboard,Sounds created by a typewriter-style device which uses an arrangement of buttons or keys controlling switches to enter text or other information into a computer or other electronic device.,0,1,{},1,temporal,{},0,0,0,0,0,1,1,1,1,1,1,1,1,1,1,1,1,0,0,0,0,0,0,0,0,0,0,0,0,0,0,0,0,0,0,0,0,0,0,0,{},"Mozilla/5.0 (Windows NT 6.1; Win64; x64) AppleWebKit/537.36 (KHTML, like Gecko) Chrome/67.0.3396.99 Safari/537.36",0,x3wHQ8ljXSo,,
3SSN80MU8DYCMRNAC70LZF2W0WMKXX,3CM00QMEUMWAO45EUQFF7TCUAYEW69,Annotate when audio source appears in video,Watch a 10 second video clip and tell us when the source of a labeled sound appears in the frame of the video,"annotating, video, audio",$0.07,Wed Jul 11 08:09:39 PDT 2018,1,BatchId:3298771;OriginalHitTemplateId:920937336;,3600,432000,Wed Jul 18 08:09:39 PDT 2018,,,3ZOTGHDK5KLQ2LKK6RRTV8Y0QV7OSA,A3L2DEL4LQASFF,Approved,Wed Jul 11 08:59:54 PDT 2018,Wed Jul 11 09:03:45 PDT 2018,Mon Jul 16 09:03:45 PDT 2018,2018-07-16 16:04:00 UTC,,,231,100% (6/6),100% (6/6),100% (6/6),vXEq2raK-cU,70,80,Computer keyboard,Sounds created by a typewriter-style device which uses an arrangement of buttons or keys controlling switches to enter text or other information into a computer or other electronic device.,1,1,Chocolate chip cookie dough!,1,temporal,{},1,1,1,1,1,1,1,0,1,1,1,1,1,1,1,1,1,1,1,1,0,1,1,1,1,1,1,0,1,1,1,1,1,1,1,0,0,0,0,0,{},"Mozilla/5.0 (Windows NT 10.0; Win64; x64) AppleWebKit/537.36 (KHTML, like Gecko) Chrome/67.0.3396.99 Safari/537.36",0,vXEq2raK-cU,,
3LN3BXKGC15SV5M1CBJKZ4WWKDZGWX,3CM00QMEUMWAO45EUQFF7TCUAYEW69,Annotate when audio source appears in video,Watch a 10 second video clip and tell us when the source of a labeled sound appears in the frame of the video,"annotating, video, audio",$0.07,Wed Jul 11 08:09:39 PDT 2018,1,BatchId:3298771;OriginalHitTemplateId:920937336;,3600,432000,Wed Jul 18 08:09:39 PDT 2018,,,3ON104KXQM6F59RB7CMLEZVGFGVW4D,A20F1SLHKHBUT3,Approved,Wed Jul 11 08:30:39 PDT 2018,Wed Jul 11 08:39:33 PDT 2018,Mon Jul 16 08:39:33 PDT 2018,2018-07-16 15:40:00 UTC,,,534,100% (674/674),100% (674/674),100% (574/574),u7A4btQqoUk,30,40,Computer keyboard,Sounds created by a typewriter-style device which uses an arrangement of buttons or keys controlling switches to enter text or other information into a computer or other electronic device.,0,1,{},1,temporal,{},0,1,1,1,1,1,1,0,0,0,1,1,1,1,1,1,1,1,1,1,1,1,1,1,1,0,0,0,0,0,0,0,0,0,0,0,0,0,0,0,{},"Mozilla/5.0 (Windows NT 6.1; Win64; x64) AppleWebKit/537.36 (KHTML, like Gecko) Chrome/67.0.3396.99 Safari/537.36",0,u7A4btQqoUk,,
3XAOZ9UYR01Q7T0CIJZB0SA4UNZQ13,3CM00QMEUMWAO45EUQFF7TCUAYEW69,Annotate when audio source appears in video,Watch a 10 second video clip and tell us when the source of a labeled sound appears in the frame of the video,"annotating, video, audio",$0.07,Wed Jul 11 08:09:39 PDT 2018,1,BatchId:3298771;OriginalHitTemplateId:920937336;,3600,432000,Wed Jul 18 08:09:39 PDT 2018,,,3JJVG1YBED75DPX0QQ9ZWDO95CJ5BO,A23T1XULH2EIZI,Approved,Wed Jul 11 09:07:01 PDT 2018,Wed Jul 11 09:08:29 PDT 2018,Mon Jul 16 09:08:29 PDT 2018,2018-07-16 16:09:00 UTC,,,88,100% (21/21),100% (21/21),100% (21/21),4MuSBDcS77I,10,20,Computer keyboard,Sounds created by a typewriter-style device which uses an arrangement of buttons or keys controlling switches to enter text or other information into a computer or other electronic device.,0,1,Vanilla,1,temporal,{},1,1,1,1,1,1,1,1,1,1,1,1,1,1,1,1,1,1,1,1,1,1,1,1,1,1,1,1,1,1,1,1,1,1,1,1,1,1,1,1,{},"Mozilla/5.0 (Windows NT 10.0; Win64; x64) AppleWebKit/537.36 (KHTML, like Gecko) Chrome/59.0.3071.104 Safari/537.36",0,4MuSBDcS77I,,
3MJ28H2Y1FIMAZOF4T9JEDSLR2M5OS,3CM00QMEUMWAO45EUQFF7TCUAYEW69,Annotate when audio source appears in video,Watch a 10 second video clip and tell us when the source of a labeled sound appears in the frame of the video,"annotating, video, audio",$0.07,Wed Jul 11 08:09:39 PDT 2018,1,BatchId:3298771;OriginalHitTemplateId:920937336;,3600,432000,Wed Jul 18 08:09:39 PDT 2018,,,33PPO7FECXPA4AQZB6JZGCGEDJDDIP,A20F1SLHKHBUT3,Approved,Wed Jul 11 09:51:03 PDT 2018,Wed Jul 11 10:07:45 PDT 2018,Mon Jul 16 10:07:45 PDT 2018,Mon Jul 16 09:27:00 PDT 2018,,,1002,100% (674/674),100% (674/674),100% (574/574),saJv6hLIWl8,300,310,Computer keyboard,Sounds created by a typewriter-style device which uses an arrangement of buttons or keys controlling switches to enter text or other information into a computer or other electronic device.,0,1,{},1,temporal,{},0,0,1,1,0,0,0,1,1,0,0,1,1,1,0,0,1,1,1,0,0,1,1,1,0,0,0,0,0,1,1,0,0,0,0,1,1,0,0,0,{},"Mozilla/5.0 (Windows NT 6.1; Win64; x64) AppleWebKit/537.36 (KHTML, like Gecko) Chrome/67.0.3396.99 Safari/537.36",0,saJv6hLIWl8,,
3FK4G712NYA2ETEJN630RTCE2BXSSE,3CM00QMEUMWAO45EUQFF7TCUAYEW69,Annotate when audio source appears in video,Watch a 10 second video clip and tell us when the source of a labeled sound appears in the frame of the video,"annotating, video, audio",$0.07,Wed Jul 11 08:09:39 PDT 2018,1,BatchId:3298771;OriginalHitTemplateId:920937336;,3600,432000,Wed Jul 18 08:09:39 PDT 2018,,,3RRCEFRB7OMNH6T0CLQPRLIV5GT4BN,A20F1SLHKHBUT3,Approved,Wed Jul 11 09:28:14 PDT 2018,Wed Jul 11 09:54:30 PDT 2018,Mon Jul 16 09:54:30 PDT 2018,Mon Jul 16 09:27:00 PDT 2018,,,1576,100% (674/674),100% (674/674),100% (574/574),yD9gxL1_mfU,0,10,Computer keyboard,Sounds created by a typewriter-style device which uses an arrangement of buttons or keys controlling switches to enter text or other information into a computer or other electronic device.,0,1,barely audible,1,temporal,{},0,0,0,0,0,0,1,1,1,0,1,1,1,1,0,0,0,0,0,1,1,1,0,0,1,1,0,0,0,0,0,0,0,0,0,0,0,0,0,0,{},"Mozilla/5.0 (Windows NT 6.1; Win64; x64) AppleWebKit/537.36 (KHTML, like Gecko) Chrome/67.0.3396.99 Safari/537.36",0,yD9gxL1_mfU,,
39N6W9XWREXWKAH1RC18K1HCVLZGYW,3CM00QMEUMWAO45EUQFF7TCUAYEW69,Annotate when audio source appears in video,Watch a 10 second video clip and tell us when the source of a labeled sound appears in the frame of the video,"annotating, video, audio",$0.07,Wed Jul 11 08:09:39 PDT 2018,1,BatchId:3298771;OriginalHitTemplateId:920937336;,3600,432000,Wed Jul 18 08:09:39 PDT 2018,,,3SITXWYCNXJEF8HAWWSUOWFTYB4XB1,A20F1SLHKHBUT3,Approved,Wed Jul 11 09:50:19 PDT 2018,Wed Jul 11 10:06:59 PDT 2018,Mon Jul 16 10:06:59 PDT 2018,Mon Jul 16 09:27:00 PDT 2018,,,1000,100% (674/674),100% (674/674),100% (574/574),siYOvUBWvbg,30,40,Computer keyboard,Sounds created by a typewriter-style device which uses an arrangement of buttons or keys controlling switches to enter text or other information into a computer or other electronic device.,0,1,{},1,temporal,{},1,1,1,1,1,1,1,1,1,1,1,1,1,1,1,1,1,1,1,1,1,1,1,1,1,1,1,1,1,1,1,1,1,1,1,1,1,1,1,1,{},"Mozilla/5.0 (Windows NT 6.1; Win64; x64) AppleWebKit/537.36 (KHTML, like Gecko) Chrome/67.0.3396.99 Safari/537.36",0,siYOvUBWvbg,,
335VBRURDKAJZVD2D5J4LH399WZE9O,3CM00QMEUMWAO45EUQFF7TCUAYEW69,Annotate when audio source appears in video,Watch a 10 second video clip and tell us when the source of a labeled sound appears in the frame of the video,"annotating, video, audio",$0.07,Wed Jul 11 08:09:39 PDT 2018,1,BatchId:3298771;OriginalHitTemplateId:920937336;,3600,432000,Wed Jul 18 08:09:39 PDT 2018,,,3U0SRXB7CFFWJLKVQNRBQ9TZEJWRNN,A1BZCPIW6IAXA8,Approved,Wed Jul 11 09:46:38 PDT 2018,Wed Jul 11 09:46:58 PDT 2018,Mon Jul 16 09:46:58 PDT 2018,Mon Jul 16 09:26:54 PDT 2018,,,20,100% (41/41),100% (41/41),100% (40/40),OLvgbdR8fII,70,80,Computer keyboard,Sounds created by a typewriter-style device which uses an arrangement of buttons or keys controlling switches to enter text or other information into a computer or other electronic device.,0,1,{},1,temporal,{},0,1,1,1,1,1,1,1,1,1,1,1,1,1,1,1,1,1,1,0,0,0,0,0,0,0,0,0,0,0,0,0,0,0,0,0,0,0,0,0,{},Mozilla/5.0 (Windows NT 10.0; WOW64; Trident/7.0; .NET4.0C; .NET4.0E; .NET CLR 2.0.50727; .NET CLR 3.0.30729; .NET CLR 3.5.30729; rv:11.0) like Gecko,0,OLvgbdR8fII,,
3JUDR1D0D71XWEI81NZP5BK9MTDQ2K,3CM00QMEUMWAO45EUQFF7TCUAYEW69,Annotate when audio source appears in video,Watch a 10 second video clip and tell us when the source of a labeled sound appears in the frame of the video,"annotating, video, audio",$0.07,Wed Jul 11 08:09:39 PDT 2018,1,BatchId:3298771;OriginalHitTemplateId:920937336;,3600,432000,Wed Jul 18 08:09:39 PDT 2018,,,3L70J4KAZIWVYS71ZIRMZESV0AIADQ,A20F1SLHKHBUT3,Approved,Wed Jul 11 08:17:44 PDT 2018,Wed Jul 11 08:20:41 PDT 2018,Mon Jul 16 08:20:41 PDT 2018,2018-07-16 15:21:00 UTC,,,177,100% (674/674),100% (674/674),100% (574/574),F_0fTRfhAps,0,10,Computer keyboard,Sounds created by a typewriter-style device which uses an arrangement of buttons or keys controlling switches to enter text or other information into a computer or other electronic device.,0,1,{},1,temporal,{},0,0,0,0,0,0,0,0,0,0,0,0,0,0,0,1,1,1,1,1,0,0,0,0,0,0,0,0,0,0,1,1,1,1,1,1,1,1,1,1,{},"Mozilla/5.0 (Windows NT 6.1; Win64; x64) AppleWebKit/537.36 (KHTML, like Gecko) Chrome/67.0.3396.99 Safari/537.36",0,F_0fTRfhAps,,
3BFF0DJK8YM3TTRYC68Q1Y804UBST3,3CM00QMEUMWAO45EUQFF7TCUAYEW69,Annotate when audio source appears in video,Watch a 10 second video clip and tell us when the source of a labeled sound appears in the frame of the video,"annotating, video, audio",$0.07,Wed Jul 11 08:09:39 PDT 2018,1,BatchId:3298771;OriginalHitTemplateId:920937336;,3600,432000,Wed Jul 18 08:09:39 PDT 2018,,,3QIYRE09Y5R8QGLESTCWKIBMAL9N1U,A20F1SLHKHBUT3,Approved,Wed Jul 11 10:07:45 PDT 2018,Wed Jul 11 10:46:07 PDT 2018,Mon Jul 16 10:46:07 PDT 2018,Mon Jul 16 09:27:01 PDT 2018,,,2302,100% (674/674),100% (674/674),100% (574/574),Svo82aBK20g,70,80,Computer keyboard,Sounds created by a typewriter-style device which uses an arrangement of buttons or keys controlling switches to enter text or other information into a computer or other electronic device.,0,1,{},1,temporal,{},0,0,0,0,0,0,1,1,1,1,1,1,1,1,1,1,1,1,1,0,0,0,0,0,0,0,0,0,0,0,0,0,0,0,0,0,0,0,0,0,{},"Mozilla/5.0 (Windows NT 6.1; Win64; x64) AppleWebKit/537.36 (KHTML, like Gecko) Chrome/67.0.3396.99 Safari/537.36",0,Svo82aBK20g,,
36QZ6V158ANIT66NCBY06UU2N8ISUU,3CM00QMEUMWAO45EUQFF7TCUAYEW69,Annotate when audio source appears in video,Watch a 10 second video clip and tell us when the source of a labeled sound appears in the frame of the video,"annotating, video, audio",$0.07,Wed Jul 11 08:09:39 PDT 2018,1,BatchId:3298771;OriginalHitTemplateId:920937336;,3600,432000,Wed Jul 18 08:09:39 PDT 2018,,,3DR23U6WE7O55UKA1DTN0108OCEETK,A20F1SLHKHBUT3,Approved,Wed Jul 11 08:56:02 PDT 2018,Wed Jul 11 09:07:21 PDT 2018,Mon Jul 16 09:07:21 PDT 2018,2018-07-16 16:08:00 UTC,,,679,100% (674/674),100% (674/674),100% (574/574),gMb7srGzMsI,0,10,Computer keyboard,Sounds created by a typewriter-style device which uses an arrangement of buttons or keys controlling switches to enter text or other information into a computer or other electronic device.,0,1,{},1,temporal,{},0,0,1,0,0,0,0,0,0,0,0,0,0,0,0,0,0,0,0,0,1,1,1,1,1,1,1,0,0,0,0,0,0,0,0,0,1,1,1,1,{},"Mozilla/5.0 (Windows NT 6.1; Win64; x64) AppleWebKit/537.36 (KHTML, like Gecko) Chrome/67.0.3396.99 Safari/537.36",0,gMb7srGzMsI,,
31N9JPQXIQSG878Y4GAFOLV6618NHC,3CM00QMEUMWAO45EUQFF7TCUAYEW69,Annotate when audio source appears in video,Watch a 10 second video clip and tell us when the source of a labeled sound appears in the frame of the video,"annotating, video, audio",$0.07,Wed Jul 11 08:09:39 PDT 2018,2,BatchId:3298771;OriginalHitTemplateId:920937336;,3600,432000,Mon Jul 23 08:14:38 PDT 2018,,,3QBD8R3Z23T700I9GQVBX5IUD3W4OO,A2VE5IV9OD2SK1,Approved,Mon Jul 16 10:07:46 PDT 2018,Mon Jul 16 10:09:51 PDT 2018,Sat Jul 21 10:09:51 PDT 2018,Mon Jul 16 11:35:35 PDT 2018,,,125,100% (296/297),100% (296/297),100% (287/288),AAJ0TACccMg,9,19,Computer keyboard,Sounds created by a typewriter-style device which uses an arrangement of buttons or keys controlling switches to enter text or other information into a computer or other electronic device.,1,1,{},1,temporal,{},1,1,1,1,1,1,1,1,1,1,1,0,1,1,1,1,1,1,1,1,1,1,1,1,1,0,0,0,0,0,0,0,0,0,0,0,0,0,0,0,{},"Mozilla/5.0 (Windows NT 6.1; WOW64) AppleWebKit/537.36 (KHTML, like Gecko) Chrome/67.0.3396.99 Safari/537.36",0,AAJ0TACccMg,,
31N9JPQXIQSG878Y4GAFOLV6618NHC,3CM00QMEUMWAO45EUQFF7TCUAYEW69,Annotate when audio source appears in video,Watch a 10 second video clip and tell us when the source of a labeled sound appears in the frame of the video,"annotating, video, audio",$0.07,Wed Jul 11 08:09:39 PDT 2018,2,BatchId:3298771;OriginalHitTemplateId:920937336;,3600,432000,Mon Jul 23 08:14:38 PDT 2018,,,3UWN2HHPU0F8K0K85CRGGJYV0KUSNP,A37AJI03M37NPJ,Rejected,Wed Jul 11 08:29:53 PDT 2018,Wed Jul 11 08:30:49 PDT 2018,Mon Jul 16 08:30:49 PDT 2018,,Mon Jul 16 08:14:38 PDT 2018,Did not annotate the video properly and did not click to expand the instructions,56,0% (0/1),0% (0/1),0% (0/1),AAJ0TACccMg,9,19,Computer keyboard,Sounds created by a typewriter-style device which uses an arrangement of buttons or keys controlling switches to enter text or other information into a computer or other electronic device.,0,1,{},1,temporal,{},1,0,0,0,0,0,0,0,0,0,0,0,0,0,0,0,0,0,0,0,0,0,0,0,0,0,0,0,0,0,0,0,0,0,0,0,0,0,0,0,{},"Mozilla/5.0 (Windows NT 10.0; Win64; x64) AppleWebKit/537.36 (KHTML, like Gecko) Chrome/67.0.3396.62 Safari/537.36",0,AAJ0TACccMg,,
35NNO802AW6G42JIAYS0OXWL6ENNI5,3CM00QMEUMWAO45EUQFF7TCUAYEW69,Annotate when audio source appears in video,Watch a 10 second video clip and tell us when the source of a labeled sound appears in the frame of the video,"annotating, video, audio",$0.07,Wed Jul 11 08:09:39 PDT 2018,1,BatchId:3298771;OriginalHitTemplateId:920937336;,3600,432000,Wed Jul 18 08:09:39 PDT 2018,,,3LRKMWOKB7R9WQHTELN4KOS0C5QZ2Z,A1BZCPIW6IAXA8,Approved,Wed Jul 11 09:52:40 PDT 2018,Wed Jul 11 09:53:00 PDT 2018,Mon Jul 16 09:53:00 PDT 2018,Mon Jul 16 09:26:54 PDT 2018,,,20,100% (41/41),100% (41/41),100% (40/40),TKS5RoNwM9U,30,40,Computer keyboard,Sounds created by a typewriter-style device which uses an arrangement of buttons or keys controlling switches to enter text or other information into a computer or other electronic device.,0,1,{},1,temporal,{},0,1,1,1,1,1,1,1,1,1,1,0,0,1,1,1,1,1,1,1,0,0,1,1,1,1,1,1,1,1,1,1,1,0,0,0,0,0,0,0,{},Mozilla/5.0 (Windows NT 10.0; WOW64; Trident/7.0; .NET4.0C; .NET4.0E; .NET CLR 2.0.50727; .NET CLR 3.0.30729; .NET CLR 3.5.30729; rv:11.0) like Gecko,0,TKS5RoNwM9U,,
31GN6YMHLQ2VLAVS7BD1OIFZ8OTSWT,3CM00QMEUMWAO45EUQFF7TCUAYEW69,Annotate when audio source appears in video,Watch a 10 second video clip and tell us when the source of a labeled sound appears in the frame of the video,"annotating, video, audio",$0.07,Wed Jul 11 08:09:39 PDT 2018,1,BatchId:3298771;OriginalHitTemplateId:920937336;,3600,432000,Wed Jul 18 08:09:39 PDT 2018,,,3TMFV4NEPAOGOAEDJFCYVBBLH2W8W1,A20F1SLHKHBUT3,Approved,Wed Jul 11 08:47:10 PDT 2018,Wed Jul 11 08:53:56 PDT 2018,Mon Jul 16 08:53:56 PDT 2018,2018-07-16 15:54:00 UTC,,,406,100% (674/674),100% (674/674),100% (574/574),Fm6duB3_A6U,10,20,Computer keyboard,Sounds created by a typewriter-style device which uses an arrangement of buttons or keys controlling switches to enter text or other information into a computer or other electronic device.,0,1,{},1,temporal,{},1,1,1,1,1,1,1,1,1,1,1,1,1,1,1,1,1,1,1,1,1,1,1,1,1,1,1,1,1,1,1,1,1,1,1,1,1,1,1,1,{},"Mozilla/5.0 (Windows NT 6.1; Win64; x64) AppleWebKit/537.36 (KHTML, like Gecko) Chrome/67.0.3396.99 Safari/537.36",0,Fm6duB3_A6U,,
33J5JKFMK78MHWER5NDUOLP1S7DQ3V,3CM00QMEUMWAO45EUQFF7TCUAYEW69,Annotate when audio source appears in video,Watch a 10 second video clip and tell us when the source of a labeled sound appears in the frame of the video,"annotating, video, audio",$0.07,Wed Jul 11 08:09:40 PDT 2018,1,BatchId:3298771;OriginalHitTemplateId:920937336;,3600,432000,Wed Jul 18 08:09:40 PDT 2018,,,3SNLUL3WO6XYBD9RI461ISCUGNRLUA,A20F1SLHKHBUT3,Approved,Wed Jul 11 09:12:44 PDT 2018,Wed Jul 11 09:20:22 PDT 2018,Mon Jul 16 09:20:22 PDT 2018,2018-07-16 16:21:00 UTC,,,458,100% (674/674),100% (674/674),100% (574/574),s0_iNCOiHUQ,30,40,Computer keyboard,Sounds created by a typewriter-style device which uses an arrangement of buttons or keys controlling switches to enter text or other information into a computer or other electronic device.,0,1,{},1,temporal,{},1,1,1,1,1,1,1,1,1,1,1,1,1,1,1,1,1,1,1,1,1,1,1,1,1,1,1,1,1,1,1,1,1,1,1,1,1,1,1,1,{},"Mozilla/5.0 (Windows NT 6.1; Win64; x64) AppleWebKit/537.36 (KHTML, like Gecko) Chrome/67.0.3396.99 Safari/537.36",0,s0_iNCOiHUQ,,
32K26U12DOYC4WC5KBDG7HAL0CHVDS,3CM00QMEUMWAO45EUQFF7TCUAYEW69,Annotate when audio source appears in video,Watch a 10 second video clip and tell us when the source of a labeled sound appears in the frame of the video,"annotating, video, audio",$0.07,Wed Jul 11 08:09:40 PDT 2018,1,BatchId:3298771;OriginalHitTemplateId:920937336;,3600,432000,Wed Jul 18 08:09:40 PDT 2018,,,3TMFV4NEPAOGOAEDJFCYVBBLH2V8W0,A2FDINLTXSSBZ2,Approved,Wed Jul 11 08:45:12 PDT 2018,Wed Jul 11 08:47:13 PDT 2018,Mon Jul 16 08:47:13 PDT 2018,2018-07-16 15:48:00 UTC,,,121,100% (55/55),100% (55/55),100% (55/55),VgscjXNAKDg,30,40,Computer keyboard,Sounds created by a typewriter-style device which uses an arrangement of buttons or keys controlling switches to enter text or other information into a computer or other electronic device.,0,1,{},1,temporal,{},1,1,1,1,1,1,1,1,1,1,1,1,1,1,1,1,1,1,1,1,1,1,1,1,1,1,1,1,1,1,1,1,1,1,1,1,1,1,1,1,{},"Mozilla/5.0 (Windows NT 6.1; WOW64) AppleWebKit/537.36 (KHTML, like Gecko) Chrome/67.0.3396.99 Safari/537.36",0,VgscjXNAKDg,,
3SBX2M1TKEX7ZSXV51IDYQH7679Q4G,3CM00QMEUMWAO45EUQFF7TCUAYEW69,Annotate when audio source appears in video,Watch a 10 second video clip and tell us when the source of a labeled sound appears in the frame of the video,"annotating, video, audio",$0.07,Wed Jul 11 08:09:40 PDT 2018,1,BatchId:3298771;OriginalHitTemplateId:920937336;,3600,432000,Wed Jul 18 08:09:40 PDT 2018,,,3FTYUGLFSWVYSMVK4M05R3C98X4D5C,A2FDINLTXSSBZ2,Approved,Wed Jul 11 09:41:47 PDT 2018,Wed Jul 11 09:43:00 PDT 2018,Mon Jul 16 09:43:00 PDT 2018,Mon Jul 16 09:27:28 PDT 2018,,,73,100% (55/55),100% (55/55),100% (55/55),npdNgcopcoc,100,110,Computer keyboard,Sounds created by a typewriter-style device which uses an arrangement of buttons or keys controlling switches to enter text or other information into a computer or other electronic device.,0,1,{},1,temporal,{},1,1,1,1,1,1,1,1,1,1,1,1,1,1,1,1,1,1,1,1,1,1,1,1,1,1,1,1,1,1,1,1,1,1,1,1,1,1,1,1,{},"Mozilla/5.0 (Windows NT 6.1; WOW64) AppleWebKit/537.36 (KHTML, like Gecko) Chrome/67.0.3396.99 Safari/537.36",0,npdNgcopcoc,,
31J7RYECZM0FGWKZQERFJ6BAKHCL19,3CM00QMEUMWAO45EUQFF7TCUAYEW69,Annotate when audio source appears in video,Watch a 10 second video clip and tell us when the source of a labeled sound appears in the frame of the video,"annotating, video, audio",$0.07,Wed Jul 11 08:09:40 PDT 2018,1,BatchId:3298771;OriginalHitTemplateId:920937336;,3600,432000,Wed Jul 18 08:09:40 PDT 2018,,,3RSDURM96CW1MGJ4BJGM8ISN3E9YE6,A1BZCPIW6IAXA8,Approved,Wed Jul 11 09:43:02 PDT 2018,Wed Jul 11 09:43:43 PDT 2018,Mon Jul 16 09:43:43 PDT 2018,Mon Jul 16 09:26:54 PDT 2018,,,41,100% (41/41),100% (41/41),100% (40/40),MSuBpTNRJYE,450,460,Computer keyboard,Sounds created by a typewriter-style device which uses an arrangement of buttons or keys controlling switches to enter text or other information into a computer or other electronic device.,0,1,{},1,temporal,{},0,0,0,0,0,0,0,0,0,0,0,0,0,0,0,0,0,1,1,1,1,1,1,1,1,1,1,1,1,1,1,1,1,0,0,0,0,0,0,0,{},Mozilla/5.0 (Windows NT 10.0; WOW64; Trident/7.0; .NET4.0C; .NET4.0E; .NET CLR 2.0.50727; .NET CLR 3.0.30729; .NET CLR 3.5.30729; rv:11.0) like Gecko,0,MSuBpTNRJYE,,
37Y5RYYI0QFAAA0IHG9NQ1T6HQZSXM,3CM00QMEUMWAO45EUQFF7TCUAYEW69,Annotate when audio source appears in video,Watch a 10 second video clip and tell us when the source of a labeled sound appears in the frame of the video,"annotating, video, audio",$0.07,Wed Jul 11 08:09:40 PDT 2018,1,BatchId:3298771;OriginalHitTemplateId:920937336;,3600,432000,Wed Jul 18 08:09:40 PDT 2018,,,33M4IA01QIB1VFYZSTEKOBKXGX8RX9,A20F1SLHKHBUT3,Approved,Wed Jul 11 09:54:06 PDT 2018,Wed Jul 11 10:28:57 PDT 2018,Mon Jul 16 10:28:57 PDT 2018,Mon Jul 16 09:27:19 PDT 2018,,,2091,100% (674/674),100% (674/674),100% (574/574),5sDWZTfFnBg,190,200,Computer keyboard,Sounds created by a typewriter-style device which uses an arrangement of buttons or keys controlling switches to enter text or other information into a computer or other electronic device.,0,1,{},1,temporal,{},1,1,1,0,1,1,1,1,1,1,1,1,1,1,1,0,0,0,0,0,0,0,0,0,0,0,0,0,0,0,0,0,0,0,0,0,0,0,0,0,{},"Mozilla/5.0 (Windows NT 6.1; Win64; x64) AppleWebKit/537.36 (KHTML, like Gecko) Chrome/67.0.3396.99 Safari/537.36",0,5sDWZTfFnBg,,
3J6BHNX0UA27AX96A1DC1DBYYICNKG,3CM00QMEUMWAO45EUQFF7TCUAYEW69,Annotate when audio source appears in video,Watch a 10 second video clip and tell us when the source of a labeled sound appears in the frame of the video,"annotating, video, audio",$0.07,Wed Jul 11 08:09:40 PDT 2018,1,BatchId:3298771;OriginalHitTemplateId:920937336;,3600,432000,Wed Jul 18 08:09:40 PDT 2018,,,3E4GGUZ1TA1E7VI7EKKUX94N8WZ2K2,AB2FIHXK5NFV7,Approved,Wed Jul 11 09:00:41 PDT 2018,Wed Jul 11 09:01:25 PDT 2018,Mon Jul 16 09:01:25 PDT 2018,2018-07-16 16:02:00 UTC,,,44,100% (10/10),100% (10/10),100% (10/10),xpqxIDIhbPc,30,40,Computer keyboard,Sounds created by a typewriter-style device which uses an arrangement of buttons or keys controlling switches to enter text or other information into a computer or other electronic device.,0,1,{},1,temporal,{},1,1,1,1,1,1,1,1,1,1,1,1,1,1,1,1,1,1,1,1,1,1,1,1,1,1,1,1,1,1,1,1,1,1,1,1,1,1,1,1,{},"Mozilla/5.0 (Windows NT 10.0; Win64; x64) AppleWebKit/537.36 (KHTML, like Gecko) Chrome/67.0.3396.99 Safari/537.36",0,xpqxIDIhbPc,,
3K3G488TR3IPVB1VJ61N3INL6345Q0,3CM00QMEUMWAO45EUQFF7TCUAYEW69,Annotate when audio source appears in video,Watch a 10 second video clip and tell us when the source of a labeled sound appears in the frame of the video,"annotating, video, audio",$0.07,Wed Jul 11 08:09:40 PDT 2018,1,BatchId:3298771;OriginalHitTemplateId:920937336;,3600,432000,Wed Jul 18 08:09:40 PDT 2018,,,3LKC68YZ3CDJ921TQW1USX1LW87WO1,A20F1SLHKHBUT3,Approved,Wed Jul 11 09:16:25 PDT 2018,Wed Jul 11 09:23:00 PDT 2018,Mon Jul 16 09:23:00 PDT 2018,2018-07-16 16:24:00 UTC,,,395,100% (674/674),100% (674/674),100% (574/574),xfuEk-DdUbY,80,90,Computer keyboard,Sounds created by a typewriter-style device which uses an arrangement of buttons or keys controlling switches to enter text or other information into a computer or other electronic device.,0,1,{},1,temporal,{},1,1,1,1,1,1,1,1,1,1,1,1,1,1,1,1,1,1,1,1,1,1,1,1,1,1,1,1,1,1,1,1,1,1,1,1,1,1,1,1,{},"Mozilla/5.0 (Windows NT 6.1; Win64; x64) AppleWebKit/537.36 (KHTML, like Gecko) Chrome/67.0.3396.99 Safari/537.36",0,xfuEk-DdUbY,,
3K3G488TR3IPVB1VJ61N3INL634Q5L,3CM00QMEUMWAO45EUQFF7TCUAYEW69,Annotate when audio source appears in video,Watch a 10 second video clip and tell us when the source of a labeled sound appears in the frame of the video,"annotating, video, audio",$0.07,Wed Jul 11 08:09:40 PDT 2018,1,BatchId:3298771;OriginalHitTemplateId:920937336;,3600,432000,Wed Jul 18 08:09:40 PDT 2018,,,38F5OAUN5PMUR6E5EBYSG853RVV7HX,A7DBZQLTQDDPM,Approved,Wed Jul 11 09:50:30 PDT 2018,Wed Jul 11 09:51:18 PDT 2018,Mon Jul 16 09:51:18 PDT 2018,Mon Jul 16 09:27:31 PDT 2018,,,48,100% (33/33),100% (33/33),100% (33/33),_ZstcEd3GHU,20,30,Computer keyboard,Sounds created by a typewriter-style device which uses an arrangement of buttons or keys controlling switches to enter text or other information into a computer or other electronic device.,0,1,{},1,temporal,{},0,0,0,0,0,0,0,0,0,0,0,0,0,0,0,0,0,0,0,0,0,0,0,0,0,0,0,0,0,0,0,0,0,0,0,1,0,0,0,1,{},"Mozilla/5.0 (Windows NT 10.0; Win64; x64) AppleWebKit/537.36 (KHTML, like Gecko) Chrome/64.0.3282.140 Safari/537.36 Edge/17.17134",0,_ZstcEd3GHU,,
3N2YPY1GI78HW2Q5G6O0DZS60OIVEL,3CM00QMEUMWAO45EUQFF7TCUAYEW69,Annotate when audio source appears in video,Watch a 10 second video clip and tell us when the source of a labeled sound appears in the frame of the video,"annotating, video, audio",$0.07,Wed Jul 11 08:09:40 PDT 2018,1,BatchId:3298771;OriginalHitTemplateId:920937336;,3600,432000,Wed Jul 18 08:09:40 PDT 2018,,,3IQ1VMJRYVUJV2UKN2MKDI959P8A9E,A20F1SLHKHBUT3,Approved,Wed Jul 11 08:35:21 PDT 2018,Wed Jul 11 08:42:36 PDT 2018,Mon Jul 16 08:42:36 PDT 2018,2018-07-16 15:43:00 UTC,,,435,100% (674/674),100% (674/674),100% (574/574),ajydbgxFmRs,0,10,Computer keyboard,Sounds created by a typewriter-style device which uses an arrangement of buttons or keys controlling switches to enter text or other information into a computer or other electronic device.,0,1,{},1,temporal,{},0,0,0,0,0,0,0,0,1,1,1,1,1,1,1,1,1,0,0,0,0,0,1,1,1,0,0,0,0,0,0,0,0,0,0,0,0,0,0,0,{},"Mozilla/5.0 (Windows NT 6.1; Win64; x64) AppleWebKit/537.36 (KHTML, like Gecko) Chrome/67.0.3396.99 Safari/537.36",0,ajydbgxFmRs,,
3Y3CZJSZ9L3P7CGVWLQN88XQ2P65R1,3CM00QMEUMWAO45EUQFF7TCUAYEW69,Annotate when audio source appears in video,Watch a 10 second video clip and tell us when the source of a labeled sound appears in the frame of the video,"annotating, video, audio",$0.07,Wed Jul 11 08:09:40 PDT 2018,1,BatchId:3298771;OriginalHitTemplateId:920937336;,3600,432000,Wed Jul 18 08:09:40 PDT 2018,,,3H8DHMCCWBL1A5GNB94BTSVR5NRKDW,A2FDINLTXSSBZ2,Approved,Wed Jul 11 09:14:07 PDT 2018,Wed Jul 11 09:15:40 PDT 2018,Mon Jul 16 09:15:40 PDT 2018,2018-07-16 16:16:00 UTC,,,93,100% (55/55),100% (55/55),100% (55/55),e-mE4er8HNc,100,110,Computer keyboard,Sounds created by a typewriter-style device which uses an arrangement of buttons or keys controlling switches to enter text or other information into a computer or other electronic device.,0,1,{},1,temporal,{},1,1,1,1,1,1,1,1,1,1,1,1,1,1,1,1,1,1,1,0,0,0,0,0,0,0,0,0,0,0,0,1,1,1,0,0,0,0,0,0,{},"Mozilla/5.0 (Windows NT 6.1; WOW64) AppleWebKit/537.36 (KHTML, like Gecko) Chrome/67.0.3396.99 Safari/537.36",0,e-mE4er8HNc,,
3PGQRAZX03UZAFQSMCVP9F0FJWTSYS,3CM00QMEUMWAO45EUQFF7TCUAYEW69,Annotate when audio source appears in video,Watch a 10 second video clip and tell us when the source of a labeled sound appears in the frame of the video,"annotating, video, audio",$0.07,Wed Jul 11 08:09:40 PDT 2018,1,BatchId:3298771;OriginalHitTemplateId:920937336;,3600,432000,Wed Jul 18 08:09:40 PDT 2018,,,36PW28KO4160QYL1VD265WAG0MOEAS,A2FDINLTXSSBZ2,Approved,Wed Jul 11 08:37:09 PDT 2018,Wed Jul 11 08:39:11 PDT 2018,Mon Jul 16 08:39:11 PDT 2018,2018-07-16 15:40:00 UTC,,,122,100% (55/55),100% (55/55),100% (55/55),gj4SNi_o9cE,30,40,Computer keyboard,Sounds created by a typewriter-style device which uses an arrangement of buttons or keys controlling switches to enter text or other information into a computer or other electronic device.,0,1,{},1,temporal,{},1,0,0,1,1,1,1,1,1,1,1,1,1,1,1,1,1,1,1,1,0,0,0,1,0,0,0,0,0,0,0,0,0,0,0,0,0,0,0,0,{},"Mozilla/5.0 (Windows NT 6.1; WOW64) AppleWebKit/537.36 (KHTML, like Gecko) Chrome/67.0.3396.99 Safari/537.36",0,gj4SNi_o9cE,,
3909MD9T20RS054FGRJWVDPKCUUEFG,3CM00QMEUMWAO45EUQFF7TCUAYEW69,Annotate when audio source appears in video,Watch a 10 second video clip and tell us when the source of a labeled sound appears in the frame of the video,"annotating, video, audio",$0.07,Wed Jul 11 08:09:40 PDT 2018,1,BatchId:3298771;OriginalHitTemplateId:920937336;,3600,432000,Wed Jul 18 08:09:40 PDT 2018,,,379J5II41QQHMHC5S4RWEAQRUYKLEE,A20F1SLHKHBUT3,Approved,Wed Jul 11 08:25:35 PDT 2018,Wed Jul 11 08:32:29 PDT 2018,Mon Jul 16 08:32:29 PDT 2018,2018-07-16 15:33:00 UTC,,,414,100% (674/674),100% (674/674),100% (574/574),gRrPwjaUlww,10,20,Computer keyboard,Sounds created by a typewriter-style device which uses an arrangement of buttons or keys controlling switches to enter text or other information into a computer or other electronic device.,0,1,{},1,temporal,{},1,1,1,1,1,1,1,1,1,1,1,1,1,1,1,1,1,1,1,1,1,1,1,1,1,1,1,1,1,1,1,1,1,1,1,1,1,1,1,1,{},"Mozilla/5.0 (Windows NT 6.1; Win64; x64) AppleWebKit/537.36 (KHTML, like Gecko) Chrome/67.0.3396.99 Safari/537.36",0,gRrPwjaUlww,,
37ZQELHEQ1820L99VDQSGQ32NN7NML,3CM00QMEUMWAO45EUQFF7TCUAYEW69,Annotate when audio source appears in video,Watch a 10 second video clip and tell us when the source of a labeled sound appears in the frame of the video,"annotating, video, audio",$0.07,Wed Jul 11 08:09:40 PDT 2018,1,BatchId:3298771;OriginalHitTemplateId:920937336;,3600,432000,Wed Jul 18 08:09:40 PDT 2018,,,37UEWGM5HVIT5ED6L0TDT2GWBID1RB,A20F1SLHKHBUT3,Approved,Wed Jul 11 08:52:27 PDT 2018,Wed Jul 11 09:04:23 PDT 2018,Mon Jul 16 09:04:23 PDT 2018,2018-07-16 16:05:00 UTC,,,716,100% (674/674),100% (674/674),100% (574/574),IED1SktHzNA,40,50,Computer keyboard,Sounds created by a typewriter-style device which uses an arrangement of buttons or keys controlling switches to enter text or other information into a computer or other electronic device.,0,1,{},1,temporal,{},1,1,1,1,1,1,1,1,1,1,1,1,1,1,1,1,1,1,1,1,0,0,1,1,1,1,1,1,1,1,1,1,1,1,1,1,1,1,1,1,{},"Mozilla/5.0 (Windows NT 6.1; Win64; x64) AppleWebKit/537.36 (KHTML, like Gecko) Chrome/67.0.3396.99 Safari/537.36",0,IED1SktHzNA,,
3N3WJQXELT0M5H2V9IRTOPLFCNQL2Q,3CM00QMEUMWAO45EUQFF7TCUAYEW69,Annotate when audio source appears in video,Watch a 10 second video clip and tell us when the source of a labeled sound appears in the frame of the video,"annotating, video, audio",$0.07,Wed Jul 11 08:09:40 PDT 2018,1,BatchId:3298771;OriginalHitTemplateId:920937336;,3600,432000,Wed Jul 18 08:09:40 PDT 2018,,,3PB5A5BD0XGGRAJUU5GAV8T2CUSG7F,A20F1SLHKHBUT3,Approved,Wed Jul 11 08:17:58 PDT 2018,Wed Jul 11 08:28:47 PDT 2018,Mon Jul 16 08:28:47 PDT 2018,2018-07-16 15:29:00 UTC,,,649,100% (674/674),100% (674/674),100% (574/574),ReEqkThqK34,110,120,Computer keyboard,Sounds created by a typewriter-style device which uses an arrangement of buttons or keys controlling switches to enter text or other information into a computer or other electronic device.,0,1,{},1,temporal,{},0,0,0,0,0,0,0,0,0,0,0,0,0,0,0,0,0,0,0,0,0,0,1,1,1,0,0,0,0,0,0,0,0,0,0,0,0,0,1,1,{},"Mozilla/5.0 (Windows NT 6.1; Win64; x64) AppleWebKit/537.36 (KHTML, like Gecko) Chrome/67.0.3396.99 Safari/537.36",0,ReEqkThqK34,,
3H4IKZHALCS8I3U97E5ST5S2SDHNNL,3CM00QMEUMWAO45EUQFF7TCUAYEW69,Annotate when audio source appears in video,Watch a 10 second video clip and tell us when the source of a labeled sound appears in the frame of the video,"annotating, video, audio",$0.07,Wed Jul 11 08:09:40 PDT 2018,1,BatchId:3298771;OriginalHitTemplateId:920937336;,3600,432000,Wed Jul 18 08:09:40 PDT 2018,,,30ZX6P7VFA5JWBCPWZKIWU4AT6UJ2D,A20F1SLHKHBUT3,Approved,Wed Jul 11 08:44:56 PDT 2018,Wed Jul 11 08:51:41 PDT 2018,Mon Jul 16 08:51:41 PDT 2018,2018-07-16 15:52:00 UTC,,,405,100% (674/674),100% (674/674),100% (574/574),PYqzmRF42RU,10,20,Computer keyboard,Sounds created by a typewriter-style device which uses an arrangement of buttons or keys controlling switches to enter text or other information into a computer or other electronic device.,0,1,{},1,temporal,{},1,1,1,1,1,1,1,1,1,1,1,1,1,1,1,1,1,1,1,1,1,1,1,1,1,1,1,1,1,1,1,1,1,1,1,1,1,1,1,1,{},"Mozilla/5.0 (Windows NT 6.1; Win64; x64) AppleWebKit/537.36 (KHTML, like Gecko) Chrome/67.0.3396.99 Safari/537.36",0,PYqzmRF42RU,,
3S37Y8CWI9ACJPTHHAHJQFZTU8QW4Q,3CM00QMEUMWAO45EUQFF7TCUAYEW69,Annotate when audio source appears in video,Watch a 10 second video clip and tell us when the source of a labeled sound appears in the frame of the video,"annotating, video, audio",$0.07,Wed Jul 11 08:09:54 PDT 2018,1,BatchId:3298771;OriginalHitTemplateId:920937336;,3600,432000,Wed Jul 18 08:09:54 PDT 2018,,,3NXNZ5RS1C71C0WMGZA03R7F8IQ79A,A1BZCPIW6IAXA8,Approved,Wed Jul 11 10:00:36 PDT 2018,Wed Jul 11 10:00:54 PDT 2018,Mon Jul 16 10:00:54 PDT 2018,Mon Jul 16 09:26:55 PDT 2018,,,18,100% (41/41),100% (41/41),100% (40/40),_eJr86Ywo9Y,17,27,Computer keyboard,Sounds created by a typewriter-style device which uses an arrangement of buttons or keys controlling switches to enter text or other information into a computer or other electronic device.,0,1,{},1,temporal,{},1,1,1,1,1,1,1,1,1,1,1,1,1,1,1,1,1,1,1,1,1,1,1,1,1,1,1,1,1,1,1,1,1,1,1,1,1,1,1,1,{},Mozilla/5.0 (Windows NT 10.0; WOW64; Trident/7.0; .NET4.0C; .NET4.0E; .NET CLR 2.0.50727; .NET CLR 3.0.30729; .NET CLR 3.5.30729; rv:11.0) like Gecko,0,_eJr86Ywo9Y,,
3XJOUITW8V1RGDCLK2JL6YTZM6QTQF,3CM00QMEUMWAO45EUQFF7TCUAYEW69,Annotate when audio source appears in video,Watch a 10 second video clip and tell us when the source of a labeled sound appears in the frame of the video,"annotating, video, audio",$0.07,Wed Jul 11 08:09:54 PDT 2018,1,BatchId:3298771;OriginalHitTemplateId:920937336;,3600,432000,Wed Jul 18 08:09:54 PDT 2018,,,3JV9LGBJWVONCGBTBRXC6UFX2KSOG5,A20F1SLHKHBUT3,Approved,Wed Jul 11 09:52:14 PDT 2018,Wed Jul 11 10:12:54 PDT 2018,Mon Jul 16 10:12:54 PDT 2018,Mon Jul 16 09:27:22 PDT 2018,,,1240,100% (674/674),100% (674/674),100% (574/574),0QhsgW-yDmE,30,40,Computer keyboard,Sounds created by a typewriter-style device which uses an arrangement of buttons or keys controlling switches to enter text or other information into a computer or other electronic device.,0,1,{},1,temporal,{},1,1,1,1,1,1,1,1,1,1,1,1,1,1,1,1,1,1,1,1,1,1,1,1,1,1,1,1,1,1,1,1,1,1,1,1,1,1,1,1,{},"Mozilla/5.0 (Windows NT 6.1; Win64; x64) AppleWebKit/537.36 (KHTML, like Gecko) Chrome/67.0.3396.99 Safari/537.36",0,0QhsgW-yDmE,,
3QTFNPMJC7S2ZS8SA2GMOSZB2RPNZ2,3CM00QMEUMWAO45EUQFF7TCUAYEW69,Annotate when audio source appears in video,Watch a 10 second video clip and tell us when the source of a labeled sound appears in the frame of the video,"annotating, video, audio",$0.07,Wed Jul 11 08:09:54 PDT 2018,1,BatchId:3298771;OriginalHitTemplateId:920937336;,3600,432000,Wed Jul 18 08:09:54 PDT 2018,,,3WSELTNVR5C2FH3YL8R14IAH3XKATP,A3L2DEL4LQASFF,Approved,Wed Jul 11 09:08:28 PDT 2018,Wed Jul 11 09:09:13 PDT 2018,Mon Jul 16 09:09:13 PDT 2018,2018-07-16 16:10:00 UTC,,,45,100% (6/6),100% (6/6),100% (6/6),pg6sXn6QKsw,30,40,Computer keyboard,Sounds created by a typewriter-style device which uses an arrangement of buttons or keys controlling switches to enter text or other information into a computer or other electronic device.,0,1,{},1,temporal,{},1,1,1,1,1,1,1,1,1,1,1,1,1,1,1,1,1,1,1,1,1,1,0,0,1,1,1,1,1,1,1,1,1,1,1,1,1,1,1,1,{},"Mozilla/5.0 (Windows NT 10.0; Win64; x64) AppleWebKit/537.36 (KHTML, like Gecko) Chrome/67.0.3396.99 Safari/537.36",0,pg6sXn6QKsw,,
3BAKUKE49IMQJUFCVYOB5IK9Q91R15,3CM00QMEUMWAO45EUQFF7TCUAYEW69,Annotate when audio source appears in video,Watch a 10 second video clip and tell us when the source of a labeled sound appears in the frame of the video,"annotating, video, audio",$0.07,Wed Jul 11 08:09:54 PDT 2018,1,BatchId:3298771;OriginalHitTemplateId:920937336;,3600,432000,Wed Jul 18 08:09:54 PDT 2018,,,3RSDURM96CW1MGJ4BJGM8ISN3E2YEZ,A23T1XULH2EIZI,Approved,Wed Jul 11 09:19:05 PDT 2018,Wed Jul 11 09:19:58 PDT 2018,Mon Jul 16 09:19:58 PDT 2018,2018-07-16 16:20:00 UTC,,,53,100% (21/21),100% (21/21),100% (21/21),CKQQIkz052U,10,20,Computer keyboard,Sounds created by a typewriter-style device which uses an arrangement of buttons or keys controlling switches to enter text or other information into a computer or other electronic device.,0,1,{},1,temporal,{},1,1,1,1,1,1,0,0,0,0,0,0,0,0,0,0,0,1,1,1,0,0,0,0,0,0,0,0,0,0,0,0,1,1,1,1,0,0,0,1,{},"Mozilla/5.0 (Windows NT 10.0; Win64; x64) AppleWebKit/537.36 (KHTML, like Gecko) Chrome/59.0.3071.104 Safari/537.36",0,CKQQIkz052U,,
3KVQ0UJWPYVUF8XHVF0TV757U4LW5V,3CM00QMEUMWAO45EUQFF7TCUAYEW69,Annotate when audio source appears in video,Watch a 10 second video clip and tell us when the source of a labeled sound appears in the frame of the video,"annotating, video, audio",$0.07,Wed Jul 11 08:09:54 PDT 2018,1,BatchId:3298771;OriginalHitTemplateId:920937336;,3600,432000,Wed Jul 18 08:09:54 PDT 2018,,,36V4Q8R5ZMAQP2KV17NB84UUD7MQMN,A20F1SLHKHBUT3,Approved,Wed Jul 11 09:51:57 PDT 2018,Wed Jul 11 10:12:29 PDT 2018,Mon Jul 16 10:12:29 PDT 2018,Mon Jul 16 09:27:22 PDT 2018,,,1232,100% (674/674),100% (674/674),100% (574/574),2lmNggCzw3g,20,30,Computer keyboard,Sounds created by a typewriter-style device which uses an arrangement of buttons or keys controlling switches to enter text or other information into a computer or other electronic device.,0,1,low volume,1,temporal,{},0,1,1,1,1,1,1,1,1,1,1,1,1,1,1,1,1,1,1,1,1,1,1,1,1,1,1,1,1,1,1,1,1,1,1,1,1,1,1,1,{},"Mozilla/5.0 (Windows NT 6.1; Win64; x64) AppleWebKit/537.36 (KHTML, like Gecko) Chrome/67.0.3396.99 Safari/537.36",0,2lmNggCzw3g,,
35ZRNT9RUJ8JWK1BQALQZGU1D6VO3L,3CM00QMEUMWAO45EUQFF7TCUAYEW69,Annotate when audio source appears in video,Watch a 10 second video clip and tell us when the source of a labeled sound appears in the frame of the video,"annotating, video, audio",$0.07,Wed Jul 11 08:09:54 PDT 2018,1,BatchId:3298771;OriginalHitTemplateId:920937336;,3600,432000,Wed Jul 18 08:09:54 PDT 2018,,,36H9ULYP6443X5O1KUZPGDYZ2B2JF2,A2FDINLTXSSBZ2,Approved,Wed Jul 11 08:55:47 PDT 2018,Wed Jul 11 08:59:15 PDT 2018,Mon Jul 16 08:59:15 PDT 2018,2018-07-16 16:00:00 UTC,,,208,100% (55/55),100% (55/55),100% (55/55),kY28PILvPoI,30,40,Computer keyboard,Sounds created by a typewriter-style device which uses an arrangement of buttons or keys controlling switches to enter text or other information into a computer or other electronic device.,0,1,{},1,temporal,{},1,1,1,1,1,1,1,1,0,0,0,0,1,0,0,1,1,1,1,1,0,1,1,1,1,1,1,1,1,1,1,1,1,0,1,1,0,0,0,0,{},"Mozilla/5.0 (Windows NT 6.1; WOW64) AppleWebKit/537.36 (KHTML, like Gecko) Chrome/67.0.3396.99 Safari/537.36",0,kY28PILvPoI,,
3DA79LNS5A5Z9C6JMR7PTQ0OCED3TN,3CM00QMEUMWAO45EUQFF7TCUAYEW69,Annotate when audio source appears in video,Watch a 10 second video clip and tell us when the source of a labeled sound appears in the frame of the video,"annotating, video, audio",$0.07,Wed Jul 11 08:09:54 PDT 2018,1,BatchId:3298771;OriginalHitTemplateId:920937336;,3600,432000,Wed Jul 18 08:09:54 PDT 2018,,,3U088ZLJVM3Y6L9AOBZJ2W53Y5HW01,A17QOXEHIKQZW1,Approved,Wed Jul 11 10:43:13 PDT 2018,Wed Jul 11 10:43:53 PDT 2018,Mon Jul 16 10:43:53 PDT 2018,Mon Jul 16 09:26:53 PDT 2018,,,40,100% (21/21),100% (21/21),100% (21/21),Da2qpPq1d0s,0,10,Computer keyboard,Sounds created by a typewriter-style device which uses an arrangement of buttons or keys controlling switches to enter text or other information into a computer or other electronic device.,0,1,{},1,temporal,{},0,0,0,0,0,0,0,0,0,0,1,1,1,1,1,1,1,1,1,1,1,1,1,1,1,1,1,1,1,1,1,1,1,1,1,1,1,1,1,1,{},"Mozilla/5.0 (Windows NT 10.0; Win64; x64) AppleWebKit/537.36 (KHTML, like Gecko) Chrome/67.0.3396.99 Safari/537.36",0,Da2qpPq1d0s,,
3URJ6VVYUQX4EGKFQOQ99LM7R6RO46,3CM00QMEUMWAO45EUQFF7TCUAYEW69,Annotate when audio source appears in video,Watch a 10 second video clip and tell us when the source of a labeled sound appears in the frame of the video,"annotating, video, audio",$0.07,Wed Jul 11 08:09:54 PDT 2018,1,BatchId:3298771;OriginalHitTemplateId:920937336;,3600,432000,Wed Jul 18 08:09:54 PDT 2018,,,3LKC68YZ3CDJ921TQW1USX1LW8GOW2,A1BZCPIW6IAXA8,Approved,Wed Jul 11 09:45:50 PDT 2018,Wed Jul 11 09:46:14 PDT 2018,Mon Jul 16 09:46:14 PDT 2018,Mon Jul 16 09:26:56 PDT 2018,,,24,100% (41/41),100% (41/41),100% (40/40),nzBtSag14qc,60,70,Computer keyboard,Sounds created by a typewriter-style device which uses an arrangement of buttons or keys controlling switches to enter text or other information into a computer or other electronic device.,0,1,{},1,temporal,{},0,0,0,1,1,1,1,1,1,1,1,1,1,1,0,0,0,0,0,0,0,0,0,0,0,0,0,0,0,0,0,0,0,0,0,0,0,0,0,0,{},Mozilla/5.0 (Windows NT 10.0; WOW64; Trident/7.0; .NET4.0C; .NET4.0E; .NET CLR 2.0.50727; .NET CLR 3.0.30729; .NET CLR 3.5.30729; rv:11.0) like Gecko,0,nzBtSag14qc,,
3ECKRY5B1R6ALRX1DM3UJK3UGSVIZH,3CM00QMEUMWAO45EUQFF7TCUAYEW69,Annotate when audio source appears in video,Watch a 10 second video clip and tell us when the source of a labeled sound appears in the frame of the video,"annotating, video, audio",$0.07,Wed Jul 11 08:09:54 PDT 2018,1,BatchId:3298771;OriginalHitTemplateId:920937336;,3600,432000,Wed Jul 18 08:09:54 PDT 2018,,,33JKGHPFYE45M573LFVU4AZP8WPNMN,A20F1SLHKHBUT3,Approved,Wed Jul 11 09:18:22 PDT 2018,Wed Jul 11 09:24:32 PDT 2018,Mon Jul 16 09:24:32 PDT 2018,2018-07-16 16:25:00 UTC,,,370,100% (674/674),100% (674/674),100% (574/574),1MHcna5a2YY,30,40,Computer keyboard,Sounds created by a typewriter-style device which uses an arrangement of buttons or keys controlling switches to enter text or other information into a computer or other electronic device.,0,1,{},1,temporal,{},1,1,1,1,1,1,1,1,1,1,1,1,1,1,1,1,1,1,1,1,1,1,1,1,1,1,1,1,1,1,1,1,1,1,1,1,1,1,1,1,{},"Mozilla/5.0 (Windows NT 6.1; Win64; x64) AppleWebKit/537.36 (KHTML, like Gecko) Chrome/67.0.3396.99 Safari/537.36",0,1MHcna5a2YY,,
3TZDZ3Y0JTGKFUJQ1HOPEXKFKNW19T,3CM00QMEUMWAO45EUQFF7TCUAYEW69,Annotate when audio source appears in video,Watch a 10 second video clip and tell us when the source of a labeled sound appears in the frame of the video,"annotating, video, audio",$0.07,Wed Jul 11 08:09:54 PDT 2018,1,BatchId:3298771;OriginalHitTemplateId:920937336;,3600,432000,Wed Jul 18 08:09:54 PDT 2018,,,3R2PKQ87NYID84WCOZI2Z238MWNIMS,A20F1SLHKHBUT3,Approved,Wed Jul 11 08:47:59 PDT 2018,Wed Jul 11 08:54:52 PDT 2018,Mon Jul 16 08:54:52 PDT 2018,2018-07-16 15:55:00 UTC,,,413,100% (674/674),100% (674/674),100% (574/574),-xUhoCMM-fs,200,210,Computer keyboard,Sounds created by a typewriter-style device which uses an arrangement of buttons or keys controlling switches to enter text or other information into a computer or other electronic device.,0,1,{},1,temporal,{},1,1,1,1,1,1,1,1,1,0,0,0,1,1,1,1,0,0,0,0,1,1,1,1,0,0,0,1,1,1,1,1,1,1,1,1,1,1,1,1,{},"Mozilla/5.0 (Windows NT 6.1; Win64; x64) AppleWebKit/537.36 (KHTML, like Gecko) Chrome/67.0.3396.99 Safari/537.36",0,-xUhoCMM-fs,,
3BKZLF99009NXZBFU86KEFLE188YQ9,3CM00QMEUMWAO45EUQFF7TCUAYEW69,Annotate when audio source appears in video,Watch a 10 second video clip and tell us when the source of a labeled sound appears in the frame of the video,"annotating, video, audio",$0.07,Wed Jul 11 08:09:55 PDT 2018,1,BatchId:3298771;OriginalHitTemplateId:920937336;,3600,432000,Wed Jul 18 08:09:55 PDT 2018,,,34MAJL3QP6XIEBPNXSBJ92KJHON342,A2FDINLTXSSBZ2,Approved,Wed Jul 11 09:50:53 PDT 2018,Wed Jul 11 09:54:04 PDT 2018,Mon Jul 16 09:54:04 PDT 2018,Mon Jul 16 09:27:29 PDT 2018,,,191,100% (55/55),100% (55/55),100% (55/55),vPiZTCM3Zis,60,70,Computer keyboard,Sounds created by a typewriter-style device which uses an arrangement of buttons or keys controlling switches to enter text or other information into a computer or other electronic device.,0,1,{},1,temporal,{},1,1,0,0,1,1,1,1,1,1,1,1,1,1,1,1,1,1,0,0,0,0,0,0,0,0,0,0,0,0,0,0,0,0,0,0,0,0,0,0,{},"Mozilla/5.0 (Windows NT 6.1; WOW64) AppleWebKit/537.36 (KHTML, like Gecko) Chrome/67.0.3396.99 Safari/537.36",0,vPiZTCM3Zis,,
3J5XXLQDHNLEM4A8RM74U8O99ZT3V3,3CM00QMEUMWAO45EUQFF7TCUAYEW69,Annotate when audio source appears in video,Watch a 10 second video clip and tell us when the source of a labeled sound appears in the frame of the video,"annotating, video, audio",$0.07,Wed Jul 11 08:09:55 PDT 2018,1,BatchId:3298771;OriginalHitTemplateId:920937336;,3600,432000,Wed Jul 18 08:09:55 PDT 2018,,,3YMU66OBIPIDKZP67E2MMLIWQYQHGM,A17QOXEHIKQZW1,Approved,Wed Jul 11 10:29:55 PDT 2018,Wed Jul 11 10:31:59 PDT 2018,Mon Jul 16 10:31:59 PDT 2018,Mon Jul 16 09:26:53 PDT 2018,,,124,100% (21/21),100% (21/21),100% (21/21),PKYbo24VNn4,250,260,Computer keyboard,Sounds created by a typewriter-style device which uses an arrangement of buttons or keys controlling switches to enter text or other information into a computer or other electronic device.,0,1,{},1,temporal,{},0,0,0,0,0,0,0,0,0,0,0,0,0,0,0,0,0,0,0,0,0,0,0,0,0,1,1,1,1,1,1,1,1,1,1,1,0,0,0,0,{},"Mozilla/5.0 (Windows NT 10.0; Win64; x64) AppleWebKit/537.36 (KHTML, like Gecko) Chrome/67.0.3396.99 Safari/537.36",0,PKYbo24VNn4,,
33BFF6QPI2LR1TADHWC0GA7NG8V3WD,3CM00QMEUMWAO45EUQFF7TCUAYEW69,Annotate when audio source appears in video,Watch a 10 second video clip and tell us when the source of a labeled sound appears in the frame of the video,"annotating, video, audio",$0.07,Wed Jul 11 08:09:55 PDT 2018,1,BatchId:3298771;OriginalHitTemplateId:920937336;,3600,432000,Wed Jul 18 08:09:55 PDT 2018,,,3K5TEWLKGXLWYRQL2RJTMYMLDQ2IVE,AB2FIHXK5NFV7,Approved,Wed Jul 11 08:59:01 PDT 2018,Wed Jul 11 09:00:00 PDT 2018,Mon Jul 16 09:00:00 PDT 2018,2018-07-16 16:01:00 UTC,,,59,100% (10/10),100% (10/10),100% (10/10),BC9bHFI5s28,230,240,Computer keyboard,Sounds created by a typewriter-style device which uses an arrangement of buttons or keys controlling switches to enter text or other information into a computer or other electronic device.,0,1,{},1,temporal,{},1,1,1,1,1,1,1,1,1,1,1,1,1,1,1,1,1,1,1,1,1,1,1,1,1,1,1,1,1,1,1,1,0,0,0,0,0,0,0,0,{},"Mozilla/5.0 (Windows NT 10.0; Win64; x64) AppleWebKit/537.36 (KHTML, like Gecko) Chrome/67.0.3396.99 Safari/537.36",0,BC9bHFI5s28,,
39TX062QX2Y6QTF3R18MITLUPA13X6,3CM00QMEUMWAO45EUQFF7TCUAYEW69,Annotate when audio source appears in video,Watch a 10 second video clip and tell us when the source of a labeled sound appears in the frame of the video,"annotating, video, audio",$0.07,Wed Jul 11 08:09:55 PDT 2018,2,BatchId:3298771;OriginalHitTemplateId:920937336;,3600,432000,Mon Jul 23 08:07:19 PDT 2018,,,3A4TN5196MS03N915S63WUXHS5YHCA,A1PIWJSP8Q5UW7,Rejected,Wed Jul 11 08:26:56 PDT 2018,Wed Jul 11 08:28:44 PDT 2018,Mon Jul 16 08:28:44 PDT 2018,,Mon Jul 16 08:07:18 PDT 2018,You indicated that you can see and hear the source of the sound but no keyboard was shown.,108,67% (2/3),67% (2/3),67% (2/3),u9T94KwfRTQ,30,40,Computer keyboard,Sounds created by a typewriter-style device which uses an arrangement of buttons or keys controlling switches to enter text or other information into a computer or other electronic device.,0,1,{},1,temporal,{},1,1,1,0,1,1,1,1,1,1,1,1,1,0,1,1,1,0,0,0,0,0,0,0,0,0,0,0,0,1,1,0,1,0,0,0,0,1,0,0,{},"Mozilla/5.0 (Windows NT 10.0; Win64; x64) AppleWebKit/537.36 (KHTML, like Gecko) Chrome/67.0.3396.99 Safari/537.36",0,u9T94KwfRTQ,,
3BA7SXOG1K08UUZXUJXQKS7H4F7R8P,3CM00QMEUMWAO45EUQFF7TCUAYEW69,Annotate when audio source appears in video,Watch a 10 second video clip and tell us when the source of a labeled sound appears in the frame of the video,"annotating, video, audio",$0.07,Wed Jul 11 08:09:57 PDT 2018,1,BatchId:3298771;OriginalHitTemplateId:920937336;,3600,432000,Wed Jul 18 08:09:57 PDT 2018,,,3E13VNJ1NP5GCFANVDZ4FAF5OMF1IS,A20F1SLHKHBUT3,Approved,Wed Jul 11 10:04:27 PDT 2018,Wed Jul 11 10:40:15 PDT 2018,Mon Jul 16 10:40:15 PDT 2018,Mon Jul 16 09:27:23 PDT 2018,,,2148,100% (674/674),100% (674/674),100% (574/574),7ol75v_oW0E,30,40,Computer keyboard,Sounds created by a typewriter-style device which uses an arrangement of buttons or keys controlling switches to enter text or other information into a computer or other electronic device.,0,1,{},1,temporal,{},0,1,1,1,1,1,1,1,1,1,1,1,1,1,1,1,1,1,1,1,1,1,1,1,1,1,1,1,1,1,1,1,1,1,1,1,1,1,1,1,{},"Mozilla/5.0 (Windows NT 6.1; Win64; x64) AppleWebKit/537.36 (KHTML, like Gecko) Chrome/67.0.3396.99 Safari/537.36",0,7ol75v_oW0E,,
3GMLHYZ0LF7FPSIWBHQPOGI34TEYUE,3CM00QMEUMWAO45EUQFF7TCUAYEW69,Annotate when audio source appears in video,Watch a 10 second video clip and tell us when the source of a labeled sound appears in the frame of the video,"annotating, video, audio",$0.07,Wed Jul 11 08:09:56 PDT 2018,1,BatchId:3298771;OriginalHitTemplateId:920937336;,3600,432000,Wed Jul 18 08:09:56 PDT 2018,,,3IAS3U3I0HQDESED8771Y6LXL2T2BL,A20F1SLHKHBUT3,Approved,Wed Jul 11 09:11:02 PDT 2018,Wed Jul 11 09:18:41 PDT 2018,Mon Jul 16 09:18:41 PDT 2018,2018-07-16 16:19:00 UTC,,,459,100% (674/674),100% (674/674),100% (574/574),F_ZGfsFAp4k,130,140,Computer keyboard,Sounds created by a typewriter-style device which uses an arrangement of buttons or keys controlling switches to enter text or other information into a computer or other electronic device.,0,1,{},1,temporal,{},1,1,1,1,1,1,0,0,0,0,0,0,0,0,1,1,1,1,1,1,1,0,0,0,1,1,1,1,1,0,0,0,0,0,0,0,0,0,0,0,{},"Mozilla/5.0 (Windows NT 6.1; Win64; x64) AppleWebKit/537.36 (KHTML, like Gecko) Chrome/67.0.3396.99 Safari/537.36",0,F_ZGfsFAp4k,,
337F8MIIM0NJBZSWO3OYJKQPT3C40X,3CM00QMEUMWAO45EUQFF7TCUAYEW69,Annotate when audio source appears in video,Watch a 10 second video clip and tell us when the source of a labeled sound appears in the frame of the video,"annotating, video, audio",$0.07,Wed Jul 11 08:09:56 PDT 2018,1,BatchId:3298771;OriginalHitTemplateId:920937336;,3600,432000,Wed Jul 18 08:09:56 PDT 2018,,,3ZV9H2YQQFHUND877YH24U3A1HLW3G,A20F1SLHKHBUT3,Approved,Wed Jul 11 09:49:29 PDT 2018,Wed Jul 11 10:05:04 PDT 2018,Mon Jul 16 10:05:04 PDT 2018,Mon Jul 16 09:27:24 PDT 2018,,,935,100% (674/674),100% (674/674),100% (574/574),pInCa30uegI,60,70,Computer keyboard,Sounds created by a typewriter-style device which uses an arrangement of buttons or keys controlling switches to enter text or other information into a computer or other electronic device.,0,1,{},1,temporal,{},0,0,1,1,0,0,0,0,0,0,1,0,0,0,0,0,1,1,0,0,0,0,0,1,0,0,0,0,0,1,0,0,0,0,1,0,0,0,1,0,{},"Mozilla/5.0 (Windows NT 6.1; Win64; x64) AppleWebKit/537.36 (KHTML, like Gecko) Chrome/67.0.3396.99 Safari/537.36",0,pInCa30uegI,,
36GJS3V78W06PLM25C05AE2OIHQJG5,3CM00QMEUMWAO45EUQFF7TCUAYEW69,Annotate when audio source appears in video,Watch a 10 second video clip and tell us when the source of a labeled sound appears in the frame of the video,"annotating, video, audio",$0.07,Wed Jul 11 08:09:59 PDT 2018,1,BatchId:3298771;OriginalHitTemplateId:920937336;,3600,432000,Wed Jul 18 08:09:59 PDT 2018,,,3YMU66OBIPIDKZP67E2MMLIWQYJHGF,A20F1SLHKHBUT3,Approved,Wed Jul 11 10:07:09 PDT 2018,Wed Jul 11 10:44:26 PDT 2018,Mon Jul 16 10:44:26 PDT 2018,Mon Jul 16 09:27:24 PDT 2018,,,2237,100% (674/674),100% (674/674),100% (574/574),LD5yb1mWA0w,30,40,Computer keyboard,Sounds created by a typewriter-style device which uses an arrangement of buttons or keys controlling switches to enter text or other information into a computer or other electronic device.,0,1,{},1,temporal,{},0,0,0,0,1,1,1,1,1,1,1,1,1,1,1,1,1,1,1,1,1,1,1,1,1,1,1,1,1,1,1,1,1,1,1,1,1,1,1,1,{},"Mozilla/5.0 (Windows NT 6.1; Win64; x64) AppleWebKit/537.36 (KHTML, like Gecko) Chrome/67.0.3396.99 Safari/537.36",0,LD5yb1mWA0w,,
3Q9SPIIRWKWRLE9YQBRA3ILTMIMWA1,3CM00QMEUMWAO45EUQFF7TCUAYEW69,Annotate when audio source appears in video,Watch a 10 second video clip and tell us when the source of a labeled sound appears in the frame of the video,"annotating, video, audio",$0.07,Wed Jul 11 08:09:57 PDT 2018,1,BatchId:3298771;OriginalHitTemplateId:920937336;,3600,432000,Wed Jul 18 08:09:57 PDT 2018,,,30JNVC0ORBU4XOJKAA7YGZMYWLOQHF,A2FDINLTXSSBZ2,Approved,Wed Jul 11 09:54:46 PDT 2018,Wed Jul 11 09:55:49 PDT 2018,Mon Jul 16 09:55:49 PDT 2018,Mon Jul 16 09:27:29 PDT 2018,,,63,100% (55/55),100% (55/55),100% (55/55),asgJ818L1j8,0,10,Computer keyboard,Sounds created by a typewriter-style device which uses an arrangement of buttons or keys controlling switches to enter text or other information into a computer or other electronic device.,0,1,{},1,temporal,{},1,1,1,1,1,1,1,1,1,1,1,1,1,1,1,1,1,1,1,1,1,1,1,1,1,1,1,1,1,1,1,1,1,0,1,1,1,1,1,1,{},"Mozilla/5.0 (Windows NT 6.1; WOW64) AppleWebKit/537.36 (KHTML, like Gecko) Chrome/67.0.3396.99 Safari/537.36",0,asgJ818L1j8,,
3QGHA0EA0KAW4OEQWPR6YT5Z407WBW,3CM00QMEUMWAO45EUQFF7TCUAYEW69,Annotate when audio source appears in video,Watch a 10 second video clip and tell us when the source of a labeled sound appears in the frame of the video,"annotating, video, audio",$0.07,Wed Jul 11 08:09:57 PDT 2018,1,BatchId:3298771;OriginalHitTemplateId:920937336;,3600,432000,Wed Jul 18 08:09:57 PDT 2018,,,304SM51WA5E6JRVB2MM7POY1JVJBSM,A20F1SLHKHBUT3,Approved,Wed Jul 11 08:41:26 PDT 2018,Wed Jul 11 08:49:26 PDT 2018,Mon Jul 16 08:49:26 PDT 2018,2018-07-16 15:50:00 UTC,,,480,100% (674/674),100% (674/674),100% (574/574),WkQXVrwm2x8,210,220,Computer keyboard,Sounds created by a typewriter-style device which uses an arrangement of buttons or keys controlling switches to enter text or other information into a computer or other electronic device.,0,1,{},1,temporal,{},0,0,0,1,1,1,1,0,0,0,0,0,0,0,0,0,0,0,0,0,0,0,0,0,0,0,0,0,0,0,0,0,0,0,0,0,0,0,0,0,{},"Mozilla/5.0 (Windows NT 6.1; Win64; x64) AppleWebKit/537.36 (KHTML, like Gecko) Chrome/67.0.3396.99 Safari/537.36",0,WkQXVrwm2x8,,
3X52SWXE0YFFET6WAPN19DBHML7WC3,3CM00QMEUMWAO45EUQFF7TCUAYEW69,Annotate when audio source appears in video,Watch a 10 second video clip and tell us when the source of a labeled sound appears in the frame of the video,"annotating, video, audio",$0.07,Wed Jul 11 08:09:57 PDT 2018,1,BatchId:3298771;OriginalHitTemplateId:920937336;,3600,432000,Wed Jul 18 08:09:57 PDT 2018,,,3MX2NQ3YCB4CQS01VM1HLAF1OE0X5G,A20F1SLHKHBUT3,Approved,Wed Jul 11 08:46:28 PDT 2018,Wed Jul 11 08:53:22 PDT 2018,Mon Jul 16 08:53:22 PDT 2018,2018-07-16 15:54:00 UTC,,,414,100% (674/674),100% (674/674),100% (574/574),iAywKr3UxkI,30,40,Computer keyboard,Sounds created by a typewriter-style device which uses an arrangement of buttons or keys controlling switches to enter text or other information into a computer or other electronic device.,0,1,{},1,temporal,{},0,0,0,0,0,1,1,1,1,1,0,1,1,1,1,1,1,1,1,1,1,1,1,1,1,1,1,1,1,1,1,1,1,1,1,1,1,1,1,1,{},"Mozilla/5.0 (Windows NT 6.1; Win64; x64) AppleWebKit/537.36 (KHTML, like Gecko) Chrome/67.0.3396.99 Safari/537.36",0,iAywKr3UxkI,,
3HUR21WDDVZ76WCRGM1C8NH7YBVYX6,3CM00QMEUMWAO45EUQFF7TCUAYEW69,Annotate when audio source appears in video,Watch a 10 second video clip and tell us when the source of a labeled sound appears in the frame of the video,"annotating, video, audio",$0.07,Wed Jul 11 08:09:58 PDT 2018,1,BatchId:3298771;OriginalHitTemplateId:920937336;,3600,432000,Wed Jul 18 08:09:58 PDT 2018,,,33SA9F9TRZ4XXBO4WIYYNL77S5PWEJ,A20F1SLHKHBUT3,Approved,Wed Jul 11 08:30:57 PDT 2018,Wed Jul 11 08:39:42 PDT 2018,Mon Jul 16 08:39:42 PDT 2018,2018-07-16 15:40:00 UTC,,,525,100% (674/674),100% (674/674),100% (574/574),Hq7zNtgvppk,0,2,Computer keyboard,Sounds created by a typewriter-style device which uses an arrangement of buttons or keys controlling switches to enter text or other information into a computer or other electronic device.,0,1,{},1,temporal,{},1,1,1,1,1,1,1,1,,,,,,,,,,,,,,,,,,,,,,,,,,,,,,,,,{},"Mozilla/5.0 (Windows NT 6.1; Win64; x64) AppleWebKit/537.36 (KHTML, like Gecko) Chrome/67.0.3396.99 Safari/537.36",0,Hq7zNtgvppk,,
34HEO7RUG74MDISCRHH4GJDCU37RAT,3CM00QMEUMWAO45EUQFF7TCUAYEW69,Annotate when audio source appears in video,Watch a 10 second video clip and tell us when the source of a labeled sound appears in the frame of the video,"annotating, video, audio",$0.07,Wed Jul 11 08:09:57 PDT 2018,1,BatchId:3298771;OriginalHitTemplateId:920937336;,3600,432000,Wed Jul 18 08:09:57 PDT 2018,,,333U7HK6IBP6ZLA5TO4ZSDVEQYVJD0,A20F1SLHKHBUT3,Approved,Wed Jul 11 09:28:08 PDT 2018,Wed Jul 11 09:52:31 PDT 2018,Mon Jul 16 09:52:31 PDT 2018,Mon Jul 16 09:27:25 PDT 2018,,,1463,100% (674/674),100% (674/674),100% (574/574),_-9RnYglHEg,0,10,Computer keyboard,Sounds created by a typewriter-style device which uses an arrangement of buttons or keys controlling switches to enter text or other information into a computer or other electronic device.,0,1,{},1,temporal,{},0,0,0,0,0,0,0,0,0,0,0,0,0,0,0,0,0,0,0,0,0,0,0,0,0,0,0,0,0,0,0,0,0,0,0,0,0,0,0,1,{},"Mozilla/5.0 (Windows NT 6.1; Win64; x64) AppleWebKit/537.36 (KHTML, like Gecko) Chrome/67.0.3396.99 Safari/537.36",0,_-9RnYglHEg,,
3SX4X51T81JJG50WZP00MO87JGNOAH,3CM00QMEUMWAO45EUQFF7TCUAYEW69,Annotate when audio source appears in video,Watch a 10 second video clip and tell us when the source of a labeled sound appears in the frame of the video,"annotating, video, audio",$0.07,Wed Jul 11 08:09:57 PDT 2018,1,BatchId:3298771;OriginalHitTemplateId:920937336;,3600,432000,Wed Jul 18 08:09:57 PDT 2018,,,3HFNH7HEMJOQXSO9Q4PGVZAXHLVQG0,A20F1SLHKHBUT3,Approved,Wed Jul 11 09:01:18 PDT 2018,Wed Jul 11 09:10:42 PDT 2018,Mon Jul 16 09:10:42 PDT 2018,2018-07-16 16:11:00 UTC,,,564,100% (674/674),100% (674/674),100% (574/574),vA5HxRz0SXc,0,10,Computer keyboard,Sounds created by a typewriter-style device which uses an arrangement of buttons or keys controlling switches to enter text or other information into a computer or other electronic device.,0,1,{},1,temporal,{},0,0,0,0,0,0,0,1,1,1,1,1,1,1,1,1,1,1,1,1,1,1,1,1,1,1,1,1,1,1,1,1,1,1,1,1,1,1,1,1,{},"Mozilla/5.0 (Windows NT 6.1; Win64; x64) AppleWebKit/537.36 (KHTML, like Gecko) Chrome/67.0.3396.99 Safari/537.36",0,vA5HxRz0SXc,,
3421H3BM9BRRABZUR6UVIXG1E4VJ9E,3CM00QMEUMWAO45EUQFF7TCUAYEW69,Annotate when audio source appears in video,Watch a 10 second video clip and tell us when the source of a labeled sound appears in the frame of the video,"annotating, video, audio",$0.07,Wed Jul 11 08:09:57 PDT 2018,1,BatchId:3298771;OriginalHitTemplateId:920937336;,3600,432000,Wed Jul 18 08:09:57 PDT 2018,,,3R6P78PK7ML3P8G178JB04LK1S2GTC,A20F1SLHKHBUT3,Approved,Wed Jul 11 09:27:52 PDT 2018,Wed Jul 11 09:50:55 PDT 2018,Mon Jul 16 09:50:55 PDT 2018,Mon Jul 16 09:27:25 PDT 2018,,,1383,100% (674/674),100% (674/674),100% (574/574),OZwrmAEzl5A,20,30,Computer keyboard,Sounds created by a typewriter-style device which uses an arrangement of buttons or keys controlling switches to enter text or other information into a computer or other electronic device.,0,1,{},1,temporal,{},0,0,0,0,0,0,1,0,0,0,0,0,0,0,0,0,0,0,0,0,0,1,1,1,1,1,1,1,1,1,1,1,1,1,1,1,1,1,1,1,{},"Mozilla/5.0 (Windows NT 6.1; Win64; x64) AppleWebKit/537.36 (KHTML, like Gecko) Chrome/67.0.3396.99 Safari/537.36",0,OZwrmAEzl5A,,
37VUR2VJ6BZMDSQTD1YGGNLNQ8Z1CA,3CM00QMEUMWAO45EUQFF7TCUAYEW69,Annotate when audio source appears in video,Watch a 10 second video clip and tell us when the source of a labeled sound appears in the frame of the video,"annotating, video, audio",$0.07,Wed Jul 11 08:09:57 PDT 2018,1,BatchId:3298771;OriginalHitTemplateId:920937336;,3600,432000,Wed Jul 18 08:09:57 PDT 2018,,,3N2BF7Y2VS4DC9LSIH0HZQ2TMJ5HMV,A20F1SLHKHBUT3,Approved,Wed Jul 11 08:37:34 PDT 2018,Wed Jul 11 08:46:01 PDT 2018,Mon Jul 16 08:46:01 PDT 2018,2018-07-16 15:47:00 UTC,,,507,100% (674/674),100% (674/674),100% (574/574),0Fmy6aNBaas,570,580,Computer keyboard,Sounds created by a typewriter-style device which uses an arrangement of buttons or keys controlling switches to enter text or other information into a computer or other electronic device.,0,1,{},1,temporal,{},0,0,0,0,0,1,1,1,1,1,1,1,1,1,1,0,0,1,1,1,1,1,1,1,1,1,1,1,1,1,1,1,1,1,1,1,1,1,1,1,{},"Mozilla/5.0 (Windows NT 6.1; Win64; x64) AppleWebKit/537.36 (KHTML, like Gecko) Chrome/67.0.3396.99 Safari/537.36",0,0Fmy6aNBaas,,
3WGCNLZJKGIWIKW7DXTR0T35B8B1DA,3CM00QMEUMWAO45EUQFF7TCUAYEW69,Annotate when audio source appears in video,Watch a 10 second video clip and tell us when the source of a labeled sound appears in the frame of the video,"annotating, video, audio",$0.07,Wed Jul 11 08:09:57 PDT 2018,1,BatchId:3298771;OriginalHitTemplateId:920937336;,3600,432000,Wed Jul 18 08:09:57 PDT 2018,,,3STRJBFXOY18RUCKXZ4QYWDD89MTKV,A2FDINLTXSSBZ2,Approved,Wed Jul 11 09:40:01 PDT 2018,Wed Jul 11 09:41:46 PDT 2018,Mon Jul 16 09:41:46 PDT 2018,Mon Jul 16 09:27:29 PDT 2018,,,105,100% (55/55),100% (55/55),100% (55/55),DMAhRmfTLYA,180,190,Computer keyboard,Sounds created by a typewriter-style device which uses an arrangement of buttons or keys controlling switches to enter text or other information into a computer or other electronic device.,0,1,{},1,temporal,{},0,0,0,0,0,0,0,0,0,0,0,0,0,1,0,0,0,0,0,0,0,0,0,0,0,0,0,0,1,1,1,0,0,0,0,0,0,0,0,0,{},"Mozilla/5.0 (Windows NT 6.1; WOW64) AppleWebKit/537.36 (KHTML, like Gecko) Chrome/67.0.3396.99 Safari/537.36",0,DMAhRmfTLYA,,
34O39PNDK7IRWSX4XVH0BUXICLSRBO,3CM00QMEUMWAO45EUQFF7TCUAYEW69,Annotate when audio source appears in video,Watch a 10 second video clip and tell us when the source of a labeled sound appears in the frame of the video,"annotating, video, audio",$0.07,Wed Jul 11 08:09:57 PDT 2018,1,BatchId:3298771;OriginalHitTemplateId:920937336;,3600,432000,Wed Jul 18 08:09:57 PDT 2018,,,37M28K1J0SN81E7T9EDX2CN85VPJAP,A20F1SLHKHBUT3,Approved,Wed Jul 11 08:55:37 PDT 2018,Wed Jul 11 09:06:41 PDT 2018,Mon Jul 16 09:06:41 PDT 2018,2018-07-16 16:07:00 UTC,,,664,100% (674/674),100% (674/674),100% (574/574),K25sODxgOoM,30,40,Computer keyboard,Sounds created by a typewriter-style device which uses an arrangement of buttons or keys controlling switches to enter text or other information into a computer or other electronic device.,0,1,{},1,temporal,{},1,1,1,1,1,1,1,1,1,1,1,1,1,1,1,1,1,1,1,1,1,1,1,1,1,1,1,1,1,1,1,1,1,1,1,1,1,1,1,1,{},"Mozilla/5.0 (Windows NT 6.1; Win64; x64) AppleWebKit/537.36 (KHTML, like Gecko) Chrome/67.0.3396.99 Safari/537.36",0,K25sODxgOoM,,
3ODOP6T3ATUQ79VA3QSC28J4Q1W42H,3CM00QMEUMWAO45EUQFF7TCUAYEW69,Annotate when audio source appears in video,Watch a 10 second video clip and tell us when the source of a labeled sound appears in the frame of the video,"annotating, video, audio",$0.07,Wed Jul 11 08:09:58 PDT 2018,1,BatchId:3298771;OriginalHitTemplateId:920937336;,3600,432000,Wed Jul 18 08:09:58 PDT 2018,,,3FIJLY1B6WEZJGRZF749D9KBB91FPP,A20F1SLHKHBUT3,Approved,Wed Jul 11 08:29:22 PDT 2018,Wed Jul 11 08:36:41 PDT 2018,Mon Jul 16 08:36:41 PDT 2018,2018-07-16 15:37:00 UTC,,,439,100% (674/674),100% (674/674),100% (574/574),14G7RSesaYA,60,70,Computer keyboard,Sounds created by a typewriter-style device which uses an arrangement of buttons or keys controlling switches to enter text or other information into a computer or other electronic device.,0,1,{},1,temporal,{},0,0,0,0,0,1,1,1,1,1,1,1,1,1,1,1,1,1,0,0,0,0,0,0,0,0,0,0,0,0,0,0,0,0,0,0,0,0,0,0,{},"Mozilla/5.0 (Windows NT 6.1; Win64; x64) AppleWebKit/537.36 (KHTML, like Gecko) Chrome/67.0.3396.99 Safari/537.36",0,14G7RSesaYA,,
32CAVSKPCFZIZM7TZSJGAT7TX85U1C,3CM00QMEUMWAO45EUQFF7TCUAYEW69,Annotate when audio source appears in video,Watch a 10 second video clip and tell us when the source of a labeled sound appears in the frame of the video,"annotating, video, audio",$0.07,Wed Jul 11 08:09:58 PDT 2018,1,BatchId:3298771;OriginalHitTemplateId:920937336;,3600,432000,Wed Jul 18 08:09:58 PDT 2018,,,3E13VNJ1NP5GCFANVDZ4FAF5OM6I10,AAL6F4YRVZW7J,Approved,Wed Jul 11 09:38:46 PDT 2018,Wed Jul 11 09:39:08 PDT 2018,Mon Jul 16 09:39:08 PDT 2018,Mon Jul 16 09:28:46 PDT 2018,,,22,100% (60/60),100% (60/60),100% (56/56),BOvv1l0H_to,60,70,Computer keyboard,Sounds created by a typewriter-style device which uses an arrangement of buttons or keys controlling switches to enter text or other information into a computer or other electronic device.,0,1,{},1,temporal,{},1,1,1,1,1,1,1,1,1,1,1,1,1,1,1,1,1,1,1,1,1,1,1,1,1,1,1,1,1,1,1,1,1,1,1,1,1,1,1,1,{},"Mozilla/5.0 (Windows NT 10.0; Win64; x64) AppleWebKit/537.36 (KHTML, like Gecko) Chrome/67.0.3396.99 Safari/537.36",0,BOvv1l0H_to,,
30Y6N4AHYQ6KBPVOBR866KLIF64RDV,3CM00QMEUMWAO45EUQFF7TCUAYEW69,Annotate when audio source appears in video,Watch a 10 second video clip and tell us when the source of a labeled sound appears in the frame of the video,"annotating, video, audio",$0.07,Wed Jul 11 08:09:58 PDT 2018,1,BatchId:3298771;OriginalHitTemplateId:920937336;,3600,432000,Wed Jul 18 08:09:58 PDT 2018,,,3X73LLYYQ3OJUR6SUIFHC5RTRA1HNJ,A20F1SLHKHBUT3,Approved,Wed Jul 11 09:53:43 PDT 2018,Wed Jul 11 10:28:23 PDT 2018,Mon Jul 16 10:28:23 PDT 2018,Mon Jul 16 09:27:25 PDT 2018,,,2080,100% (674/674),100% (674/674),100% (574/574),iPr--1kmqFI,230,240,Computer keyboard,Sounds created by a typewriter-style device which uses an arrangement of buttons or keys controlling switches to enter text or other information into a computer or other electronic device.,0,1,{},1,temporal,{},1,1,1,1,1,1,1,1,1,1,1,1,1,1,1,1,0,0,0,0,0,0,0,0,0,0,0,0,0,1,1,1,1,1,1,1,1,1,1,1,{},"Mozilla/5.0 (Windows NT 6.1; Win64; x64) AppleWebKit/537.36 (KHTML, like Gecko) Chrome/67.0.3396.99 Safari/537.36",0,iPr--1kmqFI,,
3IVEC1GSLQ99L6WZNTF23RYIGS81JO,3CM00QMEUMWAO45EUQFF7TCUAYEW69,Annotate when audio source appears in video,Watch a 10 second video clip and tell us when the source of a labeled sound appears in the frame of the video,"annotating, video, audio",$0.07,Wed Jul 11 08:09:59 PDT 2018,1,BatchId:3298771;OriginalHitTemplateId:920937336;,3600,432000,Wed Jul 18 08:09:59 PDT 2018,,,3YMU66OBIPIDKZP67E2MMLIWQY8GH3,A2FDINLTXSSBZ2,Approved,Wed Jul 11 09:32:57 PDT 2018,Wed Jul 11 09:35:18 PDT 2018,Mon Jul 16 09:35:18 PDT 2018,Mon Jul 16 09:27:29 PDT 2018,,,141,100% (55/55),100% (55/55),100% (55/55),It3srxM0xIg,55,65,Computer keyboard,Sounds created by a typewriter-style device which uses an arrangement of buttons or keys controlling switches to enter text or other information into a computer or other electronic device.,0,1,{},1,temporal,{},1,1,1,0,0,0,0,1,1,1,1,1,0,0,1,1,1,1,0,0,0,1,1,1,1,1,1,1,1,1,1,0,0,0,0,0,0,0,0,0,{},"Mozilla/5.0 (Windows NT 6.1; WOW64) AppleWebKit/537.36 (KHTML, like Gecko) Chrome/67.0.3396.99 Safari/537.36",0,It3srxM0xIg,,
39WSF6KUV3VM6IH8FU2MI7YY4VLOEC,3CM00QMEUMWAO45EUQFF7TCUAYEW69,Annotate when audio source appears in video,Watch a 10 second video clip and tell us when the source of a labeled sound appears in the frame of the video,"annotating, video, audio",$0.07,Wed Jul 11 08:09:59 PDT 2018,1,BatchId:3298771;OriginalHitTemplateId:920937336;,3600,432000,Wed Jul 18 08:09:59 PDT 2018,,,3B3WTRP3DDCUQZZGANT570Q7X2129M,A20F1SLHKHBUT3,Approved,Wed Jul 11 09:50:02 PDT 2018,Wed Jul 11 10:05:38 PDT 2018,Mon Jul 16 10:05:38 PDT 2018,Mon Jul 16 09:27:26 PDT 2018,,,936,100% (674/674),100% (674/674),100% (574/574),jG7RLcaWAm4,30,40,Computer keyboard,Sounds created by a typewriter-style device which uses an arrangement of buttons or keys controlling switches to enter text or other information into a computer or other electronic device.,0,1,{},1,temporal,{},0,0,0,0,1,1,1,1,1,1,1,0,0,0,0,0,1,1,0,1,1,1,0,1,1,0,0,0,1,1,0,0,0,1,1,1,1,1,1,0,{},"Mozilla/5.0 (Windows NT 6.1; Win64; x64) AppleWebKit/537.36 (KHTML, like Gecko) Chrome/67.0.3396.99 Safari/537.36",0,jG7RLcaWAm4,,
3ZCC2DXSD8EW6121LINER1OG0HPYYC,3CM00QMEUMWAO45EUQFF7TCUAYEW69,Annotate when audio source appears in video,Watch a 10 second video clip and tell us when the source of a labeled sound appears in the frame of the video,"annotating, video, audio",$0.07,Wed Jul 11 08:09:59 PDT 2018,1,BatchId:3298771;OriginalHitTemplateId:920937336;,3600,432000,Wed Jul 18 08:09:59 PDT 2018,,,339ANSOTR7CIIGW93N5MKPB4XSXKIW,A20F1SLHKHBUT3,Approved,Wed Jul 11 09:07:22 PDT 2018,Wed Jul 11 09:16:25 PDT 2018,Mon Jul 16 09:16:25 PDT 2018,2018-07-16 16:17:00 UTC,,,543,100% (674/674),100% (674/674),100% (574/574),Y7Ux1S-khOI,260,270,Computer keyboard,Sounds created by a typewriter-style device which uses an arrangement of buttons or keys controlling switches to enter text or other information into a computer or other electronic device.,0,1,{},1,temporal,{},0,0,1,1,1,1,1,1,1,1,1,1,1,1,1,1,1,1,1,1,1,1,0,0,0,0,0,0,0,0,0,0,0,0,0,0,0,0,0,0,{},"Mozilla/5.0 (Windows NT 6.1; Win64; x64) AppleWebKit/537.36 (KHTML, like Gecko) Chrome/67.0.3396.99 Safari/537.36",0,Y7Ux1S-khOI,,
