HITId,HITTypeId,Title,Description,Keywords,Reward,CreationTime,MaxAssignments,RequesterAnnotation,AssignmentDurationInSeconds,AutoApprovalDelayInSeconds,Expiration,NumberOfSimilarHITs,LifetimeInSeconds,AssignmentId,WorkerId,AssignmentStatus,AcceptTime,SubmitTime,AutoApprovalTime,ApprovalTime,RejectionTime,RequesterFeedback,WorkTimeInSeconds,LifetimeApprovalRate,Last30DaysApprovalRate,Last7DaysApprovalRate,Input.ytid,Input.start,Input.end,Input.label,Input.description,Answer.clickedInstructions,Answer.clickedPlay,Answer.comments,Answer.contains,Answer.identifier,Answer.improve,Answer.loc-00,Answer.loc-01,Answer.loc-02,Answer.loc-03,Answer.loc-04,Answer.loc-05,Answer.loc-06,Answer.loc-07,Answer.loc-08,Answer.loc-09,Answer.loc-10,Answer.loc-11,Answer.loc-12,Answer.loc-13,Answer.loc-14,Answer.loc-15,Answer.loc-16,Answer.loc-17,Answer.loc-18,Answer.loc-19,Answer.loc-20,Answer.loc-21,Answer.loc-22,Answer.loc-23,Answer.loc-24,Answer.loc-25,Answer.loc-26,Answer.loc-27,Answer.loc-28,Answer.loc-29,Answer.loc-30,Answer.loc-31,Answer.loc-32,Answer.loc-33,Answer.loc-34,Answer.loc-35,Answer.loc-36,Answer.loc-37,Answer.loc-38,Answer.loc-39,Answer.reason,Answer.userAgent,Answer.youtubeError,Answer.ytid,Approve,Reject
344M16OZKJP4OXHWEF293IYTEIVNE5,3CM00QMEUMWAO45EUQFF7TCUAYEW69,Annotate when audio source appears in video,Watch a 10 second video clip and tell us when the source of a labeled sound appears in the frame of the video,"annotating, video, audio",$0.07,Mon Jul 09 12:55:16 PDT 2018,1,BatchId:3296187;OriginalHitTemplateId:920937336;,3600,432000,Mon Jul 16 12:55:16 PDT 2018,,,3X73LLYYQ3OJUR6SUIFHC5RTRZFHNB,A377TAR5S3BU74,Approved,Mon Jul 09 14:30:26 PDT 2018,Mon Jul 09 14:35:44 PDT 2018,Sat Jul 14 14:35:44 PDT 2018,2018-07-14 21:36:00 UTC,,,318,100% (258/258),100% (258/258),100% (206/206),ZwN34c1Do8c,180,190,Cheering,"Encouraging, stimulating, or exciting vocalizations indicating approval or welcoming persons, announcements, etc.",0,1,{},1,temporal,{},1,1,1,1,1,1,1,1,1,1,1,1,1,1,1,1,1,1,1,1,1,1,1,1,1,1,1,1,1,1,1,1,1,1,1,1,1,1,1,1,{},"Mozilla/5.0 (Windows NT 10.0; Win64; x64) AppleWebKit/537.36 (KHTML, like Gecko) Chrome/67.0.3396.99 Safari/537.36",0,ZwN34c1Do8c,,
3VO4XFFP16W4IFFE7ZGK121HX6EQ79,3CM00QMEUMWAO45EUQFF7TCUAYEW69,Annotate when audio source appears in video,Watch a 10 second video clip and tell us when the source of a labeled sound appears in the frame of the video,"annotating, video, audio",$0.07,Mon Jul 09 12:55:16 PDT 2018,1,BatchId:3296187;OriginalHitTemplateId:920937336;,3600,432000,Mon Jul 16 12:55:16 PDT 2018,,,3ZAK8W07I6OLEHK5TBKIK8K6DEOU0W,A1T2KMOJ9Y9FZN,Approved,Mon Jul 09 13:45:34 PDT 2018,Mon Jul 09 13:46:48 PDT 2018,Sat Jul 14 13:46:48 PDT 2018,2018-07-14 20:47:00 UTC,,,74,100% (4/4),100% (4/4),100% (4/4),FkwBWv3JhYY,0,10,Cheering,"Encouraging, stimulating, or exciting vocalizations indicating approval or welcoming persons, announcements, etc.",0,1,{},1,temporal,{},0,0,0,0,0,0,0,0,0,0,0,0,0,0,0,0,0,0,0,0,1,1,1,1,1,1,1,1,1,1,1,1,1,1,1,1,1,1,1,1,{},Mozilla/5.0 (Windows NT 6.3; Win64; x64; rv:61.0) Gecko/20100101 Firefox/61.0,0,FkwBWv3JhYY,,
3M0556243TUWUBHS9QMFL0JTQJANFN,3CM00QMEUMWAO45EUQFF7TCUAYEW69,Annotate when audio source appears in video,Watch a 10 second video clip and tell us when the source of a labeled sound appears in the frame of the video,"annotating, video, audio",$0.07,Mon Jul 09 12:55:16 PDT 2018,1,BatchId:3296187;OriginalHitTemplateId:920937336;,3600,432000,Mon Jul 16 12:55:16 PDT 2018,,,3Z3ZLGNNSK4P3GCLVPIWC5LOD52Q3I,A377TAR5S3BU74,Approved,Mon Jul 09 13:44:17 PDT 2018,Mon Jul 09 13:44:35 PDT 2018,Sat Jul 14 13:44:35 PDT 2018,2018-07-14 20:45:00 UTC,,,18,100% (258/258),100% (258/258),100% (206/206),kRsNv6KAk9s,460,470,Cheering,"Encouraging, stimulating, or exciting vocalizations indicating approval or welcoming persons, announcements, etc.",0,1,{},1,temporal,{},1,1,1,1,1,1,1,1,1,1,1,1,1,1,1,1,1,1,1,1,1,1,1,1,1,1,1,1,1,1,1,1,1,1,1,1,1,1,1,1,{},"Mozilla/5.0 (Windows NT 10.0; Win64; x64) AppleWebKit/537.36 (KHTML, like Gecko) Chrome/67.0.3396.99 Safari/537.36",0,kRsNv6KAk9s,,
3OLZC0DJ8KPTC7SRCPERYEQYSE4IVQ,3CM00QMEUMWAO45EUQFF7TCUAYEW69,Annotate when audio source appears in video,Watch a 10 second video clip and tell us when the source of a labeled sound appears in the frame of the video,"annotating, video, audio",$0.07,Mon Jul 09 12:55:16 PDT 2018,1,BatchId:3296187;OriginalHitTemplateId:920937336;,3600,432000,Mon Jul 16 12:55:16 PDT 2018,,,3LUY3GC631AM4NCTXO6XPH7UDB47PF,A1T2KMOJ9Y9FZN,Approved,Mon Jul 09 13:47:57 PDT 2018,Mon Jul 09 13:49:05 PDT 2018,Sat Jul 14 13:49:05 PDT 2018,2018-07-14 20:50:00 UTC,,,68,100% (4/4),100% (4/4),100% (4/4),7KQenWw5Its,10,20,Cheering,"Encouraging, stimulating, or exciting vocalizations indicating approval or welcoming persons, announcements, etc.",0,1,{},1,temporal,{},1,1,1,1,1,1,1,1,0,0,0,0,0,0,0,0,0,0,0,0,1,1,1,1,1,1,1,1,1,1,1,1,1,1,1,1,1,1,1,1,{},Mozilla/5.0 (Windows NT 6.3; Win64; x64; rv:61.0) Gecko/20100101 Firefox/61.0,0,7KQenWw5Its,,
38RHULDV9ZP6RWSW2ZJNKG9CZN6IW0,3CM00QMEUMWAO45EUQFF7TCUAYEW69,Annotate when audio source appears in video,Watch a 10 second video clip and tell us when the source of a labeled sound appears in the frame of the video,"annotating, video, audio",$0.07,Mon Jul 09 12:55:16 PDT 2018,1,BatchId:3296187;OriginalHitTemplateId:920937336;,3600,432000,Mon Jul 16 12:55:16 PDT 2018,,,3GNA64GUZGESHVZP986PR2J8R11Q5G,A377TAR5S3BU74,Approved,Mon Jul 09 14:06:45 PDT 2018,Mon Jul 09 14:17:33 PDT 2018,Sat Jul 14 14:17:33 PDT 2018,2018-07-14 21:18:00 UTC,,,648,100% (258/258),100% (258/258),100% (206/206),NUjyTAR-bB4,40,50,Cheering,"Encouraging, stimulating, or exciting vocalizations indicating approval or welcoming persons, announcements, etc.",0,1,{},1,temporal,{},0,0,0,0,0,0,0,0,0,0,0,0,0,0,0,0,0,0,0,0,1,1,1,1,1,1,1,1,1,1,1,1,1,1,1,1,1,1,1,1,{},"Mozilla/5.0 (Windows NT 10.0; Win64; x64) AppleWebKit/537.36 (KHTML, like Gecko) Chrome/67.0.3396.99 Safari/537.36",0,NUjyTAR-bB4,,
3K1H3NEY7M9TMZMAVGEU7G7BDU8DGU,3CM00QMEUMWAO45EUQFF7TCUAYEW69,Annotate when audio source appears in video,Watch a 10 second video clip and tell us when the source of a labeled sound appears in the frame of the video,"annotating, video, audio",$0.07,Mon Jul 09 12:55:17 PDT 2018,1,BatchId:3296187;OriginalHitTemplateId:920937336;,3600,432000,Mon Jul 16 12:55:17 PDT 2018,,,3EWIJTFFVQH4PLNJ3B5DGQY3RPB0E0,A377TAR5S3BU74,Approved,Mon Jul 09 13:09:06 PDT 2018,Mon Jul 09 13:09:19 PDT 2018,Sat Jul 14 13:09:19 PDT 2018,2018-07-14 20:10:00 UTC,,,13,100% (258/258),100% (258/258),100% (206/206),p9FtrgyugXY,110,120,Cheering,"Encouraging, stimulating, or exciting vocalizations indicating approval or welcoming persons, announcements, etc.",0,1,{},1,temporal,{},1,1,1,1,1,1,1,1,1,1,1,1,1,1,1,1,1,1,1,1,1,1,1,1,1,1,1,1,1,1,1,1,1,1,1,1,1,1,1,1,{},"Mozilla/5.0 (Windows NT 10.0; Win64; x64) AppleWebKit/537.36 (KHTML, like Gecko) Chrome/67.0.3396.99 Safari/537.36",0,p9FtrgyugXY,,
3O71U79SRCZZGY1E397EFKD8AJUSMB,3CM00QMEUMWAO45EUQFF7TCUAYEW69,Annotate when audio source appears in video,Watch a 10 second video clip and tell us when the source of a labeled sound appears in the frame of the video,"annotating, video, audio",$0.07,Mon Jul 09 12:55:17 PDT 2018,1,BatchId:3296187;OriginalHitTemplateId:920937336;,3600,432000,Mon Jul 16 12:55:17 PDT 2018,,,3VD82FOHKSYAV4VO951TG3UI4HRCOO,AEIRRC8LJICKA,Approved,Mon Jul 09 13:32:27 PDT 2018,Mon Jul 09 13:33:54 PDT 2018,Sat Jul 14 13:33:54 PDT 2018,2018-07-14 20:34:00 UTC,,,87,100% (3/3),100% (3/3),100% (3/3),CrHd7K8RtbM,260,270,Cheering,"Encouraging, stimulating, or exciting vocalizations indicating approval or welcoming persons, announcements, etc.",0,1,{},1,temporal,{},1,1,1,1,1,1,1,1,1,1,1,1,1,1,1,1,1,1,1,1,1,1,1,1,1,1,1,1,1,1,1,1,1,1,1,1,1,1,1,1,{},"Mozilla/5.0 (Windows NT 6.1; Win64; x64) AppleWebKit/537.36 (KHTML, like Gecko) Chrome/67.0.3396.99 Safari/537.36",0,CrHd7K8RtbM,,
306996CF6XU33NYNZ12L53F58KDB1L,3CM00QMEUMWAO45EUQFF7TCUAYEW69,Annotate when audio source appears in video,Watch a 10 second video clip and tell us when the source of a labeled sound appears in the frame of the video,"annotating, video, audio",$0.07,Mon Jul 09 12:55:17 PDT 2018,1,BatchId:3296187;OriginalHitTemplateId:920937336;,3600,432000,Mon Jul 16 12:55:17 PDT 2018,,,3GNCZX450KX4NPAR4RIHZ89KEJRAPQ,A20F1SLHKHBUT3,Approved,Mon Jul 09 14:32:58 PDT 2018,Mon Jul 09 14:40:53 PDT 2018,Sat Jul 14 14:40:53 PDT 2018,2018-07-14 21:41:00 UTC,,,475,100% (674/674),100% (674/674),100% (574/574),V9s-bHbtMNc,420,430,Cheering,"Encouraging, stimulating, or exciting vocalizations indicating approval or welcoming persons, announcements, etc.",0,1,{},1,temporal,{},1,1,1,1,1,1,1,1,1,1,1,1,1,1,1,1,1,1,1,1,1,1,1,1,1,1,1,1,1,1,1,1,1,1,1,1,1,1,1,1,{},"Mozilla/5.0 (Windows NT 6.1; Win64; x64) AppleWebKit/537.36 (KHTML, like Gecko) Chrome/67.0.3396.99 Safari/537.36",0,V9s-bHbtMNc,,
3WRKFXQBOCHAG1NWH01B5DUSAV6IYZ,3CM00QMEUMWAO45EUQFF7TCUAYEW69,Annotate when audio source appears in video,Watch a 10 second video clip and tell us when the source of a labeled sound appears in the frame of the video,"annotating, video, audio",$0.07,Mon Jul 09 12:55:17 PDT 2018,1,BatchId:3296187;OriginalHitTemplateId:920937336;,3600,432000,Mon Jul 16 12:55:17 PDT 2018,,,3T111IHZ5G0BUJG1PD8688YF9JW9R1,A377TAR5S3BU74,Approved,Mon Jul 09 14:29:57 PDT 2018,Mon Jul 09 14:35:36 PDT 2018,Sat Jul 14 14:35:36 PDT 2018,2018-07-14 21:36:00 UTC,,,339,100% (258/258),100% (258/258),100% (206/206),BtfyEY1sFu4,24,34,Cheering,"Encouraging, stimulating, or exciting vocalizations indicating approval or welcoming persons, announcements, etc.",0,1,{},1,temporal,{},1,1,1,1,1,1,1,1,1,1,1,1,1,1,1,1,1,1,1,1,1,1,1,1,1,1,1,1,1,1,1,1,1,1,1,1,1,1,1,1,{},"Mozilla/5.0 (Windows NT 10.0; Win64; x64) AppleWebKit/537.36 (KHTML, like Gecko) Chrome/67.0.3396.99 Safari/537.36",0,BtfyEY1sFu4,,
3P4C70TRMSRCKBA28XCIQTFGM3ALGI,3CM00QMEUMWAO45EUQFF7TCUAYEW69,Annotate when audio source appears in video,Watch a 10 second video clip and tell us when the source of a labeled sound appears in the frame of the video,"annotating, video, audio",$0.07,Mon Jul 09 12:55:17 PDT 2018,1,BatchId:3296187;OriginalHitTemplateId:920937336;,3600,432000,Mon Jul 16 12:55:17 PDT 2018,,,378XPAWRUENC63NNRWSXQB88S5MIAC,A377TAR5S3BU74,Approved,Mon Jul 09 14:08:48 PDT 2018,Mon Jul 09 14:19:40 PDT 2018,Sat Jul 14 14:19:40 PDT 2018,2018-07-14 21:20:00 UTC,,,652,100% (258/258),100% (258/258),100% (206/206),Mcjy051gZEA,140,150,Cheering,"Encouraging, stimulating, or exciting vocalizations indicating approval or welcoming persons, announcements, etc.",0,1,{},1,temporal,{},1,1,1,1,1,1,1,1,1,1,1,1,1,1,1,1,1,1,1,1,1,1,0,0,0,0,0,0,0,0,0,0,0,0,0,0,0,0,0,0,{},"Mozilla/5.0 (Windows NT 10.0; Win64; x64) AppleWebKit/537.36 (KHTML, like Gecko) Chrome/67.0.3396.99 Safari/537.36",0,Mcjy051gZEA,,
3UL5XDRDNDTJP71ZXCKNHR2LCUX851,3CM00QMEUMWAO45EUQFF7TCUAYEW69,Annotate when audio source appears in video,Watch a 10 second video clip and tell us when the source of a labeled sound appears in the frame of the video,"annotating, video, audio",$0.07,Mon Jul 09 12:55:17 PDT 2018,1,BatchId:3296187;OriginalHitTemplateId:920937336;,3600,432000,Mon Jul 16 12:55:17 PDT 2018,,,3STRJBFXOY18RUCKXZ4QYWDD8ZITK7,A377TAR5S3BU74,Approved,Mon Jul 09 15:12:58 PDT 2018,Mon Jul 09 15:20:11 PDT 2018,Sat Jul 14 15:20:11 PDT 2018,2018-07-14 22:21:00 UTC,,,433,100% (258/258),100% (258/258),100% (206/206),ANF7NrMvh_M,30,40,Cheering,"Encouraging, stimulating, or exciting vocalizations indicating approval or welcoming persons, announcements, etc.",0,1,{},1,temporal,{},1,1,1,1,1,1,1,1,1,1,1,1,1,1,1,1,1,1,1,1,1,1,1,1,1,1,1,1,1,1,1,1,1,1,1,1,1,1,1,1,{},"Mozilla/5.0 (Windows NT 10.0; Win64; x64) AppleWebKit/537.36 (KHTML, like Gecko) Chrome/67.0.3396.99 Safari/537.36",0,ANF7NrMvh_M,,
3DWNFENNE45QD5TIABY41P5LS9WJ4R,3CM00QMEUMWAO45EUQFF7TCUAYEW69,Annotate when audio source appears in video,Watch a 10 second video clip and tell us when the source of a labeled sound appears in the frame of the video,"annotating, video, audio",$0.07,Mon Jul 09 12:55:19 PDT 2018,1,BatchId:3296187;OriginalHitTemplateId:920937336;,3600,432000,Mon Jul 16 12:55:19 PDT 2018,,,3MAOD8E57SKGGH67ZMX3FRFNFPLXN7,AM147DT7IA6Z9,Approved,Mon Jul 09 13:58:08 PDT 2018,Mon Jul 09 13:58:46 PDT 2018,Sat Jul 14 13:58:46 PDT 2018,2018-07-14 20:59:00 UTC,,,38,100% (11/11),100% (11/11),100% (11/11),c2bV6X-i8qU,60,70,Cheering,"Encouraging, stimulating, or exciting vocalizations indicating approval or welcoming persons, announcements, etc.",0,1,{},1,temporal,{},0,0,1,1,1,1,1,1,1,1,1,1,1,1,1,1,1,1,1,1,1,1,1,1,1,1,1,1,1,1,1,1,1,1,1,1,1,1,1,1,{},"Mozilla/5.0 (Windows NT 6.1; Win64; x64) AppleWebKit/537.36 (KHTML, like Gecko) Chrome/67.0.3396.99 Safari/537.36",0,c2bV6X-i8qU,,
3QREJ3J4347HMX6LYOXXOL79TKRLKL,3CM00QMEUMWAO45EUQFF7TCUAYEW69,Annotate when audio source appears in video,Watch a 10 second video clip and tell us when the source of a labeled sound appears in the frame of the video,"annotating, video, audio",$0.07,Mon Jul 09 12:55:18 PDT 2018,1,BatchId:3296187;OriginalHitTemplateId:920937336;,3600,432000,Mon Jul 16 12:55:18 PDT 2018,,,37Z929RLGBI6FDPS28DSPI4NPREST2,A1NOFP5DV5S7DW,Approved,Mon Jul 09 13:05:19 PDT 2018,Mon Jul 09 13:05:38 PDT 2018,Sat Jul 14 13:05:38 PDT 2018,2018-07-14 20:06:00 UTC,,,19,100% (93/93),100% (93/93),100% (28/28),D-Y0qdxJJcg,40,50,Cheering,"Encouraging, stimulating, or exciting vocalizations indicating approval or welcoming persons, announcements, etc.",0,1,{},1,temporal,{},1,1,1,1,1,1,1,1,1,1,1,1,1,1,1,1,1,1,1,1,1,1,1,1,1,1,1,1,1,1,1,1,1,1,1,1,1,1,1,1,{},"Mozilla/5.0 (Windows NT 10.0; Win64; x64) AppleWebKit/537.36 (KHTML, like Gecko) Chrome/67.0.3396.99 Safari/537.36",0,D-Y0qdxJJcg,,
32204AGAACMAYFRCHCXKY1M95M1GH6,3CM00QMEUMWAO45EUQFF7TCUAYEW69,Annotate when audio source appears in video,Watch a 10 second video clip and tell us when the source of a labeled sound appears in the frame of the video,"annotating, video, audio",$0.07,Mon Jul 09 12:55:19 PDT 2018,1,BatchId:3296187;OriginalHitTemplateId:920937336;,3600,432000,Mon Jul 16 12:55:19 PDT 2018,,,3YMTUJH0DUQNDSNHC7HARFOHBC74T5,A377TAR5S3BU74,Approved,Mon Jul 09 14:08:59 PDT 2018,Mon Jul 09 14:21:41 PDT 2018,Sat Jul 14 14:21:41 PDT 2018,2018-07-14 21:22:00 UTC,,,762,100% (258/258),100% (258/258),100% (206/206),g7OdubFsGXg,30,40,Cheering,"Encouraging, stimulating, or exciting vocalizations indicating approval or welcoming persons, announcements, etc.",0,1,{},1,temporal,{},0,0,0,0,0,0,0,0,1,1,1,1,1,1,1,1,1,1,1,1,1,1,1,1,1,1,1,1,1,1,1,1,1,1,1,1,1,1,1,1,{},"Mozilla/5.0 (Windows NT 10.0; Win64; x64) AppleWebKit/537.36 (KHTML, like Gecko) Chrome/67.0.3396.99 Safari/537.36",0,g7OdubFsGXg,,
37G6BXQPLRVPRUUOU7UQ7CTYJTIQEV,3CM00QMEUMWAO45EUQFF7TCUAYEW69,Annotate when audio source appears in video,Watch a 10 second video clip and tell us when the source of a labeled sound appears in the frame of the video,"annotating, video, audio",$0.07,Mon Jul 09 12:55:19 PDT 2018,1,BatchId:3296187;OriginalHitTemplateId:920937336;,3600,432000,Mon Jul 16 12:55:19 PDT 2018,,,3P1L2B7AD3Z3Y8PUMIUSJMK5YQSOL3,A377TAR5S3BU74,Approved,Mon Jul 09 14:28:41 PDT 2018,Mon Jul 09 14:34:15 PDT 2018,Sat Jul 14 14:34:15 PDT 2018,2018-07-14 21:35:00 UTC,,,334,100% (258/258),100% (258/258),100% (206/206),i9zlrh0ZeXo,490,500,Cheering,"Encouraging, stimulating, or exciting vocalizations indicating approval or welcoming persons, announcements, etc.",0,1,{},1,temporal,{},1,1,1,1,1,1,1,1,1,1,1,1,1,1,1,1,1,1,1,1,1,1,1,1,1,1,1,1,1,1,1,1,1,1,1,1,1,1,1,1,{},"Mozilla/5.0 (Windows NT 10.0; Win64; x64) AppleWebKit/537.36 (KHTML, like Gecko) Chrome/67.0.3396.99 Safari/537.36",0,i9zlrh0ZeXo,,
35O6H0UNLTQ89OXIOGHE6HBZS5RJ5W,3CM00QMEUMWAO45EUQFF7TCUAYEW69,Annotate when audio source appears in video,Watch a 10 second video clip and tell us when the source of a labeled sound appears in the frame of the video,"annotating, video, audio",$0.07,Mon Jul 09 12:55:19 PDT 2018,1,BatchId:3296187;OriginalHitTemplateId:920937336;,3600,432000,Mon Jul 16 12:55:19 PDT 2018,,,3S4AW7T80DSZUFFC3YFJ5OE0HYUL4Q,A229NBQ2QJR4HM,Approved,Mon Jul 09 13:12:45 PDT 2018,Mon Jul 09 13:19:00 PDT 2018,Sat Jul 14 13:19:00 PDT 2018,2018-07-14 20:19:01 UTC,,,375,100% (17/17),100% (17/17),100% (17/17),AHKXLA5L4HM,20,30,Cheering,"Encouraging, stimulating, or exciting vocalizations indicating approval or welcoming persons, announcements, etc.",1,1,"The entirety of the video depicts a crowd in the background cheering on the women who are going to dance and then dance. As a result of such, the entire search bar has been annotated.",1,temporal,{},1,1,1,1,1,1,1,1,1,1,1,1,1,1,1,1,1,1,1,1,1,1,1,1,1,1,1,1,1,1,1,1,1,1,1,1,1,1,1,1,{},Mozilla/5.0 (Windows NT 6.3; Win64; x64; rv:61.0) Gecko/20100101 Firefox/61.0,0,AHKXLA5L4HM,,
3H4IKZHALCS8I3U97E5ST5S2SAWNNU,3CM00QMEUMWAO45EUQFF7TCUAYEW69,Annotate when audio source appears in video,Watch a 10 second video clip and tell us when the source of a labeled sound appears in the frame of the video,"annotating, video, audio",$0.07,Mon Jul 09 12:55:19 PDT 2018,1,BatchId:3296187;OriginalHitTemplateId:920937336;,3600,432000,Mon Jul 16 12:55:19 PDT 2018,,,3BF51CHDTXKG9VELTCDJ1TVGJ5Z0HC,A1NOFP5DV5S7DW,Approved,Mon Jul 09 13:02:56 PDT 2018,Mon Jul 09 13:03:15 PDT 2018,Sat Jul 14 13:03:15 PDT 2018,2018-07-14 20:04:00 UTC,,,19,100% (93/93),100% (93/93),100% (28/28),amaAHAA6IKk,330,340,Cheering,"Encouraging, stimulating, or exciting vocalizations indicating approval or welcoming persons, announcements, etc.",0,1,{},1,temporal,{},1,1,1,1,1,1,1,1,1,1,1,1,1,1,1,1,1,1,1,1,1,1,1,1,1,1,1,1,1,1,1,1,1,1,1,1,1,1,1,1,{},"Mozilla/5.0 (Windows NT 10.0; Win64; x64) AppleWebKit/537.36 (KHTML, like Gecko) Chrome/67.0.3396.99 Safari/537.36",0,amaAHAA6IKk,,
3LVTFB9DE6SNB8QF02KE7FEAW9XQGC,3CM00QMEUMWAO45EUQFF7TCUAYEW69,Annotate when audio source appears in video,Watch a 10 second video clip and tell us when the source of a labeled sound appears in the frame of the video,"annotating, video, audio",$0.07,Mon Jul 09 12:55:19 PDT 2018,1,BatchId:3296187;OriginalHitTemplateId:920937336;,3600,432000,Mon Jul 16 12:55:19 PDT 2018,,,30IQTZXKAMGDVLE0YGV54FJA7WE0X3,A377TAR5S3BU74,Approved,Mon Jul 09 14:06:53 PDT 2018,Mon Jul 09 14:17:59 PDT 2018,Sat Jul 14 14:17:59 PDT 2018,2018-07-14 21:18:00 UTC,,,666,100% (258/258),100% (258/258),100% (206/206),2DcuR1OxXy8,60,70,Cheering,"Encouraging, stimulating, or exciting vocalizations indicating approval or welcoming persons, announcements, etc.",0,1,{},1,temporal,{},1,1,1,1,1,1,1,1,1,1,1,1,1,1,1,1,1,1,1,1,1,1,1,1,1,1,1,1,1,1,1,1,1,1,1,1,1,1,1,1,{},"Mozilla/5.0 (Windows NT 10.0; Win64; x64) AppleWebKit/537.36 (KHTML, like Gecko) Chrome/67.0.3396.99 Safari/537.36",0,2DcuR1OxXy8,,
3MWOYZD5WWYQ0OUL8T558US7IK1NO9,3CM00QMEUMWAO45EUQFF7TCUAYEW69,Annotate when audio source appears in video,Watch a 10 second video clip and tell us when the source of a labeled sound appears in the frame of the video,"annotating, video, audio",$0.07,Mon Jul 09 12:55:19 PDT 2018,1,BatchId:3296187;OriginalHitTemplateId:920937336;,3600,432000,Mon Jul 16 12:55:19 PDT 2018,,,33IZTU6J83BDWUYC7IEPELPT2O4SXP,A2XK3VMWPMWADQ,Approved,Mon Jul 09 14:26:08 PDT 2018,Mon Jul 09 14:26:37 PDT 2018,Sat Jul 14 14:26:37 PDT 2018,2018-07-14 21:27:00 UTC,,,29,100% (27/27),100% (27/27),100% (27/27),mFdstMBNkAc,180,190,Cheering,"Encouraging, stimulating, or exciting vocalizations indicating approval or welcoming persons, announcements, etc.",0,1,{},1,temporal,{},0,0,0,0,0,0,0,0,0,0,0,0,0,0,0,0,0,0,0,0,0,0,0,1,1,1,1,1,1,1,1,1,1,1,1,1,1,1,1,1,{},"Mozilla/5.0 (Macintosh; Intel Mac OS X 10_12_6) AppleWebKit/537.36 (KHTML, like Gecko) Chrome/67.0.3396.99 Safari/537.36",0,mFdstMBNkAc,,
3THR0FZ95Q30COR0WGPQV2OIDP1LO5,3CM00QMEUMWAO45EUQFF7TCUAYEW69,Annotate when audio source appears in video,Watch a 10 second video clip and tell us when the source of a labeled sound appears in the frame of the video,"annotating, video, audio",$0.07,Mon Jul 09 12:55:19 PDT 2018,1,BatchId:3296187;OriginalHitTemplateId:920937336;,3600,432000,Mon Jul 16 12:55:19 PDT 2018,,,3II4UPYCOLHNL8EIOEO8PE704IGDQS,A9LX66EQWDRQ5,Approved,Mon Jul 09 13:23:23 PDT 2018,Mon Jul 09 13:23:59 PDT 2018,Sat Jul 14 13:23:59 PDT 2018,2018-07-14 20:24:00 UTC,,,36,100% (472/472),100% (472/472),100% (472/472),6R0nmsdloDg,0,10,Cheering,"Encouraging, stimulating, or exciting vocalizations indicating approval or welcoming persons, announcements, etc.",0,1,{},1,temporal,{},1,1,1,1,1,1,1,1,1,1,1,1,1,1,1,1,1,1,1,1,1,1,1,1,1,1,1,1,1,1,1,1,1,1,1,1,1,1,1,1,{},"Mozilla/5.0 (Windows NT 10.0; Win64; x64) AppleWebKit/537.36 (KHTML, like Gecko) Chrome/67.0.3396.99 Safari/537.36",0,6R0nmsdloDg,,
3SU800BH8726GQRAK79VBUF15HCUQG,3CM00QMEUMWAO45EUQFF7TCUAYEW69,Annotate when audio source appears in video,Watch a 10 second video clip and tell us when the source of a labeled sound appears in the frame of the video,"annotating, video, audio",$0.07,Mon Jul 09 12:55:19 PDT 2018,1,BatchId:3296187;OriginalHitTemplateId:920937336;,3600,432000,Mon Jul 16 12:55:19 PDT 2018,,,3VHHR074H5RWD2XV5WDQ80YA81SL7K,A377TAR5S3BU74,Approved,Mon Jul 09 13:27:59 PDT 2018,Mon Jul 09 13:28:14 PDT 2018,Sat Jul 14 13:28:14 PDT 2018,2018-07-14 20:29:00 UTC,,,15,100% (258/258),100% (258/258),100% (206/206),cbxx2OkVl9o,120,130,Cheering,"Encouraging, stimulating, or exciting vocalizations indicating approval or welcoming persons, announcements, etc.",0,1,{},1,temporal,{},1,1,1,1,1,1,1,1,1,1,1,1,1,1,1,1,1,1,1,1,1,1,1,1,1,1,1,1,1,1,1,1,1,1,1,1,1,1,1,1,{},"Mozilla/5.0 (Windows NT 10.0; Win64; x64) AppleWebKit/537.36 (KHTML, like Gecko) Chrome/67.0.3396.99 Safari/537.36",0,cbxx2OkVl9o,,
306W7JMRYZ8LENI8YMB0KD2DMQJ8B2,3CM00QMEUMWAO45EUQFF7TCUAYEW69,Annotate when audio source appears in video,Watch a 10 second video clip and tell us when the source of a labeled sound appears in the frame of the video,"annotating, video, audio",$0.07,Mon Jul 09 12:55:20 PDT 2018,1,BatchId:3296187;OriginalHitTemplateId:920937336;,3600,432000,Mon Jul 16 12:55:20 PDT 2018,,,3WMINLGALDDLT01NZMWBF8ADF01AC1,A1S7HZI6EWAKMH,Approved,Mon Jul 09 14:04:24 PDT 2018,Mon Jul 09 14:06:48 PDT 2018,Sat Jul 14 14:06:48 PDT 2018,2018-07-14 21:07:00 UTC,,,144,100% (10/10),100% (10/10),100% (8/8),NCCvwbnU-xY,30,40,Cheering,"Encouraging, stimulating, or exciting vocalizations indicating approval or welcoming persons, announcements, etc.",0,1,{},1,temporal,{},1,1,1,1,1,1,1,1,1,1,1,1,1,1,1,1,1,1,1,1,1,1,1,1,1,1,1,1,1,1,1,1,1,1,1,1,1,1,1,1,{},"Mozilla/5.0 (Macintosh; Intel Mac OS X 10_13_1) AppleWebKit/604.3.5 (KHTML, like Gecko) Version/11.0.1 Safari/604.3.5",0,NCCvwbnU-xY,,
3TZ0XG8CBVU2QU3B02X4T77NYQG89S,3CM00QMEUMWAO45EUQFF7TCUAYEW69,Annotate when audio source appears in video,Watch a 10 second video clip and tell us when the source of a labeled sound appears in the frame of the video,"annotating, video, audio",$0.07,Mon Jul 09 12:55:20 PDT 2018,1,BatchId:3296187;OriginalHitTemplateId:920937336;,3600,432000,Mon Jul 16 12:55:20 PDT 2018,,,320DUZ38G9W9B5KWVE57YYYB3EXJG8,A1NOFP5DV5S7DW,Approved,Mon Jul 09 13:11:10 PDT 2018,Mon Jul 09 13:11:35 PDT 2018,Sat Jul 14 13:11:35 PDT 2018,2018-07-14 20:12:00 UTC,,,25,100% (93/93),100% (93/93),100% (28/28),ypLA1f1kWm4,70,80,Cheering,"Encouraging, stimulating, or exciting vocalizations indicating approval or welcoming persons, announcements, etc.",0,1,{},1,temporal,{},0,0,0,0,0,0,0,0,0,0,0,0,0,0,0,0,0,0,0,0,0,0,0,0,0,0,0,0,0,0,0,0,1,1,1,1,1,1,1,1,{},"Mozilla/5.0 (Windows NT 10.0; Win64; x64) AppleWebKit/537.36 (KHTML, like Gecko) Chrome/67.0.3396.99 Safari/537.36",0,ypLA1f1kWm4,,
30Z7M1Q8UZUGVDDGS8B4P2I748Y8A7,3CM00QMEUMWAO45EUQFF7TCUAYEW69,Annotate when audio source appears in video,Watch a 10 second video clip and tell us when the source of a labeled sound appears in the frame of the video,"annotating, video, audio",$0.07,Mon Jul 09 12:55:20 PDT 2018,1,BatchId:3296187;OriginalHitTemplateId:920937336;,3600,432000,Mon Jul 16 12:55:20 PDT 2018,,,3S4AW7T80DSZUFFC3YFJ5OE0HYSL4O,A377TAR5S3BU74,Approved,Mon Jul 09 13:09:34 PDT 2018,Mon Jul 09 13:09:45 PDT 2018,Sat Jul 14 13:09:45 PDT 2018,2018-07-14 20:10:00 UTC,,,11,100% (258/258),100% (258/258),100% (206/206),Sc5lg0uNP20,0,10,Cheering,"Encouraging, stimulating, or exciting vocalizations indicating approval or welcoming persons, announcements, etc.",0,1,{},1,temporal,{},1,1,1,1,1,1,1,1,1,1,1,1,1,1,1,1,1,1,1,1,1,1,1,1,1,1,1,1,1,1,1,1,1,1,1,1,1,1,1,1,{},"Mozilla/5.0 (Windows NT 10.0; Win64; x64) AppleWebKit/537.36 (KHTML, like Gecko) Chrome/67.0.3396.99 Safari/537.36",0,Sc5lg0uNP20,,
3YCT0L9OMNJ5YGMEFAMESZ28F94NS6,3CM00QMEUMWAO45EUQFF7TCUAYEW69,Annotate when audio source appears in video,Watch a 10 second video clip and tell us when the source of a labeled sound appears in the frame of the video,"annotating, video, audio",$0.07,Mon Jul 09 12:55:20 PDT 2018,1,BatchId:3296187;OriginalHitTemplateId:920937336;,3600,432000,Mon Jul 16 12:55:20 PDT 2018,,,3EFVCAY5L5JUIQEECGTJ6LHDFWG8JF,A25R76X0ZIKSK4,Approved,Mon Jul 09 14:19:40 PDT 2018,Mon Jul 09 14:23:59 PDT 2018,Sat Jul 14 14:23:59 PDT 2018,2018-07-14 21:24:00 UTC,,,259,100% (3/3),100% (3/3),100% (3/3),S9bVNxwnsBw,130,140,Cheering,"Encouraging, stimulating, or exciting vocalizations indicating approval or welcoming persons, announcements, etc.",1,1,Part of the crowd is visible but you cannot see where the majority of the cheering is coming from,1,temporal,{},0,0,0,1,1,1,1,1,1,1,1,1,1,1,1,1,1,1,1,1,1,1,1,1,1,1,1,1,1,1,1,1,1,1,1,0,0,0,0,0,{},"Mozilla/5.0 (Macintosh; Intel Mac OS X 10_13_5) AppleWebKit/605.1.15 (KHTML, like Gecko) Version/11.1.1 Safari/605.1.15",0,S9bVNxwnsBw,,
3511RHPADWO391JGO86UPXTNOCLLRE,3CM00QMEUMWAO45EUQFF7TCUAYEW69,Annotate when audio source appears in video,Watch a 10 second video clip and tell us when the source of a labeled sound appears in the frame of the video,"annotating, video, audio",$0.07,Mon Jul 09 12:55:21 PDT 2018,1,BatchId:3296187;OriginalHitTemplateId:920937336;,3600,432000,Mon Jul 16 12:55:21 PDT 2018,,,3SLE99ER0PN3K3HPXEGFLHV4605BZT,A377TAR5S3BU74,Approved,Mon Jul 09 13:57:07 PDT 2018,Mon Jul 09 14:08:45 PDT 2018,Sat Jul 14 14:08:45 PDT 2018,2018-07-14 21:09:00 UTC,,,698,100% (258/258),100% (258/258),100% (206/206),o_XPzr2U-HE,30,40,Cheering,"Encouraging, stimulating, or exciting vocalizations indicating approval or welcoming persons, announcements, etc.",0,1,{},1,temporal,{},1,1,1,1,1,1,1,1,1,1,1,1,1,1,1,1,1,1,1,1,1,1,1,1,1,1,1,1,1,1,1,1,1,1,1,1,1,1,1,1,{},"Mozilla/5.0 (Windows NT 10.0; Win64; x64) AppleWebKit/537.36 (KHTML, like Gecko) Chrome/67.0.3396.99 Safari/537.36",0,o_XPzr2U-HE,,
3IYI9285WTAT896X3Q4MKNH9KMDJC4,3CM00QMEUMWAO45EUQFF7TCUAYEW69,Annotate when audio source appears in video,Watch a 10 second video clip and tell us when the source of a labeled sound appears in the frame of the video,"annotating, video, audio",$0.07,Mon Jul 09 12:55:21 PDT 2018,1,BatchId:3296187;OriginalHitTemplateId:920937336;,3600,432000,Mon Jul 16 12:55:21 PDT 2018,,,3EICBYG6466WUT4RTS9O87DW5NGJCB,A1F71NCB0Y5Q2C,Approved,Mon Jul 09 13:31:16 PDT 2018,Mon Jul 09 13:31:34 PDT 2018,Sat Jul 14 13:31:34 PDT 2018,2018-07-14 20:32:00 UTC,,,18,100% (27/27),100% (27/27),100% (27/27),I-dp2wWXubQ,260,270,Cheering,"Encouraging, stimulating, or exciting vocalizations indicating approval or welcoming persons, announcements, etc.",0,1,{},1,temporal,{},1,0,0,0,0,0,0,0,0,0,0,0,0,0,0,0,0,0,0,0,0,0,0,0,0,0,0,0,0,0,0,0,0,0,0,0,0,0,0,0,{},"Mozilla/5.0 (Windows NT 10.0; Win64; x64) AppleWebKit/537.36 (KHTML, like Gecko) Chrome/67.0.3396.99 Safari/537.36",0,I-dp2wWXubQ,,
3W3RSPVVGT1VPTBXS21ZU8G7VBPLUI,3CM00QMEUMWAO45EUQFF7TCUAYEW69,Annotate when audio source appears in video,Watch a 10 second video clip and tell us when the source of a labeled sound appears in the frame of the video,"annotating, video, audio",$0.07,Mon Jul 09 12:55:21 PDT 2018,1,BatchId:3296187;OriginalHitTemplateId:920937336;,3600,432000,Mon Jul 16 12:55:21 PDT 2018,,,3PJ71Z61R6CN1EHKRJTR2HG25LT91W,A24HLD3Q8INQ4Z,Approved,Mon Jul 09 14:07:07 PDT 2018,Mon Jul 09 14:07:50 PDT 2018,Sat Jul 14 14:07:50 PDT 2018,2018-07-14 21:08:00 UTC,,,43,100% (18/18),100% (18/18),100% (18/18),dAlUcoTtSuM,0,7,Cheering,"Encouraging, stimulating, or exciting vocalizations indicating approval or welcoming persons, announcements, etc.",0,1,{},1,temporal,{},1,1,1,1,1,1,1,1,1,1,1,1,1,1,1,1,1,1,1,1,1,1,1,1,1,0,0,0,,,,,,,,,,,,,{},Mozilla/5.0 (Windows NT 10.0; Win64; x64; rv:61.0) Gecko/20100101 Firefox/61.0,0,dAlUcoTtSuM,,
3TKXBROM5UKKLCSXV008VQF4XRXJI6,3CM00QMEUMWAO45EUQFF7TCUAYEW69,Annotate when audio source appears in video,Watch a 10 second video clip and tell us when the source of a labeled sound appears in the frame of the video,"annotating, video, audio",$0.07,Mon Jul 09 12:55:22 PDT 2018,2,BatchId:3296187;OriginalHitTemplateId:920937336;,3600,432000,Wed Jul 18 11:54:06 PDT 2018,,,3FQ5JJ512NYAWH7003IEPX7LJS5KNS,A20F1SLHKHBUT3,Approved,Wed Jul 11 12:15:36 PDT 2018,Wed Jul 11 12:16:35 PDT 2018,Mon Jul 16 12:16:35 PDT 2018,Mon Jul 16 09:07:32 PDT 2018,,,59,100% (674/674),100% (674/674),100% (574/574),Z4pDGgDHwJY,230,240,Cheering,"Encouraging, stimulating, or exciting vocalizations indicating approval or welcoming persons, announcements, etc.",0,1,{},1,temporal,{},0,0,1,1,1,1,1,1,1,1,1,1,1,1,1,1,1,1,1,1,1,1,1,1,1,1,1,1,1,1,1,1,1,1,1,1,1,1,1,1,{},"Mozilla/5.0 (Windows NT 6.1; Win64; x64) AppleWebKit/537.36 (KHTML, like Gecko) Chrome/67.0.3396.99 Safari/537.36",0,Z4pDGgDHwJY,,
3TKXBROM5UKKLCSXV008VQF4XRXJI6,3CM00QMEUMWAO45EUQFF7TCUAYEW69,Annotate when audio source appears in video,Watch a 10 second video clip and tell us when the source of a labeled sound appears in the frame of the video,"annotating, video, audio",$0.07,Mon Jul 09 12:55:22 PDT 2018,2,BatchId:3296187;OriginalHitTemplateId:920937336;,3600,432000,Wed Jul 18 11:54:06 PDT 2018,,,3R2UR8A0ICQYY26J01XGUGFS5YWOXH,A33Z442WJQ8ADC,Rejected,Mon Jul 09 13:00:32 PDT 2018,Mon Jul 09 13:01:43 PDT 2018,Sat Jul 14 13:01:43 PDT 2018,,Wed Jul 11 11:54:06 PDT 2018,The annotations don't seem to have any connection to the sound. You also didn't click to expand the instructions,71,50% (2/4),50% (2/4),0% (0/0),Z4pDGgDHwJY,230,240,Cheering,"Encouraging, stimulating, or exciting vocalizations indicating approval or welcoming persons, announcements, etc.",0,1,{},1,temporal,{},0,1,0,0,0,0,0,0,1,0,0,0,0,0,1,0,0,0,0,1,0,0,1,0,0,0,0,1,0,0,0,1,0,0,0,0,0,0,0,0,{},"Mozilla/5.0 (Windows NT 6.1) AppleWebKit/537.36 (KHTML, like Gecko) Chrome/67.0.3396.99 Safari/537.36",0,Z4pDGgDHwJY,,
3PGQRAZX03UZAFQSMCVP9F0FJT8SY1,3CM00QMEUMWAO45EUQFF7TCUAYEW69,Annotate when audio source appears in video,Watch a 10 second video clip and tell us when the source of a labeled sound appears in the frame of the video,"annotating, video, audio",$0.07,Mon Jul 09 12:55:21 PDT 2018,1,BatchId:3296187;OriginalHitTemplateId:920937336;,3600,432000,Mon Jul 16 12:55:21 PDT 2018,,,3V5Q80FXIZ18BXA0TESVGNNLXZU23M,A377TAR5S3BU74,Approved,Mon Jul 09 13:57:45 PDT 2018,Mon Jul 09 14:17:05 PDT 2018,Sat Jul 14 14:17:05 PDT 2018,2018-07-14 21:18:00 UTC,,,1160,100% (258/258),100% (258/258),100% (206/206),VabH8NPM57s,30,40,Cheering,"Encouraging, stimulating, or exciting vocalizations indicating approval or welcoming persons, announcements, etc.",0,1,{},1,temporal,{},1,1,1,1,1,1,1,1,1,1,1,1,1,1,1,1,1,1,1,1,1,1,1,1,1,1,1,1,1,1,1,1,1,1,1,1,1,1,1,1,{},"Mozilla/5.0 (Windows NT 10.0; Win64; x64) AppleWebKit/537.36 (KHTML, like Gecko) Chrome/67.0.3396.99 Safari/537.36",0,VabH8NPM57s,,
388FBO7JZS32U2YNEGE3ALQ9WU0NYK,3CM00QMEUMWAO45EUQFF7TCUAYEW69,Annotate when audio source appears in video,Watch a 10 second video clip and tell us when the source of a labeled sound appears in the frame of the video,"annotating, video, audio",$0.07,Mon Jul 09 12:55:22 PDT 2018,1,BatchId:3296187;OriginalHitTemplateId:920937336;,3600,432000,Mon Jul 16 12:55:22 PDT 2018,,,3ZWFC4W1UWHKVT7ESZ8YI4KQCHGFRO,A2C9HJC2RDU10C,Approved,Mon Jul 09 14:01:50 PDT 2018,Mon Jul 09 14:02:34 PDT 2018,Sat Jul 14 14:02:34 PDT 2018,2018-07-14 21:03:00 UTC,,,44,100% (40/40),100% (40/40),100% (40/40),HhSO9jaRTG8,30,40,Cheering,"Encouraging, stimulating, or exciting vocalizations indicating approval or welcoming persons, announcements, etc.",0,1,{},1,temporal,{},0,0,0,0,0,0,0,0,0,0,0,0,0,0,0,0,0,0,0,0,0,0,0,0,0,0,0,0,1,1,1,1,1,1,1,1,1,1,1,1,{},"Mozilla/5.0 (Windows NT 10.0; Win64; x64) AppleWebKit/537.36 (KHTML, like Gecko) Chrome/58.0.3029.110 Safari/537.36 Edge/16.16299",0,HhSO9jaRTG8,,
36GJS3V78W06PLM25C05AE2OIE5JGE,3CM00QMEUMWAO45EUQFF7TCUAYEW69,Annotate when audio source appears in video,Watch a 10 second video clip and tell us when the source of a labeled sound appears in the frame of the video,"annotating, video, audio",$0.07,Mon Jul 09 12:55:21 PDT 2018,1,BatchId:3296187;OriginalHitTemplateId:920937336;,3600,432000,Mon Jul 16 12:55:21 PDT 2018,,,3Y4W8Q93L1UFQGAZADIIV168LAQDVH,A20F1SLHKHBUT3,Approved,Mon Jul 09 14:35:13 PDT 2018,Mon Jul 09 14:43:58 PDT 2018,Sat Jul 14 14:43:58 PDT 2018,2018-07-14 21:44:00 UTC,,,525,100% (674/674),100% (674/674),100% (574/574),HgCforzKvyQ,90,100,Cheering,"Encouraging, stimulating, or exciting vocalizations indicating approval or welcoming persons, announcements, etc.",0,1,{},1,temporal,{},0,0,0,1,1,1,1,1,1,1,1,1,1,1,1,1,1,1,1,1,1,1,1,1,1,1,1,1,1,1,1,1,1,1,1,1,1,1,1,0,{},"Mozilla/5.0 (Windows NT 6.1; Win64; x64) AppleWebKit/537.36 (KHTML, like Gecko) Chrome/67.0.3396.99 Safari/537.36",0,HgCforzKvyQ,,
3TY2U1TEB8KGGNC3DIL87RU4A6MJJI,3CM00QMEUMWAO45EUQFF7TCUAYEW69,Annotate when audio source appears in video,Watch a 10 second video clip and tell us when the source of a labeled sound appears in the frame of the video,"annotating, video, audio",$0.07,Mon Jul 09 12:55:22 PDT 2018,1,BatchId:3296187;OriginalHitTemplateId:920937336;,3600,432000,Mon Jul 16 12:55:22 PDT 2018,,,3IX2EGZR7DT00VTABPZJX2CI5N7JR3,A1JLQNPXN3NHVP,Approved,Mon Jul 09 13:10:01 PDT 2018,Mon Jul 09 13:10:42 PDT 2018,Sat Jul 14 13:10:42 PDT 2018,2018-07-14 20:11:00 UTC,,,41,100% (13/13),100% (13/13),100% (13/13),CmM5aTakLro,30,40,Cheering,"Encouraging, stimulating, or exciting vocalizations indicating approval or welcoming persons, announcements, etc.",0,1,{},1,temporal,{},1,1,1,1,1,1,1,1,1,1,1,1,1,1,1,1,1,1,1,1,1,1,1,1,1,1,1,1,1,1,1,1,1,1,1,1,1,1,1,1,{},"Mozilla/5.0 (Windows NT 10.0; Win64; x64) AppleWebKit/537.36 (KHTML, like Gecko) Chrome/67.0.3396.99 Safari/537.36",0,CmM5aTakLro,,
3MQKOF1EE3YPJLCAALICTJTZ7IYDWT,3CM00QMEUMWAO45EUQFF7TCUAYEW69,Annotate when audio source appears in video,Watch a 10 second video clip and tell us when the source of a labeled sound appears in the frame of the video,"annotating, video, audio",$0.07,Mon Jul 09 12:55:23 PDT 2018,1,BatchId:3296187;OriginalHitTemplateId:920937336;,3600,432000,Mon Jul 16 12:55:23 PDT 2018,,,3STRJBFXOY18RUCKXZ4QYWDD8X5KTH,A1NOFP5DV5S7DW,Approved,Mon Jul 09 13:11:49 PDT 2018,Mon Jul 09 13:12:05 PDT 2018,Sat Jul 14 13:12:05 PDT 2018,2018-07-14 20:13:00 UTC,,,16,100% (93/93),100% (93/93),100% (28/28),7npzDruMzpE,400,410,Cheering,"Encouraging, stimulating, or exciting vocalizations indicating approval or welcoming persons, announcements, etc.",0,1,{},1,temporal,{},1,1,1,1,1,1,1,1,1,1,1,1,1,1,1,1,1,1,1,1,1,1,1,1,1,1,1,1,1,1,1,1,1,1,1,1,1,1,1,1,{},"Mozilla/5.0 (Windows NT 10.0; Win64; x64) AppleWebKit/537.36 (KHTML, like Gecko) Chrome/67.0.3396.99 Safari/537.36",0,7npzDruMzpE,,
31SIZS5W5APE0YZTGDEQ6JSHYI8QR8,3CM00QMEUMWAO45EUQFF7TCUAYEW69,Annotate when audio source appears in video,Watch a 10 second video clip and tell us when the source of a labeled sound appears in the frame of the video,"annotating, video, audio",$0.07,Mon Jul 09 12:55:23 PDT 2018,1,BatchId:3296187;OriginalHitTemplateId:920937336;,3600,432000,Mon Jul 16 12:55:23 PDT 2018,,,3RGU30DZTCI93FGI6H32B3I8Z01MJB,A1JLQNPXN3NHVP,Approved,Mon Jul 09 12:58:55 PDT 2018,Mon Jul 09 13:02:59 PDT 2018,Sat Jul 14 13:02:59 PDT 2018,2018-07-14 20:03:00 UTC,,,244,100% (13/13),100% (13/13),100% (13/13),DHxtTZb4tzg,230,240,Cheering,"Encouraging, stimulating, or exciting vocalizations indicating approval or welcoming persons, announcements, etc.",1,1,{},1,temporal,{},0,0,0,0,0,0,0,0,0,0,0,0,0,0,0,1,0,0,0,0,0,0,0,0,0,0,0,0,0,0,0,0,0,0,0,0,0,0,0,1,{},"Mozilla/5.0 (Windows NT 10.0; Win64; x64) AppleWebKit/537.36 (KHTML, like Gecko) Chrome/67.0.3396.99 Safari/537.36",0,DHxtTZb4tzg,,
3ZRKL6Z1E9DZOO5SS69J2FTBEXIGSR,3CM00QMEUMWAO45EUQFF7TCUAYEW69,Annotate when audio source appears in video,Watch a 10 second video clip and tell us when the source of a labeled sound appears in the frame of the video,"annotating, video, audio",$0.07,Mon Jul 09 12:55:23 PDT 2018,1,BatchId:3296187;OriginalHitTemplateId:920937336;,3600,432000,Mon Jul 16 12:55:23 PDT 2018,,,3Z9WI9EOZ1YIMLLPX5N1KDAPX4XHKT,A377TAR5S3BU74,Approved,Mon Jul 09 13:56:45 PDT 2018,Mon Jul 09 14:04:11 PDT 2018,Sat Jul 14 14:04:11 PDT 2018,2018-07-14 21:05:00 UTC,,,446,100% (258/258),100% (258/258),100% (206/206),HSfs4TziUag,110,120,Cheering,"Encouraging, stimulating, or exciting vocalizations indicating approval or welcoming persons, announcements, etc.",0,1,{},1,temporal,{},1,1,1,1,1,1,1,1,1,1,1,1,1,1,1,1,1,1,1,1,1,1,1,1,1,1,1,1,1,1,1,1,1,1,1,1,1,1,1,1,{},"Mozilla/5.0 (Windows NT 10.0; Win64; x64) AppleWebKit/537.36 (KHTML, like Gecko) Chrome/67.0.3396.99 Safari/537.36",0,HSfs4TziUag,,
3QTFNPMJC7S2ZS8SA2GMOSZB2O4NZB,3CM00QMEUMWAO45EUQFF7TCUAYEW69,Annotate when audio source appears in video,Watch a 10 second video clip and tell us when the source of a labeled sound appears in the frame of the video,"annotating, video, audio",$0.07,Mon Jul 09 12:55:23 PDT 2018,1,BatchId:3296187;OriginalHitTemplateId:920937336;,3600,432000,Mon Jul 16 12:55:23 PDT 2018,,,32AT8R96GNJLFQ4H2D32UEQP86OUS0,A2XK3VMWPMWADQ,Approved,Mon Jul 09 14:27:59 PDT 2018,Mon Jul 09 14:28:21 PDT 2018,Sat Jul 14 14:28:21 PDT 2018,2018-07-14 21:29:00 UTC,,,22,100% (27/27),100% (27/27),100% (27/27),9u6I3b9OKpA,30,40,Cheering,"Encouraging, stimulating, or exciting vocalizations indicating approval or welcoming persons, announcements, etc.",0,1,{},1,temporal,{},1,1,1,1,1,1,1,1,1,1,1,1,1,1,1,1,1,1,1,1,1,1,1,1,1,1,1,1,1,1,1,1,1,1,1,1,1,1,1,1,{},"Mozilla/5.0 (Macintosh; Intel Mac OS X 10_12_6) AppleWebKit/537.36 (KHTML, like Gecko) Chrome/67.0.3396.99 Safari/537.36",0,9u6I3b9OKpA,,
3DWGDA5POGEIC1WT4ITL6F9CBCTV1B,3CM00QMEUMWAO45EUQFF7TCUAYEW69,Annotate when audio source appears in video,Watch a 10 second video clip and tell us when the source of a labeled sound appears in the frame of the video,"annotating, video, audio",$0.07,Mon Jul 09 12:55:23 PDT 2018,1,BatchId:3296187;OriginalHitTemplateId:920937336;,3600,432000,Mon Jul 16 12:55:23 PDT 2018,,,3M0BCWMB8X6ZQ8CKMRW8MD1MPYOWBB,A9LX66EQWDRQ5,Approved,Mon Jul 09 13:30:07 PDT 2018,Mon Jul 09 13:30:36 PDT 2018,Sat Jul 14 13:30:36 PDT 2018,2018-07-14 20:31:00 UTC,,,29,100% (472/472),100% (472/472),100% (472/472),5RE4Dc2jGvs,70,80,Cheering,"Encouraging, stimulating, or exciting vocalizations indicating approval or welcoming persons, announcements, etc.",0,1,{},1,temporal,{},1,1,1,1,1,1,1,1,1,1,1,1,1,1,1,1,1,1,1,1,1,1,1,1,1,1,1,1,1,1,1,1,1,1,1,1,1,1,1,1,{},"Mozilla/5.0 (Windows NT 10.0; Win64; x64) AppleWebKit/537.36 (KHTML, like Gecko) Chrome/67.0.3396.99 Safari/537.36",0,5RE4Dc2jGvs,,
3FTID4TN8M8C62V223YOXTMKRZ0LYG,3CM00QMEUMWAO45EUQFF7TCUAYEW69,Annotate when audio source appears in video,Watch a 10 second video clip and tell us when the source of a labeled sound appears in the frame of the video,"annotating, video, audio",$0.07,Mon Jul 09 12:55:23 PDT 2018,1,BatchId:3296187;OriginalHitTemplateId:920937336;,3600,432000,Mon Jul 16 12:55:23 PDT 2018,,,3H0W84IWBMCSPF7IXOOS0MZQ0GTERX,A377TAR5S3BU74,Approved,Mon Jul 09 13:41:28 PDT 2018,Mon Jul 09 13:46:04 PDT 2018,Sat Jul 14 13:46:04 PDT 2018,2018-07-14 20:47:00 UTC,,,276,100% (258/258),100% (258/258),100% (206/206),P6p1l1OJrBQ,0,3,Cheering,"Encouraging, stimulating, or exciting vocalizations indicating approval or welcoming persons, announcements, etc.",0,1,{},1,temporal,{},1,1,1,1,1,1,1,1,1,1,1,1,,,,,,,,,,,,,,,,,,,,,,,,,,,,,{},"Mozilla/5.0 (Windows NT 10.0; Win64; x64) AppleWebKit/537.36 (KHTML, like Gecko) Chrome/67.0.3396.99 Safari/537.36",0,P6p1l1OJrBQ,,
3ICOHX7ENDL131PPD90BS62G6PKE0L,3CM00QMEUMWAO45EUQFF7TCUAYEW69,Annotate when audio source appears in video,Watch a 10 second video clip and tell us when the source of a labeled sound appears in the frame of the video,"annotating, video, audio",$0.07,Mon Jul 09 12:55:23 PDT 2018,1,BatchId:3296187;OriginalHitTemplateId:920937336;,3600,432000,Mon Jul 16 12:55:23 PDT 2018,,,3ZAZR5XV03SMU89VBECAW11MOLICZE,A2XK3VMWPMWADQ,Approved,Mon Jul 09 14:30:07 PDT 2018,Mon Jul 09 14:30:48 PDT 2018,Sat Jul 14 14:30:48 PDT 2018,2018-07-14 21:31:00 UTC,,,41,100% (27/27),100% (27/27),100% (27/27),nEahTzq1wQY,510,520,Cheering,"Encouraging, stimulating, or exciting vocalizations indicating approval or welcoming persons, announcements, etc.",0,1,{},1,temporal,{},0,0,0,0,0,0,0,0,0,0,0,0,0,0,1,1,1,1,1,1,1,1,1,1,1,1,1,1,1,1,1,1,1,1,1,1,1,1,1,1,{},"Mozilla/5.0 (Macintosh; Intel Mac OS X 10_12_6) AppleWebKit/537.36 (KHTML, like Gecko) Chrome/67.0.3396.99 Safari/537.36",0,nEahTzq1wQY,,
3FULMHZ7OV7GEDZ3D8BWHHX2W3RM4Y,3CM00QMEUMWAO45EUQFF7TCUAYEW69,Annotate when audio source appears in video,Watch a 10 second video clip and tell us when the source of a labeled sound appears in the frame of the video,"annotating, video, audio",$0.07,Mon Jul 09 12:55:25 PDT 2018,1,BatchId:3296187;OriginalHitTemplateId:920937336;,3600,432000,Mon Jul 16 12:55:25 PDT 2018,,,3K3R2QNK8DD3AB8IT73BDJLZGIOU9E,A2C9HJC2RDU10C,Approved,Mon Jul 09 14:00:14 PDT 2018,Mon Jul 09 14:01:50 PDT 2018,Sat Jul 14 14:01:50 PDT 2018,2018-07-14 21:02:00 UTC,,,96,100% (40/40),100% (40/40),100% (40/40),QQEsuvdGFuY,0,10,Cheering,"Encouraging, stimulating, or exciting vocalizations indicating approval or welcoming persons, announcements, etc.",0,0,{},1,temporal,{},1,1,1,1,1,1,1,1,1,1,1,0,0,0,0,0,0,0,0,0,0,0,0,0,0,0,0,0,0,0,0,0,0,0,0,0,0,0,0,0,{},"Mozilla/5.0 (Windows NT 10.0; Win64; x64) AppleWebKit/537.36 (KHTML, like Gecko) Chrome/58.0.3029.110 Safari/537.36 Edge/16.16299",0,QQEsuvdGFuY,,
363A7XIFV5WE6P9T01MEHG2FF6ZVAZ,3CM00QMEUMWAO45EUQFF7TCUAYEW69,Annotate when audio source appears in video,Watch a 10 second video clip and tell us when the source of a labeled sound appears in the frame of the video,"annotating, video, audio",$0.07,Mon Jul 09 12:55:27 PDT 2018,1,BatchId:3296187;OriginalHitTemplateId:920937336;,3600,432000,Mon Jul 16 12:55:27 PDT 2018,,,3ON104KXQM6F59RB7CMLEZVGF6E4WK,A78AOH8YQ74IH,Approved,Mon Jul 09 13:41:48 PDT 2018,Mon Jul 09 13:49:24 PDT 2018,Sat Jul 14 13:49:24 PDT 2018,2018-07-14 20:50:00 UTC,,,456,100% (2/2),100% (2/2),100% (2/2),FNBtLt_lOPc,30,40,Cheering,"Encouraging, stimulating, or exciting vocalizations indicating approval or welcoming persons, announcements, etc.",1,1,vanilla bean,1,temporal,{},1,1,1,1,1,1,1,1,1,1,1,1,1,1,1,1,1,1,1,1,1,1,1,1,1,1,1,1,1,1,1,1,1,1,1,1,1,1,1,1,{},"Mozilla/5.0 (Windows NT 10.0; Win64; x64) AppleWebKit/537.36 (KHTML, like Gecko) Chrome/67.0.3396.99 Safari/537.36",0,FNBtLt_lOPc,,
3L7SUC0TTV4ZFPH2U7OU5E7PFRBM0I,3CM00QMEUMWAO45EUQFF7TCUAYEW69,Annotate when audio source appears in video,Watch a 10 second video clip and tell us when the source of a labeled sound appears in the frame of the video,"annotating, video, audio",$0.07,Mon Jul 09 12:55:24 PDT 2018,1,BatchId:3296187;OriginalHitTemplateId:920937336;,3600,432000,Mon Jul 16 12:55:24 PDT 2018,,,388U7OUMF9BTYPSOPHPDFXXM6FK0RY,A9CK73HWLH7UU,Approved,Mon Jul 09 13:42:35 PDT 2018,Mon Jul 09 13:46:24 PDT 2018,Sat Jul 14 13:46:24 PDT 2018,2018-07-14 20:47:00 UTC,,,229,100% (5/5),100% (5/5),100% (5/5),DaNSG_ClT3s,10,20,Cheering,"Encouraging, stimulating, or exciting vocalizations indicating approval or welcoming persons, announcements, etc.",0,1,{},1,temporal,{},1,1,1,1,1,1,1,1,1,1,1,1,1,1,1,1,1,1,1,1,1,1,1,1,1,1,1,1,0,0,0,0,0,0,0,0,0,0,0,0,{},"Mozilla/5.0 (Windows NT 10.0; Win64; x64) AppleWebKit/537.36 (KHTML, like Gecko) Chrome/67.0.3396.99 Safari/537.36",0,DaNSG_ClT3s,,
3LAZVA75NJ1UB25SMA7LG6P97PAO2J,3CM00QMEUMWAO45EUQFF7TCUAYEW69,Annotate when audio source appears in video,Watch a 10 second video clip and tell us when the source of a labeled sound appears in the frame of the video,"annotating, video, audio",$0.07,Mon Jul 09 12:55:24 PDT 2018,1,BatchId:3296187;OriginalHitTemplateId:920937336;,3600,432000,Mon Jul 16 12:55:24 PDT 2018,,,3H7Z272LX9HLJ81V1I778MPV8VMPLJ,A377TAR5S3BU74,Approved,Mon Jul 09 14:23:27 PDT 2018,Mon Jul 09 14:29:44 PDT 2018,Sat Jul 14 14:29:44 PDT 2018,2018-07-14 21:30:00 UTC,,,377,100% (258/258),100% (258/258),100% (206/206),9VysOj9j2DQ,30,40,Cheering,"Encouraging, stimulating, or exciting vocalizations indicating approval or welcoming persons, announcements, etc.",0,1,{},1,temporal,{},1,1,1,1,1,1,1,1,1,1,1,1,1,1,1,1,1,1,1,1,1,1,1,1,1,1,1,1,1,1,1,1,1,1,1,1,1,1,1,1,{},"Mozilla/5.0 (Windows NT 10.0; Win64; x64) AppleWebKit/537.36 (KHTML, like Gecko) Chrome/67.0.3396.99 Safari/537.36",0,9VysOj9j2DQ,,
35ZRNT9RUJ8JWK1BQALQZGU1D3AO3U,3CM00QMEUMWAO45EUQFF7TCUAYEW69,Annotate when audio source appears in video,Watch a 10 second video clip and tell us when the source of a labeled sound appears in the frame of the video,"annotating, video, audio",$0.07,Mon Jul 09 12:55:25 PDT 2018,1,BatchId:3296187;OriginalHitTemplateId:920937336;,3600,432000,Mon Jul 16 12:55:25 PDT 2018,,,3GLB5JMZFZ5W8JK4LIJWV03YYUZDGN,A377TAR5S3BU74,Approved,Mon Jul 09 13:09:20 PDT 2018,Mon Jul 09 13:09:33 PDT 2018,Sat Jul 14 13:09:33 PDT 2018,2018-07-14 20:10:00 UTC,,,13,100% (258/258),100% (258/258),100% (206/206),bNepQ4h1H6Q,350,360,Cheering,"Encouraging, stimulating, or exciting vocalizations indicating approval or welcoming persons, announcements, etc.",0,1,{},1,temporal,{},1,1,1,1,1,1,1,1,1,1,1,1,1,1,1,1,1,1,1,1,1,1,1,1,1,1,1,1,1,1,1,1,1,1,1,1,1,1,1,1,{},"Mozilla/5.0 (Windows NT 10.0; Win64; x64) AppleWebKit/537.36 (KHTML, like Gecko) Chrome/67.0.3396.99 Safari/537.36",0,bNepQ4h1H6Q,,
3URJ6VVYUQX4EGKFQOQ99LM7R36O4F,3CM00QMEUMWAO45EUQFF7TCUAYEW69,Annotate when audio source appears in video,Watch a 10 second video clip and tell us when the source of a labeled sound appears in the frame of the video,"annotating, video, audio",$0.07,Mon Jul 09 12:55:25 PDT 2018,1,BatchId:3296187;OriginalHitTemplateId:920937336;,3600,432000,Mon Jul 16 12:55:25 PDT 2018,,,3VAR3R6G1RB8J15BSTLOEHYZEQU8O2,A2XK3VMWPMWADQ,Approved,Mon Jul 09 14:29:07 PDT 2018,Mon Jul 09 14:29:25 PDT 2018,Sat Jul 14 14:29:25 PDT 2018,2018-07-14 21:30:00 UTC,,,18,100% (27/27),100% (27/27),100% (27/27),lMNKriF2crE,320,330,Cheering,"Encouraging, stimulating, or exciting vocalizations indicating approval or welcoming persons, announcements, etc.",0,1,{},1,temporal,{},1,1,1,1,1,1,1,1,1,1,1,1,1,1,1,1,1,1,1,1,1,1,1,1,1,1,1,1,1,1,1,1,1,1,1,1,1,1,1,1,{},"Mozilla/5.0 (Macintosh; Intel Mac OS X 10_12_6) AppleWebKit/537.36 (KHTML, like Gecko) Chrome/67.0.3396.99 Safari/537.36",0,lMNKriF2crE,,
3Z8UJEJOC0NGPXX5OL282QZCI4P39W,3CM00QMEUMWAO45EUQFF7TCUAYEW69,Annotate when audio source appears in video,Watch a 10 second video clip and tell us when the source of a labeled sound appears in the frame of the video,"annotating, video, audio",$0.07,Mon Jul 09 12:55:25 PDT 2018,1,BatchId:3296187;OriginalHitTemplateId:920937336;,3600,432000,Mon Jul 16 12:55:25 PDT 2018,,,3ZAK8W07I6OLEHK5TBKIK8K6DETU01,AM147DT7IA6Z9,Approved,Mon Jul 09 13:57:18 PDT 2018,Mon Jul 09 13:58:07 PDT 2018,Sat Jul 14 13:58:07 PDT 2018,2018-07-14 20:59:00 UTC,,,49,100% (11/11),100% (11/11),100% (11/11),JQ-RNgXcZm8,290,300,Cheering,"Encouraging, stimulating, or exciting vocalizations indicating approval or welcoming persons, announcements, etc.",0,1,{},1,temporal,{},1,1,1,1,1,1,1,1,1,1,1,1,1,1,1,1,1,1,1,1,1,1,1,1,1,1,1,1,1,1,1,1,1,1,1,1,1,0,0,0,{},"Mozilla/5.0 (Windows NT 6.1; Win64; x64) AppleWebKit/537.36 (KHTML, like Gecko) Chrome/67.0.3396.99 Safari/537.36",0,JQ-RNgXcZm8,,
3Z56AA6EK5AUT03HWW4BEFHGSUXM6J,3CM00QMEUMWAO45EUQFF7TCUAYEW69,Annotate when audio source appears in video,Watch a 10 second video clip and tell us when the source of a labeled sound appears in the frame of the video,"annotating, video, audio",$0.07,Mon Jul 09 12:55:26 PDT 2018,1,BatchId:3296187;OriginalHitTemplateId:920937336;,3600,432000,Mon Jul 16 12:55:26 PDT 2018,,,382M9COHEJPK57ZZ1IJX5XMA7F3EU7,A377TAR5S3BU74,Approved,Mon Jul 09 13:56:58 PDT 2018,Mon Jul 09 14:06:00 PDT 2018,Sat Jul 14 14:06:00 PDT 2018,2018-07-14 21:07:00 UTC,,,542,100% (258/258),100% (258/258),100% (206/206),XiBnlI2yfvE,330,340,Cheering,"Encouraging, stimulating, or exciting vocalizations indicating approval or welcoming persons, announcements, etc.",0,1,{},1,temporal,{},1,1,1,1,1,1,1,1,1,1,1,1,1,1,1,1,1,1,1,1,1,1,1,1,1,1,1,1,1,1,1,1,1,1,1,1,1,1,1,1,{},"Mozilla/5.0 (Windows NT 10.0; Win64; x64) AppleWebKit/537.36 (KHTML, like Gecko) Chrome/67.0.3396.99 Safari/537.36",0,XiBnlI2yfvE,,
3HJ1EVZS2PTMTXTRI22UTBZ6OQUR36,3CM00QMEUMWAO45EUQFF7TCUAYEW69,Annotate when audio source appears in video,Watch a 10 second video clip and tell us when the source of a labeled sound appears in the frame of the video,"annotating, video, audio",$0.07,Mon Jul 09 12:55:25 PDT 2018,1,BatchId:3296187;OriginalHitTemplateId:920937336;,3600,432000,Mon Jul 16 12:55:25 PDT 2018,,,30JNVC0ORBU4XOJKAA7YGZMYWAQHQM,AM147DT7IA6Z9,Approved,Mon Jul 09 14:00:02 PDT 2018,Mon Jul 09 14:00:47 PDT 2018,Sat Jul 14 14:00:47 PDT 2018,2018-07-14 21:01:00 UTC,,,45,100% (11/11),100% (11/11),100% (11/11),gFdZWSKIyfI,130,140,Cheering,"Encouraging, stimulating, or exciting vocalizations indicating approval or welcoming persons, announcements, etc.",0,1,{},1,temporal,{},1,1,1,1,0,0,0,0,0,0,0,0,1,1,1,1,1,1,1,1,1,1,1,1,1,1,1,1,1,1,1,1,1,1,1,1,1,1,1,1,{},"Mozilla/5.0 (Windows NT 6.1; Win64; x64) AppleWebKit/537.36 (KHTML, like Gecko) Chrome/67.0.3396.99 Safari/537.36",0,gFdZWSKIyfI,,
3QD8LUVX4Y8948275KWFXQJE3375X7,3CM00QMEUMWAO45EUQFF7TCUAYEW69,Annotate when audio source appears in video,Watch a 10 second video clip and tell us when the source of a labeled sound appears in the frame of the video,"annotating, video, audio",$0.07,Mon Jul 09 12:55:26 PDT 2018,1,BatchId:3296187;OriginalHitTemplateId:920937336;,3600,432000,Mon Jul 16 12:55:26 PDT 2018,,,30X31N5D65010HQJW8MBUDEV13YSAO,A20F1SLHKHBUT3,Approved,Mon Jul 09 14:32:56 PDT 2018,Mon Jul 09 14:40:10 PDT 2018,Sat Jul 14 14:40:10 PDT 2018,2018-07-14 21:41:00 UTC,,,434,100% (674/674),100% (674/674),100% (574/574),YtMiK-GUHYc,30,40,Cheering,"Encouraging, stimulating, or exciting vocalizations indicating approval or welcoming persons, announcements, etc.",0,1,{},1,temporal,{},1,1,1,1,1,1,1,1,1,1,1,1,1,1,1,1,1,1,1,1,1,1,1,1,1,1,1,1,1,1,1,1,1,1,1,1,1,1,1,1,{},"Mozilla/5.0 (Windows NT 6.1; Win64; x64) AppleWebKit/537.36 (KHTML, like Gecko) Chrome/67.0.3396.99 Safari/537.36",0,YtMiK-GUHYc,,
38VTL6WC4BNY4DSHAGIHG4QN5915YD,3CM00QMEUMWAO45EUQFF7TCUAYEW69,Annotate when audio source appears in video,Watch a 10 second video clip and tell us when the source of a labeled sound appears in the frame of the video,"annotating, video, audio",$0.07,Mon Jul 09 12:55:27 PDT 2018,1,BatchId:3296187;OriginalHitTemplateId:920937336;,3600,432000,Mon Jul 16 12:55:27 PDT 2018,,,3WMOAN2SRD7OCS1CZ7WLR6I2ZEONV5,A2XK3VMWPMWADQ,Approved,Mon Jul 09 14:25:32 PDT 2018,Mon Jul 09 14:25:44 PDT 2018,Sat Jul 14 14:25:44 PDT 2018,2018-07-14 21:26:00 UTC,,,12,100% (27/27),100% (27/27),100% (27/27),hjCpDnABnjg,24,34,Cheering,"Encouraging, stimulating, or exciting vocalizations indicating approval or welcoming persons, announcements, etc.",0,1,{},1,temporal,{},1,1,1,1,1,1,1,1,1,1,1,1,1,1,1,1,1,1,1,1,1,1,1,1,1,1,1,1,1,1,1,1,1,1,1,1,1,1,1,1,{},"Mozilla/5.0 (Macintosh; Intel Mac OS X 10_12_6) AppleWebKit/537.36 (KHTML, like Gecko) Chrome/67.0.3396.99 Safari/537.36",0,hjCpDnABnjg,,
3DW3BNF1GIS0N1GE3320LPWKPIZV8V,3CM00QMEUMWAO45EUQFF7TCUAYEW69,Annotate when audio source appears in video,Watch a 10 second video clip and tell us when the source of a labeled sound appears in the frame of the video,"annotating, video, audio",$0.07,Mon Jul 09 12:55:25 PDT 2018,1,BatchId:3296187;OriginalHitTemplateId:920937336;,3600,432000,Mon Jul 16 12:55:25 PDT 2018,,,3W8CV64QJ49Y5P2YT8WCU4W9MAWH9A,A2XK3VMWPMWADQ,Approved,Mon Jul 09 14:25:03 PDT 2018,Mon Jul 09 14:25:16 PDT 2018,Sat Jul 14 14:25:16 PDT 2018,2018-07-14 21:26:00 UTC,,,13,100% (27/27),100% (27/27),100% (27/27),N3b054jtEK0,320,330,Cheering,"Encouraging, stimulating, or exciting vocalizations indicating approval or welcoming persons, announcements, etc.",0,1,{},1,temporal,{},1,1,1,1,1,1,1,1,1,1,1,1,1,1,1,1,1,1,1,1,1,1,1,1,1,1,1,1,1,1,1,1,1,1,1,1,1,1,1,1,{},"Mozilla/5.0 (Macintosh; Intel Mac OS X 10_12_6) AppleWebKit/537.36 (KHTML, like Gecko) Chrome/67.0.3396.99 Safari/537.36",0,N3b054jtEK0,,
3087LXLJ6NQT9FPL8KKHAONGIQ00FQ,3CM00QMEUMWAO45EUQFF7TCUAYEW69,Annotate when audio source appears in video,Watch a 10 second video clip and tell us when the source of a labeled sound appears in the frame of the video,"annotating, video, audio",$0.07,Mon Jul 09 12:55:26 PDT 2018,1,BatchId:3296187;OriginalHitTemplateId:920937336;,3600,432000,Mon Jul 16 12:55:26 PDT 2018,,,3QRYMNZ7F0R9Z0XNUCW6QOUH2TITN5,A377TAR5S3BU74,Approved,Mon Jul 09 13:26:36 PDT 2018,Mon Jul 09 13:26:46 PDT 2018,Sat Jul 14 13:26:46 PDT 2018,2018-07-14 20:27:00 UTC,,,10,100% (258/258),100% (258/258),100% (206/206),Rdn2Fvdro3Q,30,40,Cheering,"Encouraging, stimulating, or exciting vocalizations indicating approval or welcoming persons, announcements, etc.",0,1,{},1,temporal,{},1,1,1,1,1,1,1,1,1,1,1,1,1,1,1,1,1,1,1,1,1,1,1,1,1,1,1,1,1,1,1,1,1,1,1,1,1,1,1,1,{},"Mozilla/5.0 (Windows NT 10.0; Win64; x64) AppleWebKit/537.36 (KHTML, like Gecko) Chrome/67.0.3396.99 Safari/537.36",0,Rdn2Fvdro3Q,,
3WRBLBQ2GSIZNFLGJ4QZS9NSJ500GP,3CM00QMEUMWAO45EUQFF7TCUAYEW69,Annotate when audio source appears in video,Watch a 10 second video clip and tell us when the source of a labeled sound appears in the frame of the video,"annotating, video, audio",$0.07,Mon Jul 09 12:55:26 PDT 2018,1,BatchId:3296187;OriginalHitTemplateId:920937336;,3600,432000,Mon Jul 16 12:55:26 PDT 2018,,,3RU7GD8VPQ38NLWLLR48K83Q0P1SP7,A229NBQ2QJR4HM,Approved,Mon Jul 09 13:19:04 PDT 2018,Mon Jul 09 13:21:01 PDT 2018,Sat Jul 14 13:21:01 PDT 2018,2018-07-14 20:22:00 UTC,,,117,100% (17/17),100% (17/17),100% (17/17),aEqV4G9FKR0,0,10,Cheering,"Encouraging, stimulating, or exciting vocalizations indicating approval or welcoming persons, announcements, etc.",0,1,{},1,temporal,{},0,0,0,0,0,0,0,0,0,0,0,0,0,0,0,0,1,1,1,1,1,1,1,1,1,1,1,1,1,1,1,1,1,1,1,1,1,1,0,0,{},Mozilla/5.0 (Windows NT 6.3; Win64; x64; rv:61.0) Gecko/20100101 Firefox/61.0,0,aEqV4G9FKR0,,
3FVBZG9CLKODNBGR3A8HD9ZTY5D0HO,3CM00QMEUMWAO45EUQFF7TCUAYEW69,Annotate when audio source appears in video,Watch a 10 second video clip and tell us when the source of a labeled sound appears in the frame of the video,"annotating, video, audio",$0.07,Mon Jul 09 12:55:26 PDT 2018,1,BatchId:3296187;OriginalHitTemplateId:920937336;,3600,432000,Mon Jul 16 12:55:26 PDT 2018,,,39GHHAVOMH1TZPRC0D36P918DAY4JI,A377TAR5S3BU74,Approved,Mon Jul 09 13:28:54 PDT 2018,Mon Jul 09 13:29:11 PDT 2018,Sat Jul 14 13:29:11 PDT 2018,2018-07-14 20:30:00 UTC,,,17,100% (258/258),100% (258/258),100% (206/206),ktkF3BU_aUQ,0,10,Cheering,"Encouraging, stimulating, or exciting vocalizations indicating approval or welcoming persons, announcements, etc.",0,1,{},1,temporal,{},1,1,1,1,1,1,1,1,1,1,1,1,1,1,1,1,1,1,1,1,1,1,1,1,1,1,1,1,1,1,1,1,1,1,1,1,1,1,1,1,{},"Mozilla/5.0 (Windows NT 10.0; Win64; x64) AppleWebKit/537.36 (KHTML, like Gecko) Chrome/67.0.3396.99 Safari/537.36",0,ktkF3BU_aUQ,,
3E24UO25Q00IT3OT9CJO6J6LNUCO60,3CM00QMEUMWAO45EUQFF7TCUAYEW69,Annotate when audio source appears in video,Watch a 10 second video clip and tell us when the source of a labeled sound appears in the frame of the video,"annotating, video, audio",$0.07,Mon Jul 09 12:55:26 PDT 2018,1,BatchId:3296187;OriginalHitTemplateId:920937336;,3600,432000,Mon Jul 16 12:55:26 PDT 2018,,,35USIKEBNTQ3X2MBYZODFE23ILK6NK,A1OIBI3PWS4R5K,Approved,Mon Jul 09 13:49:33 PDT 2018,Mon Jul 09 13:52:02 PDT 2018,Sat Jul 14 13:52:02 PDT 2018,2018-07-14 20:53:00 UTC,,,149,100% (5/5),100% (5/5),100% (5/5),uco5Rwf02og,81,91,Cheering,"Encouraging, stimulating, or exciting vocalizations indicating approval or welcoming persons, announcements, etc.",1,1,{},1,temporal,{},1,1,1,1,1,1,1,1,1,1,1,1,1,1,1,1,1,1,1,1,1,1,1,1,0,0,0,0,0,0,0,0,0,0,0,0,0,0,0,0,{},"Mozilla/5.0 (Windows NT 6.1; Win64; x64) AppleWebKit/537.36 (KHTML, like Gecko) Chrome/67.0.3396.99 Safari/537.36",0,uco5Rwf02og,,
3Y3CZJSZ9L3P7CGVWLQN88XQ2MLR5W,3CM00QMEUMWAO45EUQFF7TCUAYEW69,Annotate when audio source appears in video,Watch a 10 second video clip and tell us when the source of a labeled sound appears in the frame of the video,"annotating, video, audio",$0.07,Mon Jul 09 12:55:26 PDT 2018,1,BatchId:3296187;OriginalHitTemplateId:920937336;,3600,432000,Mon Jul 16 12:55:26 PDT 2018,,,3L4PIM1GQVQQVKO9XP0M7PR6IRHYRD,A1JLQNPXN3NHVP,Approved,Mon Jul 09 13:12:45 PDT 2018,Mon Jul 09 13:13:18 PDT 2018,Sat Jul 14 13:13:18 PDT 2018,2018-07-14 20:14:00 UTC,,,33,100% (13/13),100% (13/13),100% (13/13),0-0UKKMKiVg,560,570,Cheering,"Encouraging, stimulating, or exciting vocalizations indicating approval or welcoming persons, announcements, etc.",0,1,{},1,temporal,{},1,1,1,1,1,1,1,1,1,1,1,1,1,1,1,1,1,1,1,1,1,1,1,1,1,1,1,1,1,1,1,1,1,1,1,1,1,1,1,1,{},"Mozilla/5.0 (Windows NT 10.0; Win64; x64) AppleWebKit/537.36 (KHTML, like Gecko) Chrome/67.0.3396.99 Safari/537.36",0,0-0UKKMKiVg,,
3I7SHAD35N6DX0HMF693KTHCN5HM7I,3CM00QMEUMWAO45EUQFF7TCUAYEW69,Annotate when audio source appears in video,Watch a 10 second video clip and tell us when the source of a labeled sound appears in the frame of the video,"annotating, video, audio",$0.07,Mon Jul 09 12:55:27 PDT 2018,1,BatchId:3296187;OriginalHitTemplateId:920937336;,3600,432000,Mon Jul 16 12:55:27 PDT 2018,,,3WR9XG3T65L0FUQAZ4E9MJWZMF647J,A377TAR5S3BU74,Approved,Mon Jul 09 13:43:09 PDT 2018,Mon Jul 09 13:43:23 PDT 2018,Sat Jul 14 13:43:23 PDT 2018,2018-07-14 20:44:00 UTC,,,14,100% (258/258),100% (258/258),100% (206/206),K_bX2nw0UH4,90,100,Cheering,"Encouraging, stimulating, or exciting vocalizations indicating approval or welcoming persons, announcements, etc.",0,1,{},1,temporal,{},1,1,1,1,1,1,1,1,1,1,1,1,1,1,1,1,1,1,1,1,1,1,1,1,1,1,1,1,1,1,1,1,1,1,1,1,1,1,1,1,{},"Mozilla/5.0 (Windows NT 10.0; Win64; x64) AppleWebKit/537.36 (KHTML, like Gecko) Chrome/67.0.3396.99 Safari/537.36",0,K_bX2nw0UH4,,
39O0SQZVJOH4UGUEKE5K6SBMTSGR7B,3CM00QMEUMWAO45EUQFF7TCUAYEW69,Annotate when audio source appears in video,Watch a 10 second video clip and tell us when the source of a labeled sound appears in the frame of the video,"annotating, video, audio",$0.07,Mon Jul 09 12:55:27 PDT 2018,1,BatchId:3296187;OriginalHitTemplateId:920937336;,3600,432000,Mon Jul 16 12:55:27 PDT 2018,,,3570Y55XZRTZ6UFVHE6A8LDZGJSGYN,A1OIBI3PWS4R5K,Approved,Mon Jul 09 13:53:54 PDT 2018,Mon Jul 09 13:54:14 PDT 2018,Sat Jul 14 13:54:14 PDT 2018,2018-07-14 20:55:00 UTC,,,20,100% (5/5),100% (5/5),100% (5/5),B_J_fJC3fzI,30,40,Cheering,"Encouraging, stimulating, or exciting vocalizations indicating approval or welcoming persons, announcements, etc.",0,1,{},1,temporal,{},1,1,1,1,1,1,1,1,1,1,1,1,1,1,1,1,1,1,1,1,1,1,1,1,1,1,1,1,1,1,1,1,1,1,1,1,1,1,1,1,{},"Mozilla/5.0 (Windows NT 6.1; Win64; x64) AppleWebKit/537.36 (KHTML, like Gecko) Chrome/67.0.3396.99 Safari/537.36",0,B_J_fJC3fzI,,
3BA7SXOG1K08UUZXUJXQKS7H4CMR8Y,3CM00QMEUMWAO45EUQFF7TCUAYEW69,Annotate when audio source appears in video,Watch a 10 second video clip and tell us when the source of a labeled sound appears in the frame of the video,"annotating, video, audio",$0.07,Mon Jul 09 12:55:27 PDT 2018,1,BatchId:3296187;OriginalHitTemplateId:920937336;,3600,432000,Mon Jul 16 12:55:27 PDT 2018,,,3Y4W8Q93L1UFQGAZADIIV168LANVDW,A2XK3VMWPMWADQ,Approved,Mon Jul 09 14:28:21 PDT 2018,Mon Jul 09 14:28:37 PDT 2018,Sat Jul 14 14:28:37 PDT 2018,2018-07-14 21:29:00 UTC,,,16,100% (27/27),100% (27/27),100% (27/27),TK31OqnF4ss,50,60,Cheering,"Encouraging, stimulating, or exciting vocalizations indicating approval or welcoming persons, announcements, etc.",0,1,{},1,temporal,{},0,0,0,0,0,0,0,0,0,0,0,0,0,0,0,0,1,1,1,1,1,1,1,1,1,1,1,1,1,1,1,1,1,1,1,1,1,1,1,1,{},"Mozilla/5.0 (Macintosh; Intel Mac OS X 10_12_6) AppleWebKit/537.36 (KHTML, like Gecko) Chrome/67.0.3396.99 Safari/537.36",0,TK31OqnF4ss,,
3WPCIUYH1BIXR48GFGD16ZM03OGTDJ,3CM00QMEUMWAO45EUQFF7TCUAYEW69,Annotate when audio source appears in video,Watch a 10 second video clip and tell us when the source of a labeled sound appears in the frame of the video,"annotating, video, audio",$0.07,Mon Jul 09 12:55:27 PDT 2018,1,BatchId:3296187;OriginalHitTemplateId:920937336;,3600,432000,Mon Jul 16 12:55:27 PDT 2018,,,3R3YRB5GRHDHFUINLDHB9EWJM0VAUY,AEIRRC8LJICKA,Approved,Mon Jul 09 13:35:10 PDT 2018,Mon Jul 09 13:35:31 PDT 2018,Sat Jul 14 13:35:31 PDT 2018,2018-07-14 20:36:00 UTC,,,21,100% (3/3),100% (3/3),100% (3/3),vqx0m6uNic8,0,10,Cheering,"Encouraging, stimulating, or exciting vocalizations indicating approval or welcoming persons, announcements, etc.",0,0,{},1,temporal,{},1,1,1,1,1,1,1,1,1,1,1,1,1,1,1,1,1,1,1,1,1,1,1,1,1,1,1,1,1,1,1,1,1,1,1,1,1,1,1,1,{},"Mozilla/5.0 (Windows NT 6.1; Win64; x64) AppleWebKit/537.36 (KHTML, like Gecko) Chrome/67.0.3396.99 Safari/537.36",0,vqx0m6uNic8,,
3VCK0Q0PO6O5X722683UITWPKHM0NX,3CM00QMEUMWAO45EUQFF7TCUAYEW69,Annotate when audio source appears in video,Watch a 10 second video clip and tell us when the source of a labeled sound appears in the frame of the video,"annotating, video, audio",$0.07,Mon Jul 09 12:55:27 PDT 2018,1,BatchId:3296187;OriginalHitTemplateId:920937336;,3600,432000,Mon Jul 16 12:55:27 PDT 2018,,,3Z7ISHFUH25KI5JIU2W5UF53YTO8ZT,A377TAR5S3BU74,Approved,Mon Jul 09 12:55:34 PDT 2018,Mon Jul 09 12:56:04 PDT 2018,Sat Jul 14 12:56:04 PDT 2018,2018-07-14 19:57:00 UTC,,,30,100% (258/258),100% (258/258),100% (206/206),XLbc19axJXc,30,40,Cheering,"Encouraging, stimulating, or exciting vocalizations indicating approval or welcoming persons, announcements, etc.",0,1,{},1,temporal,{},1,1,1,1,1,1,1,1,1,1,1,1,1,1,1,1,1,1,1,1,1,1,1,1,1,1,1,1,1,1,1,1,1,1,1,1,1,1,1,1,{},"Mozilla/5.0 (Windows NT 10.0; Win64; x64) AppleWebKit/537.36 (KHTML, like Gecko) Chrome/67.0.3396.99 Safari/537.36",0,XLbc19axJXc,,
3OEWW2KGQKLHEC38JZR2CPGD4GZODS,3CM00QMEUMWAO45EUQFF7TCUAYEW69,Annotate when audio source appears in video,Watch a 10 second video clip and tell us when the source of a labeled sound appears in the frame of the video,"annotating, video, audio",$0.07,Mon Jul 09 12:55:28 PDT 2018,1,BatchId:3296187;OriginalHitTemplateId:920937336;,3600,432000,Mon Jul 16 12:55:28 PDT 2018,,,3ND9UOO81MCB3HYWD4L20GXR1SSLWD,A2C9HJC2RDU10C,Approved,Mon Jul 09 14:31:05 PDT 2018,Mon Jul 09 14:31:47 PDT 2018,Sat Jul 14 14:31:47 PDT 2018,2018-07-14 21:32:00 UTC,,,42,100% (40/40),100% (40/40),100% (40/40),g-emJ2BafUU,210,220,Cheering,"Encouraging, stimulating, or exciting vocalizations indicating approval or welcoming persons, announcements, etc.",0,1,{},1,temporal,{},1,1,1,1,1,1,1,1,1,1,1,1,1,1,1,1,1,1,1,1,1,1,1,1,1,1,1,1,1,1,1,1,1,1,1,1,1,1,1,1,{},"Mozilla/5.0 (Windows NT 10.0; Win64; x64) AppleWebKit/537.36 (KHTML, like Gecko) Chrome/58.0.3029.110 Safari/537.36 Edge/16.16299",0,g-emJ2BafUU,,
3OLZC0DJ8KPTC7SRCPERYEQYSE4VI3,3CM00QMEUMWAO45EUQFF7TCUAYEW69,Annotate when audio source appears in video,Watch a 10 second video clip and tell us when the source of a labeled sound appears in the frame of the video,"annotating, video, audio",$0.07,Mon Jul 09 12:55:28 PDT 2018,1,BatchId:3296187;OriginalHitTemplateId:920937336;,3600,432000,Mon Jul 16 12:55:28 PDT 2018,,,3VHHR074H5RWD2XV5WDQ80YA80EL74,A377TAR5S3BU74,Approved,Mon Jul 09 13:03:20 PDT 2018,Mon Jul 09 13:03:31 PDT 2018,Sat Jul 14 13:03:31 PDT 2018,2018-07-14 20:04:00 UTC,,,11,100% (258/258),100% (258/258),100% (206/206),3kcDDH9brMA,10,20,Cheering,"Encouraging, stimulating, or exciting vocalizations indicating approval or welcoming persons, announcements, etc.",0,1,{},1,temporal,{},1,1,1,1,1,1,1,1,1,1,1,1,1,1,1,1,1,1,1,1,1,1,1,1,1,1,1,1,1,1,1,1,1,1,1,1,1,1,1,1,{},"Mozilla/5.0 (Windows NT 10.0; Win64; x64) AppleWebKit/537.36 (KHTML, like Gecko) Chrome/67.0.3396.99 Safari/537.36",0,3kcDDH9brMA,,
3D7VY91L6670ZCKCSNLJPV386V8MB4,3CM00QMEUMWAO45EUQFF7TCUAYEW69,Annotate when audio source appears in video,Watch a 10 second video clip and tell us when the source of a labeled sound appears in the frame of the video,"annotating, video, audio",$0.07,Mon Jul 09 12:55:28 PDT 2018,1,BatchId:3296187;OriginalHitTemplateId:920937336;,3600,432000,Mon Jul 16 12:55:28 PDT 2018,,,3VHP9MDGRPUGPRIVA2I3T9L4CG1FC6,A229NBQ2QJR4HM,Approved,Mon Jul 09 13:33:49 PDT 2018,Mon Jul 09 13:34:40 PDT 2018,Sat Jul 14 13:34:40 PDT 2018,2018-07-14 20:35:00 UTC,,,51,100% (17/17),100% (17/17),100% (17/17),xDjOfb3tw-Q,180,190,Cheering,"Encouraging, stimulating, or exciting vocalizations indicating approval or welcoming persons, announcements, etc.",0,1,{},1,temporal,{},0,0,0,0,0,0,0,0,0,0,0,0,0,0,0,0,0,0,0,0,0,0,0,0,0,0,0,0,0,0,0,1,1,1,1,1,1,1,1,1,{},Mozilla/5.0 (Windows NT 6.3; Win64; x64; rv:61.0) Gecko/20100101 Firefox/61.0,0,xDjOfb3tw-Q,,
3DZKABX2ZJF2Z46RKFI5NBS3F9KVC1,3CM00QMEUMWAO45EUQFF7TCUAYEW69,Annotate when audio source appears in video,Watch a 10 second video clip and tell us when the source of a labeled sound appears in the frame of the video,"annotating, video, audio",$0.07,Mon Jul 09 12:55:27 PDT 2018,1,BatchId:3296187;OriginalHitTemplateId:920937336;,3600,432000,Mon Jul 16 12:55:27 PDT 2018,,,3Z7EFSHGNBOXPD9GAWOPZGLBGL4CX1,A9CK73HWLH7UU,Approved,Mon Jul 09 13:47:56 PDT 2018,Mon Jul 09 13:48:35 PDT 2018,Sat Jul 14 13:48:35 PDT 2018,2018-07-14 20:49:00 UTC,,,39,100% (5/5),100% (5/5),100% (5/5),e5zt5QaA3BE,310,320,Cheering,"Encouraging, stimulating, or exciting vocalizations indicating approval or welcoming persons, announcements, etc.",0,1,{},1,temporal,{},1,1,1,1,1,1,1,1,1,1,1,1,1,1,1,1,1,1,1,1,1,1,1,1,0,1,1,1,1,1,1,1,1,1,1,1,1,1,1,1,{},"Mozilla/5.0 (Windows NT 10.0; Win64; x64) AppleWebKit/537.36 (KHTML, like Gecko) Chrome/67.0.3396.99 Safari/537.36",0,e5zt5QaA3BE,,
3KTZHH2ONJPHXEM5PB19YTD7YPNM85,3CM00QMEUMWAO45EUQFF7TCUAYEW69,Annotate when audio source appears in video,Watch a 10 second video clip and tell us when the source of a labeled sound appears in the frame of the video,"annotating, video, audio",$0.07,Mon Jul 09 12:55:28 PDT 2018,1,BatchId:3296187;OriginalHitTemplateId:920937336;,3600,432000,Mon Jul 16 12:55:28 PDT 2018,,,3Q5ZZ9ZEVQPMBRZTNEPP5BY8XVL58Q,A20F1SLHKHBUT3,Approved,Mon Jul 09 14:18:58 PDT 2018,Mon Jul 09 14:35:04 PDT 2018,Sat Jul 14 14:35:04 PDT 2018,2018-07-14 21:36:00 UTC,,,966,100% (674/674),100% (674/674),100% (574/574),AB0RfMprieY,70,80,Cheering,"Encouraging, stimulating, or exciting vocalizations indicating approval or welcoming persons, announcements, etc.",0,1,{},1,temporal,{},1,1,1,1,1,1,1,1,1,1,1,1,1,1,1,1,1,1,1,1,1,1,1,1,1,1,1,1,1,1,1,1,1,1,1,1,1,1,1,1,{},"Mozilla/5.0 (Windows NT 6.1; Win64; x64) AppleWebKit/537.36 (KHTML, like Gecko) Chrome/67.0.3396.99 Safari/537.36",0,AB0RfMprieY,,
3SD15I2WD34T7EV7QEZWIG8AS3H63O,3CM00QMEUMWAO45EUQFF7TCUAYEW69,Annotate when audio source appears in video,Watch a 10 second video clip and tell us when the source of a labeled sound appears in the frame of the video,"annotating, video, audio",$0.07,Mon Jul 09 12:55:28 PDT 2018,1,BatchId:3296187;OriginalHitTemplateId:920937336;,3600,432000,Mon Jul 16 12:55:28 PDT 2018,,,3H0W84IWBMCSPF7IXOOS0MZQ0GZER3,A1S7HZI6EWAKMH,Approved,Mon Jul 09 13:56:51 PDT 2018,Mon Jul 09 13:58:05 PDT 2018,Sat Jul 14 13:58:05 PDT 2018,2018-07-14 20:59:00 UTC,,,74,100% (10/10),100% (10/10),100% (8/8),sKioDmgu9B8,0,10,Cheering,"Encouraging, stimulating, or exciting vocalizations indicating approval or welcoming persons, announcements, etc.",0,1,{},1,temporal,{},1,1,1,1,1,1,1,1,1,1,1,1,1,1,1,1,1,1,1,1,1,1,1,1,1,1,1,1,1,1,1,1,1,1,1,1,1,1,1,1,{},"Mozilla/5.0 (Macintosh; Intel Mac OS X 10_13_1) AppleWebKit/604.3.5 (KHTML, like Gecko) Version/11.0.1 Safari/604.3.5",0,sKioDmgu9B8,,
3IQ9O0AYW79EZFO27UECXW2DVTOTIL,3CM00QMEUMWAO45EUQFF7TCUAYEW69,Annotate when audio source appears in video,Watch a 10 second video clip and tell us when the source of a labeled sound appears in the frame of the video,"annotating, video, audio",$0.07,Mon Jul 09 12:55:28 PDT 2018,1,BatchId:3296187;OriginalHitTemplateId:920937336;,3600,432000,Mon Jul 16 12:55:28 PDT 2018,,,3VW6495TLLAZSL0VBKSGFLK3LF5YYQ,AEIRRC8LJICKA,Approved,Mon Jul 09 13:28:31 PDT 2018,Mon Jul 09 13:32:11 PDT 2018,Sat Jul 14 13:32:11 PDT 2018,2018-07-14 20:33:00 UTC,,,220,100% (3/3),100% (3/3),100% (3/3),xvBjkkSe4oU,210,220,Cheering,"Encouraging, stimulating, or exciting vocalizations indicating approval or welcoming persons, announcements, etc.",0,1,{},1,temporal,{},1,1,1,1,0,0,0,0,0,0,0,0,0,0,0,0,0,0,0,0,0,0,0,0,0,0,0,0,0,0,0,0,0,0,0,0,0,0,0,0,{},"Mozilla/5.0 (Windows NT 6.1; Win64; x64) AppleWebKit/537.36 (KHTML, like Gecko) Chrome/67.0.3396.99 Safari/537.36",0,xvBjkkSe4oU,,
3RSBJ6YZED0ECWH4A5MS0PJYGTFOF3,3CM00QMEUMWAO45EUQFF7TCUAYEW69,Annotate when audio source appears in video,Watch a 10 second video clip and tell us when the source of a labeled sound appears in the frame of the video,"annotating, video, audio",$0.07,Mon Jul 09 12:55:29 PDT 2018,1,BatchId:3296187;OriginalHitTemplateId:920937336;,3600,432000,Mon Jul 16 12:55:29 PDT 2018,,,3LPW2N6LKVCK9O66QHQU13GXUMR5UK,A377TAR5S3BU74,Approved,Mon Jul 09 13:28:25 PDT 2018,Mon Jul 09 13:28:42 PDT 2018,Sat Jul 14 13:28:42 PDT 2018,2018-07-14 20:29:00 UTC,,,17,100% (258/258),100% (258/258),100% (206/206),3EM4ygQopDI,120,130,Cheering,"Encouraging, stimulating, or exciting vocalizations indicating approval or welcoming persons, announcements, etc.",0,1,{},1,temporal,{},1,1,1,1,1,1,1,1,1,1,1,1,1,1,1,1,1,1,1,1,1,1,1,1,1,1,1,1,1,1,1,1,0,0,0,0,0,0,0,0,{},"Mozilla/5.0 (Windows NT 10.0; Win64; x64) AppleWebKit/537.36 (KHTML, like Gecko) Chrome/67.0.3396.99 Safari/537.36",0,3EM4ygQopDI,,
3CO05SML7WFQC5UUZFKBRD1ZLEB0RL,3CM00QMEUMWAO45EUQFF7TCUAYEW69,Annotate when audio source appears in video,Watch a 10 second video clip and tell us when the source of a labeled sound appears in the frame of the video,"annotating, video, audio",$0.07,Mon Jul 09 12:55:29 PDT 2018,1,BatchId:3296187;OriginalHitTemplateId:920937336;,3600,432000,Mon Jul 16 12:55:29 PDT 2018,,,32RIADZISUEMYSA2N7CKHASV9T3S4E,A377TAR5S3BU74,Approved,Mon Jul 09 14:35:00 PDT 2018,Mon Jul 09 14:38:18 PDT 2018,Sat Jul 14 14:38:18 PDT 2018,2018-07-14 21:39:00 UTC,,,198,100% (258/258),100% (258/258),100% (206/206),lR_uYwGk45I,10,20,Cheering,"Encouraging, stimulating, or exciting vocalizations indicating approval or welcoming persons, announcements, etc.",0,1,{},1,temporal,{},1,1,1,1,1,1,1,1,1,1,1,1,1,1,1,1,1,1,1,1,1,1,1,1,1,1,1,1,1,1,1,1,1,1,1,1,1,1,1,1,{},"Mozilla/5.0 (Windows NT 10.0; Win64; x64) AppleWebKit/537.36 (KHTML, like Gecko) Chrome/67.0.3396.99 Safari/537.36",0,lR_uYwGk45I,,
34O39PNDK7IRWSX4XVH0BUXICI7RBX,3CM00QMEUMWAO45EUQFF7TCUAYEW69,Annotate when audio source appears in video,Watch a 10 second video clip and tell us when the source of a labeled sound appears in the frame of the video,"annotating, video, audio",$0.07,Mon Jul 09 12:55:29 PDT 2018,1,BatchId:3296187;OriginalHitTemplateId:920937336;,3600,432000,Mon Jul 16 12:55:29 PDT 2018,,,3Y54SXRO1NVMUQHWRD8S4JMBAPMTU8,A1F71NCB0Y5Q2C,Approved,Mon Jul 09 13:46:51 PDT 2018,Mon Jul 09 13:47:28 PDT 2018,Sat Jul 14 13:47:28 PDT 2018,2018-07-14 20:48:00 UTC,,,37,100% (27/27),100% (27/27),100% (27/27),HY5e4YwarcE,70,80,Cheering,"Encouraging, stimulating, or exciting vocalizations indicating approval or welcoming persons, announcements, etc.",0,1,{},1,temporal,{},0,0,0,0,0,0,0,0,1,1,0,0,0,0,0,0,0,0,0,0,0,0,0,0,0,0,0,0,0,0,0,0,0,0,0,0,0,0,0,0,{},"Mozilla/5.0 (Windows NT 10.0; Win64; x64) AppleWebKit/537.36 (KHTML, like Gecko) Chrome/67.0.3396.99 Safari/537.36",0,HY5e4YwarcE,,
3KI0JD2ZU2SB8XWUSQ2MVXKQX5367T,3CM00QMEUMWAO45EUQFF7TCUAYEW69,Annotate when audio source appears in video,Watch a 10 second video clip and tell us when the source of a labeled sound appears in the frame of the video,"annotating, video, audio",$0.07,Mon Jul 09 12:55:29 PDT 2018,1,BatchId:3296187;OriginalHitTemplateId:920937336;,3600,432000,Mon Jul 16 12:55:29 PDT 2018,,,3WEV0KO0OO2ZYOTVGIDDKEM1M6TSDO,A377TAR5S3BU74,Approved,Mon Jul 09 14:28:04 PDT 2018,Mon Jul 09 14:33:38 PDT 2018,Sat Jul 14 14:33:38 PDT 2018,2018-07-14 21:34:00 UTC,,,334,100% (258/258),100% (258/258),100% (206/206),nCpMrROIcKw,10,20,Cheering,"Encouraging, stimulating, or exciting vocalizations indicating approval or welcoming persons, announcements, etc.",0,1,{},1,temporal,{},1,1,1,1,1,1,1,1,1,1,1,1,1,1,1,1,1,1,1,1,1,1,1,1,1,1,1,1,1,1,1,1,1,1,1,1,1,1,1,1,{},"Mozilla/5.0 (Windows NT 10.0; Win64; x64) AppleWebKit/537.36 (KHTML, like Gecko) Chrome/67.0.3396.99 Safari/537.36",0,nCpMrROIcKw,,
3KTZHH2ONJPHXEM5PB19YTD7YPO8MS,3CM00QMEUMWAO45EUQFF7TCUAYEW69,Annotate when audio source appears in video,Watch a 10 second video clip and tell us when the source of a labeled sound appears in the frame of the video,"annotating, video, audio",$0.07,Mon Jul 09 12:55:29 PDT 2018,1,BatchId:3296187;OriginalHitTemplateId:920937336;,3600,432000,Mon Jul 16 12:55:29 PDT 2018,,,3W8CV64QJ49Y5P2YT8WCU4W9M9Z9H3,A1NOFP5DV5S7DW,Approved,Mon Jul 09 13:12:54 PDT 2018,Mon Jul 09 13:13:17 PDT 2018,Sat Jul 14 13:13:17 PDT 2018,2018-07-14 20:14:00 UTC,,,23,100% (93/93),100% (93/93),100% (28/28),z_1I6wgOIfM,0,10,Cheering,"Encouraging, stimulating, or exciting vocalizations indicating approval or welcoming persons, announcements, etc.",0,1,{},1,temporal,{},1,1,1,1,1,1,1,1,1,1,1,1,1,1,1,1,1,1,1,1,1,1,1,1,1,1,1,1,1,1,1,1,1,1,1,1,1,1,1,1,{},"Mozilla/5.0 (Windows NT 10.0; Win64; x64) AppleWebKit/537.36 (KHTML, like Gecko) Chrome/67.0.3396.99 Safari/537.36",0,z_1I6wgOIfM,,
307L9TDWJZ21EZ1ZPVLDKRUWNT63NV,3CM00QMEUMWAO45EUQFF7TCUAYEW69,Annotate when audio source appears in video,Watch a 10 second video clip and tell us when the source of a labeled sound appears in the frame of the video,"annotating, video, audio",$0.07,Mon Jul 09 12:55:29 PDT 2018,1,BatchId:3296187;OriginalHitTemplateId:920937336;,3600,432000,Mon Jul 16 12:55:29 PDT 2018,,,3CPLWGV3MQ9QFLO9W6RPZOT58MU9N0,AM147DT7IA6Z9,Approved,Mon Jul 09 13:55:17 PDT 2018,Mon Jul 09 13:56:05 PDT 2018,Sat Jul 14 13:56:05 PDT 2018,2018-07-14 20:57:00 UTC,,,48,100% (11/11),100% (11/11),100% (11/11),i1wb9TY7uz4,30,40,Cheering,"Encouraging, stimulating, or exciting vocalizations indicating approval or welcoming persons, announcements, etc.",0,1,{},1,temporal,{},1,1,1,1,1,1,1,1,1,1,1,1,1,1,1,1,1,1,1,1,1,1,1,1,1,1,1,1,1,1,1,1,1,1,1,1,1,1,1,1,{},"Mozilla/5.0 (Windows NT 6.1; Win64; x64) AppleWebKit/537.36 (KHTML, like Gecko) Chrome/67.0.3396.99 Safari/537.36",0,i1wb9TY7uz4,,
37SQU136V8Y2QPGVX49WZR2WM8N11T,3CM00QMEUMWAO45EUQFF7TCUAYEW69,Annotate when audio source appears in video,Watch a 10 second video clip and tell us when the source of a labeled sound appears in the frame of the video,"annotating, video, audio",$0.07,Mon Jul 09 12:55:32 PDT 2018,1,BatchId:3296187;OriginalHitTemplateId:920937336;,3600,432000,Mon Jul 16 12:55:32 PDT 2018,,,3XXU1SWE8O51Z867N63RK78C6BA0A4,A20F1SLHKHBUT3,Approved,Mon Jul 09 14:19:02 PDT 2018,Mon Jul 09 14:38:34 PDT 2018,Sat Jul 14 14:38:34 PDT 2018,2018-07-14 21:39:00 UTC,,,1172,100% (674/674),100% (674/674),100% (574/574),2Mszz6T7DbQ,10,20,Cheering,"Encouraging, stimulating, or exciting vocalizations indicating approval or welcoming persons, announcements, etc.",0,1,{},1,temporal,{},1,1,1,1,1,1,1,1,1,1,1,1,1,1,1,1,1,1,1,1,1,1,1,1,1,1,1,1,1,1,1,1,1,1,1,1,1,1,1,1,{},"Mozilla/5.0 (Windows NT 6.1; Win64; x64) AppleWebKit/537.36 (KHTML, like Gecko) Chrome/67.0.3396.99 Safari/537.36",0,2Mszz6T7DbQ,,
3ZQX1VYFTEF5XH7H2RGMQX2CTP38O7,3CM00QMEUMWAO45EUQFF7TCUAYEW69,Annotate when audio source appears in video,Watch a 10 second video clip and tell us when the source of a labeled sound appears in the frame of the video,"annotating, video, audio",$0.07,Mon Jul 09 12:55:29 PDT 2018,1,BatchId:3296187;OriginalHitTemplateId:920937336;,3600,432000,Mon Jul 16 12:55:29 PDT 2018,,,32EYX73OY2J9EB44NO3X44LTM43RU7,A377TAR5S3BU74,Approved,Mon Jul 09 14:23:14 PDT 2018,Mon Jul 09 14:29:30 PDT 2018,Sat Jul 14 14:29:30 PDT 2018,2018-07-14 21:30:00 UTC,,,376,100% (258/258),100% (258/258),100% (206/206),6dBcpIIbMCY,180,190,Cheering,"Encouraging, stimulating, or exciting vocalizations indicating approval or welcoming persons, announcements, etc.",0,1,{},1,temporal,{},0,0,0,0,0,0,0,0,0,0,0,0,0,0,0,0,0,0,0,0,1,1,1,1,1,1,1,1,1,1,1,1,1,1,1,1,1,1,1,1,{},"Mozilla/5.0 (Windows NT 10.0; Win64; x64) AppleWebKit/537.36 (KHTML, like Gecko) Chrome/67.0.3396.99 Safari/537.36",0,6dBcpIIbMCY,,
3YGE63DIN97VK1BGY9UHEC9GDTQ0WO,3CM00QMEUMWAO45EUQFF7TCUAYEW69,Annotate when audio source appears in video,Watch a 10 second video clip and tell us when the source of a labeled sound appears in the frame of the video,"annotating, video, audio",$0.07,Mon Jul 09 12:55:30 PDT 2018,1,BatchId:3296187;OriginalHitTemplateId:920937336;,3600,432000,Mon Jul 16 12:55:30 PDT 2018,,,382M9COHEJPK57ZZ1IJX5XMA7FXEU1,A377TAR5S3BU74,Approved,Mon Jul 09 13:41:29 PDT 2018,Mon Jul 09 13:41:40 PDT 2018,Sat Jul 14 13:41:40 PDT 2018,2018-07-14 20:42:00 UTC,,,11,100% (258/258),100% (258/258),100% (206/206),KupT0NZFDOs,0,10,Cheering,"Encouraging, stimulating, or exciting vocalizations indicating approval or welcoming persons, announcements, etc.",0,1,{},1,temporal,{},1,1,1,1,1,1,1,1,1,1,1,1,1,1,1,1,1,1,1,1,1,1,1,1,1,1,1,1,1,1,1,1,1,1,1,1,1,1,1,1,{},"Mozilla/5.0 (Windows NT 10.0; Win64; x64) AppleWebKit/537.36 (KHTML, like Gecko) Chrome/67.0.3396.99 Safari/537.36",0,KupT0NZFDOs,,
3W9XHF7WGL555AEQ7XZOACHQNXDTKW,3CM00QMEUMWAO45EUQFF7TCUAYEW69,Annotate when audio source appears in video,Watch a 10 second video clip and tell us when the source of a labeled sound appears in the frame of the video,"annotating, video, audio",$0.07,Mon Jul 09 12:55:31 PDT 2018,1,BatchId:3296187;OriginalHitTemplateId:920937336;,3600,432000,Mon Jul 16 12:55:31 PDT 2018,,,3KAKFY4PGWCCMIO2IHDN33U2MV2I3O,A377TAR5S3BU74,Approved,Mon Jul 09 14:27:39 PDT 2018,Mon Jul 09 14:33:29 PDT 2018,Sat Jul 14 14:33:29 PDT 2018,2018-07-14 21:34:00 UTC,,,350,100% (258/258),100% (258/258),100% (206/206),Bri9WW9o77k,300,310,Cheering,"Encouraging, stimulating, or exciting vocalizations indicating approval or welcoming persons, announcements, etc.",0,1,{},1,temporal,{},1,1,1,1,1,1,1,1,1,1,1,1,1,1,1,1,1,1,1,1,1,1,1,1,1,1,1,1,1,1,1,1,1,1,1,1,1,1,1,1,{},"Mozilla/5.0 (Windows NT 10.0; Win64; x64) AppleWebKit/537.36 (KHTML, like Gecko) Chrome/67.0.3396.99 Safari/537.36",0,Bri9WW9o77k,,
3XABXM4AJ2F8ITKXH48QF2XC8QL8QF,3CM00QMEUMWAO45EUQFF7TCUAYEW69,Annotate when audio source appears in video,Watch a 10 second video clip and tell us when the source of a labeled sound appears in the frame of the video,"annotating, video, audio",$0.07,Mon Jul 09 12:55:31 PDT 2018,1,BatchId:3296187;OriginalHitTemplateId:920937336;,3600,432000,Mon Jul 16 12:55:31 PDT 2018,,,3WRFBPLXRCY40JZTFXQF8BQJ8UIN3V,A1F71NCB0Y5Q2C,Approved,Mon Jul 09 13:52:00 PDT 2018,Mon Jul 09 13:52:29 PDT 2018,Sat Jul 14 13:52:29 PDT 2018,2018-07-14 20:53:00 UTC,,,29,100% (27/27),100% (27/27),100% (27/27),a0eMqAo4Mrc,200,210,Cheering,"Encouraging, stimulating, or exciting vocalizations indicating approval or welcoming persons, announcements, etc.",0,1,{},1,temporal,{},1,0,0,0,0,0,0,0,0,0,0,0,0,0,0,0,0,0,0,0,0,0,0,0,0,0,0,0,0,0,0,0,0,0,0,0,0,0,0,0,{},"Mozilla/5.0 (Windows NT 10.0; Win64; x64) AppleWebKit/537.36 (KHTML, like Gecko) Chrome/67.0.3396.99 Safari/537.36",0,a0eMqAo4Mrc,,
302U8RURJ0BLQ83I95RJ3MMFEDYVNJ,3CM00QMEUMWAO45EUQFF7TCUAYEW69,Annotate when audio source appears in video,Watch a 10 second video clip and tell us when the source of a labeled sound appears in the frame of the video,"annotating, video, audio",$0.07,Mon Jul 09 12:55:31 PDT 2018,1,BatchId:3296187;OriginalHitTemplateId:920937336;,3600,432000,Mon Jul 16 12:55:31 PDT 2018,,,3M0NZ3JDP381VN0GW4P2IVVCW4J5ZM,AM147DT7IA6Z9,Approved,Mon Jul 09 13:56:06 PDT 2018,Mon Jul 09 13:56:44 PDT 2018,Sat Jul 14 13:56:44 PDT 2018,2018-07-14 20:57:00 UTC,,,38,100% (11/11),100% (11/11),100% (11/11),PQap9soKZjg,110,120,Cheering,"Encouraging, stimulating, or exciting vocalizations indicating approval or welcoming persons, announcements, etc.",0,1,{},1,temporal,{},1,1,1,1,1,1,1,1,1,1,1,1,1,1,1,1,1,1,1,1,1,1,1,1,1,1,1,1,1,1,1,1,1,1,1,1,1,1,1,1,{},"Mozilla/5.0 (Windows NT 6.1; Win64; x64) AppleWebKit/537.36 (KHTML, like Gecko) Chrome/67.0.3396.99 Safari/537.36",0,PQap9soKZjg,,
3CRWSLD91LEKI69LWSQ5VF37DUROMA,3CM00QMEUMWAO45EUQFF7TCUAYEW69,Annotate when audio source appears in video,Watch a 10 second video clip and tell us when the source of a labeled sound appears in the frame of the video,"annotating, video, audio",$0.07,Mon Jul 09 12:55:31 PDT 2018,1,BatchId:3296187;OriginalHitTemplateId:920937336;,3600,432000,Mon Jul 16 12:55:31 PDT 2018,,,3DBQWDE4Y887EYMXTGE8N8O3MQYN5A,A1F71NCB0Y5Q2C,Approved,Mon Jul 09 13:29:13 PDT 2018,Mon Jul 09 13:29:50 PDT 2018,Sat Jul 14 13:29:50 PDT 2018,2018-07-14 20:30:00 UTC,,,37,100% (27/27),100% (27/27),100% (27/27),scyk-RVTtCw,20,30,Cheering,"Encouraging, stimulating, or exciting vocalizations indicating approval or welcoming persons, announcements, etc.",0,1,{},1,temporal,{},0,1,1,0,0,0,0,0,0,0,0,0,0,0,0,0,0,0,0,0,0,0,0,0,0,0,0,0,0,0,0,0,0,0,0,0,0,0,0,0,{},"Mozilla/5.0 (Windows NT 10.0; Win64; x64) AppleWebKit/537.36 (KHTML, like Gecko) Chrome/67.0.3396.99 Safari/537.36",0,scyk-RVTtCw,,
34YWR3PJ29KA91G68EQ3GVNNMVW0XH,3CM00QMEUMWAO45EUQFF7TCUAYEW69,Annotate when audio source appears in video,Watch a 10 second video clip and tell us when the source of a labeled sound appears in the frame of the video,"annotating, video, audio",$0.07,Mon Jul 09 12:55:31 PDT 2018,1,BatchId:3296187;OriginalHitTemplateId:920937336;,3600,432000,Mon Jul 16 12:55:31 PDT 2018,,,3IGI0VL649UTM8SFYVA7WEOU3LANOM,AL2BMIILKARUN,Approved,Mon Jul 09 13:42:29 PDT 2018,Mon Jul 09 13:44:13 PDT 2018,Sat Jul 14 13:44:13 PDT 2018,2018-07-14 20:45:00 UTC,,,104,100% (3/3),100% (3/3),100% (3/3),lXPziFqwNQY,20,30,Cheering,"Encouraging, stimulating, or exciting vocalizations indicating approval or welcoming persons, announcements, etc.",0,1,Nice song,1,temporal,{},1,1,1,1,1,1,1,1,1,1,1,1,1,1,1,1,1,1,1,1,1,1,1,1,1,1,1,1,1,1,1,1,1,1,1,1,1,1,1,1,{},"Mozilla/5.0 (Windows NT 10.0; Win64; x64) AppleWebKit/537.36 (KHTML, like Gecko) Chrome/67.0.3396.99 Safari/537.36",0,lXPziFqwNQY,,
35U0MRQMUKH38T3UAKRWIBMK4N3VOY,3CM00QMEUMWAO45EUQFF7TCUAYEW69,Annotate when audio source appears in video,Watch a 10 second video clip and tell us when the source of a labeled sound appears in the frame of the video,"annotating, video, audio",$0.07,Mon Jul 09 12:55:31 PDT 2018,1,BatchId:3296187;OriginalHitTemplateId:920937336;,3600,432000,Mon Jul 16 12:55:31 PDT 2018,,,3WJ1OXY92CQJHXBAIAG6DMEUP9R8A4,A20F1SLHKHBUT3,Approved,Mon Jul 09 14:33:01 PDT 2018,Mon Jul 09 14:41:57 PDT 2018,Sat Jul 14 14:41:57 PDT 2018,2018-07-14 21:42:00 UTC,,,536,100% (674/674),100% (674/674),100% (574/574),9IxakYd5Cn0,0,10,Cheering,"Encouraging, stimulating, or exciting vocalizations indicating approval or welcoming persons, announcements, etc.",0,1,{},1,temporal,{},0,0,0,0,0,0,0,0,0,0,0,0,0,1,1,1,1,1,1,1,1,1,1,1,1,1,1,1,1,1,1,1,1,1,1,1,1,1,1,1,{},"Mozilla/5.0 (Windows NT 6.1; Win64; x64) AppleWebKit/537.36 (KHTML, like Gecko) Chrome/67.0.3396.99 Safari/537.36",0,9IxakYd5Cn0,,
3M47JKRKCYBF8B1D2VUS9XGL8P968G,3CM00QMEUMWAO45EUQFF7TCUAYEW69,Annotate when audio source appears in video,Watch a 10 second video clip and tell us when the source of a labeled sound appears in the frame of the video,"annotating, video, audio",$0.07,Mon Jul 09 12:55:31 PDT 2018,1,BatchId:3296187;OriginalHitTemplateId:920937336;,3600,432000,Mon Jul 16 12:55:31 PDT 2018,,,3YWRV122CU93W6P8OFXXDNQOWCG8UD,A2XK3VMWPMWADQ,Approved,Mon Jul 09 14:24:16 PDT 2018,Mon Jul 09 14:24:29 PDT 2018,Sat Jul 14 14:24:29 PDT 2018,2018-07-14 21:25:00 UTC,,,13,100% (27/27),100% (27/27),100% (27/27),3IGJT57_Vhk,80,90,Cheering,"Encouraging, stimulating, or exciting vocalizations indicating approval or welcoming persons, announcements, etc.",0,1,{},1,temporal,{},1,1,1,1,1,1,1,1,1,1,1,1,1,1,1,1,1,1,1,1,1,1,1,1,1,1,1,1,1,1,1,1,1,1,1,1,1,1,1,1,{},"Mozilla/5.0 (Macintosh; Intel Mac OS X 10_12_6) AppleWebKit/537.36 (KHTML, like Gecko) Chrome/67.0.3396.99 Safari/537.36",0,3IGJT57_Vhk,,
3MWOYZD5WWYQ0OUL8T558US7IK1ONA,3CM00QMEUMWAO45EUQFF7TCUAYEW69,Annotate when audio source appears in video,Watch a 10 second video clip and tell us when the source of a labeled sound appears in the frame of the video,"annotating, video, audio",$0.07,Mon Jul 09 12:55:31 PDT 2018,1,BatchId:3296187;OriginalHitTemplateId:920937336;,3600,432000,Mon Jul 16 12:55:31 PDT 2018,,,32UTUBMZ7I6MBJCFWHRC0BI8IOCVBO,A1JLQNPXN3NHVP,Approved,Mon Jul 09 13:12:11 PDT 2018,Mon Jul 09 13:12:42 PDT 2018,Sat Jul 14 13:12:42 PDT 2018,2018-07-14 20:13:00 UTC,,,31,100% (13/13),100% (13/13),100% (13/13),Zq7MA5jTXww,560,570,Cheering,"Encouraging, stimulating, or exciting vocalizations indicating approval or welcoming persons, announcements, etc.",0,1,{},1,temporal,{},1,1,1,1,1,1,1,1,1,1,1,1,1,1,1,1,1,1,1,1,1,1,1,1,1,1,1,1,1,1,1,1,1,1,1,1,1,1,1,1,{},"Mozilla/5.0 (Windows NT 10.0; Win64; x64) AppleWebKit/537.36 (KHTML, like Gecko) Chrome/67.0.3396.99 Safari/537.36",0,Zq7MA5jTXww,,
3X0EMNLXEQZLTTFVPK4B7BRAESZVPF,3CM00QMEUMWAO45EUQFF7TCUAYEW69,Annotate when audio source appears in video,Watch a 10 second video clip and tell us when the source of a labeled sound appears in the frame of the video,"annotating, video, audio",$0.07,Mon Jul 09 12:55:31 PDT 2018,1,BatchId:3296187;OriginalHitTemplateId:920937336;,3600,432000,Mon Jul 16 12:55:31 PDT 2018,,,3P1L2B7AD3Z3Y8PUMIUSJMK5YQZOLA,A9LX66EQWDRQ5,Approved,Mon Jul 09 13:22:21 PDT 2018,Mon Jul 09 13:23:22 PDT 2018,Sat Jul 14 13:23:22 PDT 2018,2018-07-14 20:24:00 UTC,,,61,100% (472/472),100% (472/472),100% (472/472),qdCg4jql_YM,30,40,Cheering,"Encouraging, stimulating, or exciting vocalizations indicating approval or welcoming persons, announcements, etc.",0,1,{},1,temporal,{},1,1,1,1,1,1,1,1,1,1,1,1,1,1,1,1,1,1,1,1,1,1,1,1,1,1,1,1,1,1,1,1,1,1,1,1,1,1,1,1,{},"Mozilla/5.0 (Windows NT 10.0; Win64; x64) AppleWebKit/537.36 (KHTML, like Gecko) Chrome/67.0.3396.99 Safari/537.36",0,qdCg4jql_YM,,
