HITId,HITTypeId,Title,Description,Keywords,Reward,CreationTime,MaxAssignments,RequesterAnnotation,AssignmentDurationInSeconds,AutoApprovalDelayInSeconds,Expiration,NumberOfSimilarHITs,LifetimeInSeconds,AssignmentId,WorkerId,AssignmentStatus,AcceptTime,SubmitTime,AutoApprovalTime,ApprovalTime,RejectionTime,RequesterFeedback,WorkTimeInSeconds,LifetimeApprovalRate,Last30DaysApprovalRate,Last7DaysApprovalRate,Input.ytid,Input.start,Input.end,Input.label,Input.description,Answer.clickedInstructions,Answer.clickedPlay,Answer.comments,Answer.contains,Answer.identifier,Answer.improve,Answer.loc-00,Answer.loc-01,Answer.loc-02,Answer.loc-03,Answer.loc-04,Answer.loc-05,Answer.loc-06,Answer.loc-07,Answer.loc-08,Answer.loc-09,Answer.loc-10,Answer.loc-11,Answer.loc-12,Answer.loc-13,Answer.loc-14,Answer.loc-15,Answer.loc-16,Answer.loc-17,Answer.loc-18,Answer.loc-19,Answer.loc-20,Answer.loc-21,Answer.loc-22,Answer.loc-23,Answer.loc-24,Answer.loc-25,Answer.loc-26,Answer.loc-27,Answer.loc-28,Answer.loc-29,Answer.loc-30,Answer.loc-31,Answer.loc-32,Answer.loc-33,Answer.loc-34,Answer.loc-35,Answer.loc-36,Answer.loc-37,Answer.loc-38,Answer.loc-39,Answer.reason,Answer.userAgent,Answer.youtubeError,Answer.ytid,Approve,Reject
3EGKVCRQFX20TT9QBQ9UJQQFFGGBYZ,3CM00QMEUMWAO45EUQFF7TCUAYEW69,Annotate when audio source appears in video,Watch a 10 second video clip and tell us when the source of a labeled sound appears in the frame of the video,"annotating, video, audio",$0.07,Mon Jul 16 09:34:05 PDT 2018,1,BatchId:3304135;OriginalHitTemplateId:920937336;,3600,432000,Mon Jul 23 09:34:05 PDT 2018,,,39O5D9O87V2L9F22Q7H1S0W7APH3C5,A2EELTS09HUTSF,Approved,Mon Jul 16 10:09:32 PDT 2018,Mon Jul 16 10:10:58 PDT 2018,Sat Jul 21 10:10:58 PDT 2018,Tue Jul 17 13:07:38 PDT 2018,,,86,100% (465/465),100% (465/465),100% (465/465),Plki1Ld1vFw,0,10,Sneeze,"A convulsive expulsion of air from the lungs through the nose and mouth, usually caused by foreign particles irritating the nasal mucous.",0,1,{},1,temporal,{},0,0,1,1,1,1,1,1,1,1,1,1,1,1,1,1,1,1,1,1,1,1,1,1,1,0,0,0,0,0,0,0,0,0,0,0,0,0,0,0,{},"Mozilla/5.0 (Windows NT 6.1) AppleWebKit/537.36 (KHTML, like Gecko) Chrome/67.0.3396.99 Safari/537.36",0,Plki1Ld1vFw
3INZSNUD810E7PZ2HA8KFZLO9S79DF,3CM00QMEUMWAO45EUQFF7TCUAYEW69,Annotate when audio source appears in video,Watch a 10 second video clip and tell us when the source of a labeled sound appears in the frame of the video,"annotating, video, audio",$0.07,Mon Jul 16 09:34:05 PDT 2018,1,BatchId:3304135;OriginalHitTemplateId:920937336;,3600,432000,Mon Jul 23 09:34:05 PDT 2018,,,3KV0LJBBH4VQ13ZVEMCBDU4ZAIBRMR,AON98YYPNVOBZ,Approved,Mon Jul 16 10:42:53 PDT 2018,Mon Jul 16 10:43:11 PDT 2018,Sat Jul 21 10:43:11 PDT 2018,Tue Jul 17 13:07:38 PDT 2018,,,18,100% (162/162),100% (162/162),100% (162/162),_vw2tuYuWUU,170,180,Sneeze,"A convulsive expulsion of air from the lungs through the nose and mouth, usually caused by foreign particles irritating the nasal mucous.",0,1,{},1,temporal,{},0,0,0,0,0,0,0,0,0,0,0,0,0,0,0,0,0,0,0,0,0,0,0,0,1,1,1,0,0,0,0,0,0,0,0,0,0,0,0,0,{},"Mozilla/5.0 (Windows NT 10.0; Win64; x64) AppleWebKit/537.36 (KHTML, like Gecko) Chrome/67.0.3396.99 Safari/537.36",0,_vw2tuYuWUU
3566S7OX5ETG1BVXMKQ501T9P5G71B,3CM00QMEUMWAO45EUQFF7TCUAYEW69,Annotate when audio source appears in video,Watch a 10 second video clip and tell us when the source of a labeled sound appears in the frame of the video,"annotating, video, audio",$0.07,Mon Jul 16 09:34:05 PDT 2018,1,BatchId:3304135;OriginalHitTemplateId:920937336;,3600,432000,Mon Jul 23 09:34:05 PDT 2018,,,37TRT2X24S1DKOCLFSDTXN7EO14JBR,A24L5439Z4ZP0D,Approved,Mon Jul 16 10:13:34 PDT 2018,Mon Jul 16 10:14:26 PDT 2018,Sat Jul 21 10:14:26 PDT 2018,Tue Jul 17 13:07:38 PDT 2018,,,52,100% (13/13),100% (13/13),100% (13/13),y7ewcjOiCGI,20,30,Sneeze,"A convulsive expulsion of air from the lungs through the nose and mouth, usually caused by foreign particles irritating the nasal mucous.",0,1,{},1,temporal,{},1,1,1,1,1,1,1,1,1,1,1,1,1,1,1,1,1,1,1,1,1,1,1,0,0,0,0,0,0,0,0,0,1,1,1,0,0,0,0,0,{},"Mozilla/5.0 (Windows NT 10.0; Win64; x64) AppleWebKit/537.36 (KHTML, like Gecko) Chrome/67.0.3396.99 Safari/537.36",0,y7ewcjOiCGI
3ZQA3IO31C1NMHNW3677BNF4FUQ1OV,3CM00QMEUMWAO45EUQFF7TCUAYEW69,Annotate when audio source appears in video,Watch a 10 second video clip and tell us when the source of a labeled sound appears in the frame of the video,"annotating, video, audio",$0.07,Mon Jul 16 09:34:05 PDT 2018,1,BatchId:3304135;OriginalHitTemplateId:920937336;,3600,432000,Mon Jul 23 09:34:05 PDT 2018,,,3MYYFCXHJ5HJ8N1BS7I3SW9SMH64G2,A2VDF42IP5PE5O,Approved,Mon Jul 16 10:11:26 PDT 2018,Mon Jul 16 10:12:27 PDT 2018,Sat Jul 21 10:12:27 PDT 2018,Tue Jul 17 13:07:38 PDT 2018,,,61,100% (8/8),100% (8/8),100% (8/8),GQA7KLjVMqQ,0,10,Sneeze,"A convulsive expulsion of air from the lungs through the nose and mouth, usually caused by foreign particles irritating the nasal mucous.",0,1,{},1,temporal,{},1,1,1,0,0,0,0,1,1,1,1,0,0,0,0,0,0,0,0,0,0,0,0,0,0,0,0,0,0,0,0,0,0,0,0,0,0,0,0,0,{},"Mozilla/5.0 (Windows NT 10.0; Win64; x64) AppleWebKit/537.36 (KHTML, like Gecko) Chrome/67.0.3396.99 Safari/537.36",0,GQA7KLjVMqQ
301KG0KX9DVKJLJ5IXCVWXS8VEQH24,3CM00QMEUMWAO45EUQFF7TCUAYEW69,Annotate when audio source appears in video,Watch a 10 second video clip and tell us when the source of a labeled sound appears in the frame of the video,"annotating, video, audio",$0.07,Mon Jul 16 09:34:05 PDT 2018,1,BatchId:3304135;OriginalHitTemplateId:920937336;,3600,432000,Mon Jul 23 09:34:05 PDT 2018,,,3V5Q80FXIZ18BXA0TESVGNNLYY523W,A1BNK09M6KGD5P,Approved,Mon Jul 16 10:11:55 PDT 2018,Mon Jul 16 10:12:25 PDT 2018,Sat Jul 21 10:12:25 PDT 2018,Tue Jul 17 13:07:39 PDT 2018,,,30,100% (89/89),100% (89/89),100% (89/89),XA6vXkdzlgU,160,170,Sneeze,"A convulsive expulsion of air from the lungs through the nose and mouth, usually caused by foreign particles irritating the nasal mucous.",0,1,{},1,temporal,{},0,0,0,0,0,0,0,0,0,1,1,1,1,1,1,1,0,0,0,0,0,0,0,0,0,0,0,0,0,0,0,0,0,0,0,0,0,0,0,0,{},"Mozilla/5.0 (Windows NT 10.0; Win64; x64) AppleWebKit/537.36 (KHTML, like Gecko) Chrome/67.0.3396.99 Safari/537.36",0,XA6vXkdzlgU
32W3UF2EZPV35RNC0JHIELSQ20H4CE,3CM00QMEUMWAO45EUQFF7TCUAYEW69,Annotate when audio source appears in video,Watch a 10 second video clip and tell us when the source of a labeled sound appears in the frame of the video,"annotating, video, audio",$0.07,Mon Jul 16 09:34:05 PDT 2018,1,BatchId:3304135;OriginalHitTemplateId:920937336;,3600,432000,Mon Jul 23 09:34:05 PDT 2018,,,3W2LOLRXLDPVBFZSTAZVYHCVLC8KR5,A1BNK09M6KGD5P,Approved,Mon Jul 16 10:16:54 PDT 2018,Mon Jul 16 10:17:18 PDT 2018,Sat Jul 21 10:17:18 PDT 2018,Tue Jul 17 13:07:39 PDT 2018,,,24,100% (89/89),100% (89/89),100% (89/89),xNmuybY2ym0,20,30,Sneeze,"A convulsive expulsion of air from the lungs through the nose and mouth, usually caused by foreign particles irritating the nasal mucous.",0,1,{},1,temporal,{},0,1,1,1,1,1,1,1,1,1,1,1,1,1,1,1,1,1,1,1,1,1,1,1,1,1,1,1,1,1,1,1,1,1,1,1,1,1,1,1,{},"Mozilla/5.0 (Windows NT 10.0; Win64; x64) AppleWebKit/537.36 (KHTML, like Gecko) Chrome/67.0.3396.99 Safari/537.36",0,xNmuybY2ym0
3S1WOPCJFH3857QBZHAHABHC59KEJ8,3CM00QMEUMWAO45EUQFF7TCUAYEW69,Annotate when audio source appears in video,Watch a 10 second video clip and tell us when the source of a labeled sound appears in the frame of the video,"annotating, video, audio",$0.07,Mon Jul 16 09:34:05 PDT 2018,1,BatchId:3304135;OriginalHitTemplateId:920937336;,3600,432000,Mon Jul 23 09:34:05 PDT 2018,,,3Y5140Z9DZQJT7TPGFAUG6X3SQUIPZ,A2RKBHYST3WDE8,Approved,Mon Jul 16 10:13:11 PDT 2018,Mon Jul 16 10:13:41 PDT 2018,Sat Jul 21 10:13:41 PDT 2018,Tue Jul 17 13:07:39 PDT 2018,,,30,100% (89/89),100% (89/89),100% (89/89),bhpACkL-nec,0,10,Sneeze,"A convulsive expulsion of air from the lungs through the nose and mouth, usually caused by foreign particles irritating the nasal mucous.",0,1,{},1,temporal,{},0,0,0,0,0,0,0,0,0,0,0,1,1,1,1,0,0,0,0,0,0,0,0,0,0,0,0,0,0,0,0,0,0,0,0,0,0,0,0,0,{},Mozilla/5.0 (Windows NT 6.1; Win64; x64; rv:61.0) Gecko/20100101 Firefox/61.0,0,bhpACkL-nec
389A2A304PSM635BHIUG2I2DLO1C06,3CM00QMEUMWAO45EUQFF7TCUAYEW69,Annotate when audio source appears in video,Watch a 10 second video clip and tell us when the source of a labeled sound appears in the frame of the video,"annotating, video, audio",$0.07,Mon Jul 16 09:34:06 PDT 2018,1,BatchId:3304135;OriginalHitTemplateId:920937336;,3600,432000,Mon Jul 23 09:34:06 PDT 2018,,,3ZAK8W07I6OLEHK5TBKIK8K6ED10UE,A1DWJDNFZNQUFC,Approved,Mon Jul 16 09:55:22 PDT 2018,Mon Jul 16 09:56:56 PDT 2018,Sat Jul 21 09:56:56 PDT 2018,Tue Jul 17 13:07:39 PDT 2018,,,94,100% (280/281),100% (280/281),100% (252/253),awnFfrkQwB0,0,10,Sneeze,"A convulsive expulsion of air from the lungs through the nose and mouth, usually caused by foreign particles irritating the nasal mucous.",0,1,{},1,temporal,{},1,0,0,0,0,0,0,1,0,0,0,0,0,0,0,0,0,0,0,0,0,0,0,0,0,0,0,0,0,0,1,0,0,0,0,0,0,0,0,0,{},"Mozilla/5.0 (Windows NT 10.0; Win64; x64) AppleWebKit/537.36 (KHTML, like Gecko) Chrome/67.0.3396.99 Safari/537.36",0,awnFfrkQwB0
39I4RL8QGKRUMZYSMBVJPCP6FSMH40,3CM00QMEUMWAO45EUQFF7TCUAYEW69,Annotate when audio source appears in video,Watch a 10 second video clip and tell us when the source of a labeled sound appears in the frame of the video,"annotating, video, audio",$0.07,Mon Jul 16 09:34:06 PDT 2018,1,BatchId:3304135;OriginalHitTemplateId:920937336;,3600,432000,Mon Jul 23 09:34:06 PDT 2018,,,3S96KQ6I9OE0DO6A5II3UJINPO4TDA,A11758XKF80LV2,Approved,Mon Jul 16 10:02:35 PDT 2018,Mon Jul 16 10:03:15 PDT 2018,Sat Jul 21 10:03:15 PDT 2018,Tue Jul 17 13:07:40 PDT 2018,,,40,84% (32/38),84% (32/38),84% (32/38),Wboy4NbkTuk,80,90,Sneeze,"A convulsive expulsion of air from the lungs through the nose and mouth, usually caused by foreign particles irritating the nasal mucous.",0,1,{},1,temporal,{},0,0,0,0,0,0,0,0,0,0,0,0,0,0,0,0,0,0,0,1,1,1,1,1,1,1,1,0,0,0,0,0,0,0,0,0,0,0,0,0,{},"Mozilla/5.0 (Macintosh; Intel Mac OS X 10_12_4) AppleWebKit/537.36 (KHTML, like Gecko) Chrome/67.0.3396.99 Safari/537.36",0,Wboy4NbkTuk
3VMHWJRYHWQ165VWBW9OJ2ARS8DXFW,3CM00QMEUMWAO45EUQFF7TCUAYEW69,Annotate when audio source appears in video,Watch a 10 second video clip and tell us when the source of a labeled sound appears in the frame of the video,"annotating, video, audio",$0.07,Mon Jul 16 09:34:06 PDT 2018,1,BatchId:3304135;OriginalHitTemplateId:920937336;,3600,432000,Mon Jul 23 09:34:06 PDT 2018,,,30LSNF239W5N10SJEHZIKTPAHG42IY,A2VE5IV9OD2SK1,Approved,Mon Jul 16 10:20:06 PDT 2018,Mon Jul 16 10:21:05 PDT 2018,Sat Jul 21 10:21:05 PDT 2018,Tue Jul 17 13:07:40 PDT 2018,,,59,100% (296/297),100% (296/297),100% (287/288),DjMMCk8lSrE,0,9,Sneeze,"A convulsive expulsion of air from the lungs through the nose and mouth, usually caused by foreign particles irritating the nasal mucous.",0,1,{},1,temporal,{},0,0,0,0,0,0,0,0,0,0,0,0,0,0,0,0,0,0,0,0,0,1,0,0,0,0,0,0,0,0,0,0,0,0,0,0,,,,,{},"Mozilla/5.0 (Windows NT 6.1; WOW64) AppleWebKit/537.36 (KHTML, like Gecko) Chrome/67.0.3396.99 Safari/537.36",0,DjMMCk8lSrE
3CZH926SIDOI2P7QWAND49STNCU4E7,3CM00QMEUMWAO45EUQFF7TCUAYEW69,Annotate when audio source appears in video,Watch a 10 second video clip and tell us when the source of a labeled sound appears in the frame of the video,"annotating, video, audio",$0.07,Mon Jul 16 09:34:06 PDT 2018,1,BatchId:3304135;OriginalHitTemplateId:920937336;,3600,432000,Mon Jul 23 09:34:06 PDT 2018,,,31JLPPHS2W4MI4Z5GCQSN0QOZ4C3OG,A2C0A70O07IHNE,Approved,Mon Jul 16 10:48:14 PDT 2018,Mon Jul 16 10:48:35 PDT 2018,Sat Jul 21 10:48:35 PDT 2018,Tue Jul 17 13:07:42 PDT 2018,,,21,69% (75/108),69% (75/108),69% (75/108),-y2j_Uy3148,3,13,Sneeze,"A convulsive expulsion of air from the lungs through the nose and mouth, usually caused by foreign particles irritating the nasal mucous.",0,1,{},1,temporal,{},0,0,0,0,1,1,1,1,0,0,0,0,0,0,0,0,0,0,0,0,0,0,0,0,0,0,0,0,0,0,0,0,0,0,0,0,0,0,0,0,{},"Mozilla/5.0 (Macintosh; Intel Mac OS X 10_13_5) AppleWebKit/605.1.15 (KHTML, like Gecko) Version/11.1.1 Safari/605.1.15",0,-y2j_Uy3148
3R868ACW4TMWP0R6NY3RY8QE1NBZGU,3CM00QMEUMWAO45EUQFF7TCUAYEW69,Annotate when audio source appears in video,Watch a 10 second video clip and tell us when the source of a labeled sound appears in the frame of the video,"annotating, video, audio",$0.07,Mon Jul 16 09:34:06 PDT 2018,1,BatchId:3304135;OriginalHitTemplateId:920937336;,3600,432000,Mon Jul 23 09:34:06 PDT 2018,,,3KRVW3HTZPV22IZ8TBCG349VWKRSMD,A2C0A70O07IHNE,Approved,Mon Jul 16 10:34:20 PDT 2018,Mon Jul 16 10:34:39 PDT 2018,Sat Jul 21 10:34:39 PDT 2018,Tue Jul 17 13:07:42 PDT 2018,,,19,69% (75/108),69% (75/108),69% (75/108),jJvjJ369208,220,230,Sneeze,"A convulsive expulsion of air from the lungs through the nose and mouth, usually caused by foreign particles irritating the nasal mucous.",0,1,{},1,temporal,{},0,0,0,0,0,0,0,0,1,1,0,0,0,0,0,0,0,0,0,0,0,0,0,0,0,0,0,0,0,0,0,0,0,0,1,1,1,0,0,0,{},"Mozilla/5.0 (Macintosh; Intel Mac OS X 10_13_5) AppleWebKit/605.1.15 (KHTML, like Gecko) Version/11.1.1 Safari/605.1.15",0,jJvjJ369208
371QPA24C3Y3Z9S4ZNT65XLRE271TH,3CM00QMEUMWAO45EUQFF7TCUAYEW69,Annotate when audio source appears in video,Watch a 10 second video clip and tell us when the source of a labeled sound appears in the frame of the video,"annotating, video, audio",$0.07,Mon Jul 16 09:34:06 PDT 2018,1,BatchId:3304135;OriginalHitTemplateId:920937336;,3600,432000,Mon Jul 23 09:34:06 PDT 2018,,,304SM51WA5E6JRVB2MM7POY1KKABSS,ADKBTSKPX195Q,Approved,Mon Jul 16 09:45:28 PDT 2018,Mon Jul 16 10:00:55 PDT 2018,Sat Jul 21 10:00:55 PDT 2018,Tue Jul 17 13:07:43 PDT 2018,,,927,100% (14/14),100% (14/14),100% (14/14),BXLBYcnutbM,30,40,Sneeze,"A convulsive expulsion of air from the lungs through the nose and mouth, usually caused by foreign particles irritating the nasal mucous.",0,1,{},1,temporal,{},0,0,0,0,0,0,0,0,0,0,0,0,0,0,0,0,0,0,0,0,1,1,1,1,0,0,0,0,0,0,0,0,0,0,0,0,0,0,0,0,{},"Mozilla/5.0 (Windows NT 6.3; Win64; x64) AppleWebKit/537.36 (KHTML, like Gecko) Chrome/67.0.3396.99 Safari/537.36",0,BXLBYcnutbM
344M16OZKJP4OXHWEF293IYTETPENC,3CM00QMEUMWAO45EUQFF7TCUAYEW69,Annotate when audio source appears in video,Watch a 10 second video clip and tell us when the source of a labeled sound appears in the frame of the video,"annotating, video, audio",$0.07,Mon Jul 16 09:34:06 PDT 2018,1,BatchId:3304135;OriginalHitTemplateId:920937336;,3600,432000,Mon Jul 23 09:34:06 PDT 2018,,,3IXQG4FA2V8OECZCTGMG8TTBSWLB9H,ADKBTSKPX195Q,Approved,Mon Jul 16 09:45:01 PDT 2018,Mon Jul 16 09:58:52 PDT 2018,Sat Jul 21 09:58:52 PDT 2018,Tue Jul 17 13:07:44 PDT 2018,,,831,100% (14/14),100% (14/14),100% (14/14),9jXSdGMjnN8,100,110,Sneeze,"A convulsive expulsion of air from the lungs through the nose and mouth, usually caused by foreign particles irritating the nasal mucous.",0,1,{},1,temporal,{},1,1,1,0,0,0,1,1,0,0,0,1,1,1,0,0,0,0,0,0,1,1,0,0,1,1,0,0,0,0,1,1,0,0,0,0,1,1,0,0,{},"Mozilla/5.0 (Windows NT 6.3; Win64; x64) AppleWebKit/537.36 (KHTML, like Gecko) Chrome/67.0.3396.99 Safari/537.36",0,9jXSdGMjnN8
3M93N4X8HLX9FQVT0CUMZSLR60TJSE,3CM00QMEUMWAO45EUQFF7TCUAYEW69,Annotate when audio source appears in video,Watch a 10 second video clip and tell us when the source of a labeled sound appears in the frame of the video,"annotating, video, audio",$0.07,Mon Jul 16 09:34:06 PDT 2018,1,BatchId:3304135;OriginalHitTemplateId:920937336;,3600,432000,Mon Jul 23 09:34:06 PDT 2018,,,34BBWHLWHCL9DGQQS1OP805ZLNVIWS,A2Q5ADHEBLC7OI,Approved,Mon Jul 16 10:05:25 PDT 2018,Mon Jul 16 10:06:17 PDT 2018,Sat Jul 21 10:06:17 PDT 2018,Tue Jul 17 13:07:44 PDT 2018,,,52,100% (4/4),100% (4/4),100% (4/4),aJJf0N75gpE,7,17,Sneeze,"A convulsive expulsion of air from the lungs through the nose and mouth, usually caused by foreign particles irritating the nasal mucous.",0,1,{},1,temporal,{},0,0,0,0,0,1,1,1,0,0,0,0,0,0,0,0,1,1,1,0,0,0,0,0,1,1,1,0,0,0,0,0,1,1,1,0,0,0,0,0,{},"Mozilla/5.0 (Windows NT 10.0; Win64; x64) AppleWebKit/537.36 (KHTML, like Gecko) Chrome/67.0.3396.99 Safari/537.36",0,aJJf0N75gpE
3ECKRY5B1R6ALRX1DM3UJK3UG03ZIM,3CM00QMEUMWAO45EUQFF7TCUAYEW69,Annotate when audio source appears in video,Watch a 10 second video clip and tell us when the source of a labeled sound appears in the frame of the video,"annotating, video, audio",$0.07,Mon Jul 16 09:34:06 PDT 2018,1,BatchId:3304135;OriginalHitTemplateId:920937336;,3600,432000,Mon Jul 23 09:34:06 PDT 2018,,,3VFJCI1K419Q9T393JEG0PK2EVSRGA,A2EELTS09HUTSF,Approved,Mon Jul 16 10:22:28 PDT 2018,Mon Jul 16 10:24:51 PDT 2018,Sat Jul 21 10:24:51 PDT 2018,Tue Jul 17 13:07:44 PDT 2018,,,143,100% (465/465),100% (465/465),100% (465/465),WQkehdRgvqw,20,30,Sneeze,"A convulsive expulsion of air from the lungs through the nose and mouth, usually caused by foreign particles irritating the nasal mucous.",0,1,{},1,temporal,{},0,0,0,0,0,0,0,0,0,0,1,1,0,0,0,0,0,0,0,0,1,1,0,0,0,0,0,0,0,0,0,0,0,0,0,0,0,1,1,1,{},"Mozilla/5.0 (Windows NT 6.1) AppleWebKit/537.36 (KHTML, like Gecko) Chrome/67.0.3396.99 Safari/537.36",0,WQkehdRgvqw
3QE4DGPGBSLGM33H25D14CD50S94GO,3CM00QMEUMWAO45EUQFF7TCUAYEW69,Annotate when audio source appears in video,Watch a 10 second video clip and tell us when the source of a labeled sound appears in the frame of the video,"annotating, video, audio",$0.07,Mon Jul 16 09:34:07 PDT 2018,1,BatchId:3304135;OriginalHitTemplateId:920937336;,3600,432000,Mon Jul 23 09:34:07 PDT 2018,,,320DUZ38G9W9B5KWVE57YYYB4ERGJ0,A11758XKF80LV2,Approved,Mon Jul 16 09:54:05 PDT 2018,Mon Jul 16 09:55:02 PDT 2018,Sat Jul 21 09:55:02 PDT 2018,Tue Jul 17 13:07:44 PDT 2018,,,57,84% (32/38),84% (32/38),84% (32/38),CUiajtjBXHM,30,40,Sneeze,"A convulsive expulsion of air from the lungs through the nose and mouth, usually caused by foreign particles irritating the nasal mucous.",0,1,{},1,temporal,{},0,0,0,0,0,0,1,1,0,0,0,0,0,0,0,0,0,0,0,0,0,0,0,0,0,0,0,0,1,1,0,0,0,0,0,0,0,0,0,0,{},"Mozilla/5.0 (Macintosh; Intel Mac OS X 10_12_4) AppleWebKit/537.36 (KHTML, like Gecko) Chrome/67.0.3396.99 Safari/537.36",0,CUiajtjBXHM
3UV0D2KX1NTA837MRL7JMRDTZD94FP,3CM00QMEUMWAO45EUQFF7TCUAYEW69,Annotate when audio source appears in video,Watch a 10 second video clip and tell us when the source of a labeled sound appears in the frame of the video,"annotating, video, audio",$0.07,Mon Jul 16 09:34:07 PDT 2018,1,BatchId:3304135;OriginalHitTemplateId:920937336;,3600,432000,Mon Jul 23 09:34:07 PDT 2018,,,3TPZPLC3M2M434B6VC37C0VE98U3PH,A2EELTS09HUTSF,Approved,Mon Jul 16 09:59:51 PDT 2018,Mon Jul 16 10:00:59 PDT 2018,Sat Jul 21 10:00:59 PDT 2018,Tue Jul 17 13:07:45 PDT 2018,,,68,100% (465/465),100% (465/465),100% (465/465),NQ7e-hury64,20,30,Sneeze,"A convulsive expulsion of air from the lungs through the nose and mouth, usually caused by foreign particles irritating the nasal mucous.",0,1,{},1,temporal,{},0,0,0,0,1,1,0,0,0,0,0,1,1,0,0,0,0,0,0,0,0,0,0,0,0,0,0,0,0,0,0,0,0,0,0,0,0,0,0,0,{},"Mozilla/5.0 (Windows NT 6.1) AppleWebKit/537.36 (KHTML, like Gecko) Chrome/67.0.3396.99 Safari/537.36",0,NQ7e-hury64
3UOMW19E6EGL1ARCEO0SJDY42WCC5R,3CM00QMEUMWAO45EUQFF7TCUAYEW69,Annotate when audio source appears in video,Watch a 10 second video clip and tell us when the source of a labeled sound appears in the frame of the video,"annotating, video, audio",$0.07,Mon Jul 16 09:34:07 PDT 2018,1,BatchId:3304135;OriginalHitTemplateId:920937336;,3600,432000,Mon Jul 23 09:34:07 PDT 2018,,,3S0TNUHWKVSHF4EM2K783NM0BBK8D1,A11758XKF80LV2,Approved,Mon Jul 16 10:04:43 PDT 2018,Mon Jul 16 10:05:16 PDT 2018,Sat Jul 21 10:05:16 PDT 2018,Tue Jul 17 13:07:45 PDT 2018,,,33,84% (32/38),84% (32/38),84% (32/38),TQr9v-PQOc4,0,10,Sneeze,"A convulsive expulsion of air from the lungs through the nose and mouth, usually caused by foreign particles irritating the nasal mucous.",0,1,{},1,temporal,{},0,0,0,0,0,0,0,0,0,0,0,0,0,0,0,0,0,0,0,0,0,1,1,1,0,0,0,0,0,0,0,0,0,0,0,0,0,0,0,0,{},"Mozilla/5.0 (Macintosh; Intel Mac OS X 10_12_4) AppleWebKit/537.36 (KHTML, like Gecko) Chrome/67.0.3396.99 Safari/537.36",0,TQr9v-PQOc4
3126F2F5F9D4RIT9UUF1773OE8QEP8,3CM00QMEUMWAO45EUQFF7TCUAYEW69,Annotate when audio source appears in video,Watch a 10 second video clip and tell us when the source of a labeled sound appears in the frame of the video,"annotating, video, audio",$0.07,Mon Jul 16 09:34:07 PDT 2018,1,BatchId:3304135;OriginalHitTemplateId:920937336;,3600,432000,Mon Jul 23 09:34:07 PDT 2018,,,3300DTYQT4RSDESIK9ZSVWPL5T4QEK,ATQA5XDT6FQGZ,Approved,Mon Jul 16 09:54:46 PDT 2018,Mon Jul 16 09:57:06 PDT 2018,Sat Jul 21 09:57:06 PDT 2018,Tue Jul 17 13:07:45 PDT 2018,,,140,98% (59/60),98% (59/60),98% (59/60),jRL0npebr7s,20,30,Sneeze,"A convulsive expulsion of air from the lungs through the nose and mouth, usually caused by foreign particles irritating the nasal mucous.",0,1,{},1,temporal,{},0,1,1,1,0,0,0,0,0,0,1,1,1,1,1,1,1,1,1,1,1,1,1,1,0,0,0,0,0,0,0,0,0,0,0,0,0,0,0,0,{},"Mozilla/5.0 (Windows NT 6.1) AppleWebKit/537.36 (KHTML, like Gecko) Chrome/67.0.3396.99 Safari/537.36",0,jRL0npebr7s
33KGGVH24VRAGQ1O4XU3U06XRYV1X0,3CM00QMEUMWAO45EUQFF7TCUAYEW69,Annotate when audio source appears in video,Watch a 10 second video clip and tell us when the source of a labeled sound appears in the frame of the video,"annotating, video, audio",$0.07,Mon Jul 16 09:34:07 PDT 2018,1,BatchId:3304135;OriginalHitTemplateId:920937336;,3600,432000,Mon Jul 23 09:34:07 PDT 2018,,,3VJ40NV2QKXRHLXZVRWJ5DUMT2DTO9,A2VE5IV9OD2SK1,Approved,Mon Jul 16 10:10:41 PDT 2018,Mon Jul 16 10:11:44 PDT 2018,Sat Jul 21 10:11:44 PDT 2018,Tue Jul 17 13:07:46 PDT 2018,,,63,100% (296/297),100% (296/297),100% (287/288),QW_d0QSJufY,15,25,Sneeze,"A convulsive expulsion of air from the lungs through the nose and mouth, usually caused by foreign particles irritating the nasal mucous.",0,1,{},1,temporal,{},0,0,0,0,0,0,1,0,0,0,0,1,0,0,0,0,0,0,0,0,0,0,0,0,0,0,0,0,0,0,0,0,0,0,0,0,0,0,0,0,{},"Mozilla/5.0 (Windows NT 6.1; WOW64) AppleWebKit/537.36 (KHTML, like Gecko) Chrome/67.0.3396.99 Safari/537.36",0,QW_d0QSJufY
3LCXHSGDLUG14A91MBJV2C8Z1SXESO,3CM00QMEUMWAO45EUQFF7TCUAYEW69,Annotate when audio source appears in video,Watch a 10 second video clip and tell us when the source of a labeled sound appears in the frame of the video,"annotating, video, audio",$0.07,Mon Jul 16 09:34:07 PDT 2018,1,BatchId:3304135;OriginalHitTemplateId:920937336;,3600,432000,Mon Jul 23 09:34:07 PDT 2018,,,3BEFOD78W83J0XXX3AGY51TPI3IM4S,A2FOZ4T4OUBNQA,Approved,Mon Jul 16 10:13:34 PDT 2018,Mon Jul 16 10:15:39 PDT 2018,Sat Jul 21 10:15:39 PDT 2018,Tue Jul 17 13:07:46 PDT 2018,,,125,100% (3/3),100% (3/3),100% (3/3),uwV_Gl9tjuE,0,7,Sneeze,"A convulsive expulsion of air from the lungs through the nose and mouth, usually caused by foreign particles irritating the nasal mucous.",1,1,{},1,temporal,{},0,0,0,0,0,0,0,0,0,1,1,1,0,0,0,0,0,0,0,0,0,0,0,0,0,0,0,0,,,,,,,,,,,,,{},"Mozilla/5.0 (Windows NT 10.0; Win64; x64) AppleWebKit/537.36 (KHTML, like Gecko) Chrome/67.0.3396.99 Safari/537.36",0,uwV_Gl9tjuE
360ZO6N6J2THBJ5FU37NYP8II6Z9MX,3CM00QMEUMWAO45EUQFF7TCUAYEW69,Annotate when audio source appears in video,Watch a 10 second video clip and tell us when the source of a labeled sound appears in the frame of the video,"annotating, video, audio",$0.07,Mon Jul 16 09:34:08 PDT 2018,1,BatchId:3304135;OriginalHitTemplateId:920937336;,3600,432000,Mon Jul 23 09:34:08 PDT 2018,,,3AMYWKA6YDWLFNMNZEOQU3289VA6OL,A2C0A70O07IHNE,Approved,Mon Jul 16 10:35:46 PDT 2018,Mon Jul 16 10:36:04 PDT 2018,Sat Jul 21 10:36:04 PDT 2018,Tue Jul 17 13:07:46 PDT 2018,,,18,69% (75/108),69% (75/108),69% (75/108),BhOtXYmEQvA,0,4,Sneeze,"A convulsive expulsion of air from the lungs through the nose and mouth, usually caused by foreign particles irritating the nasal mucous.",0,1,{},1,temporal,{},0,0,0,0,0,0,0,0,0,0,0,1,1,0,0,0,,,,,,,,,,,,,,,,,,,,,,,,,{},"Mozilla/5.0 (Macintosh; Intel Mac OS X 10_13_5) AppleWebKit/605.1.15 (KHTML, like Gecko) Version/11.1.1 Safari/605.1.15",0,BhOtXYmEQvA
33N1S8XHHNVZLL135FIORLM8ZYT1ZX,3CM00QMEUMWAO45EUQFF7TCUAYEW69,Annotate when audio source appears in video,Watch a 10 second video clip and tell us when the source of a labeled sound appears in the frame of the video,"annotating, video, audio",$0.07,Mon Jul 16 09:34:08 PDT 2018,1,BatchId:3304135;OriginalHitTemplateId:920937336;,3600,432000,Mon Jul 23 09:34:08 PDT 2018,,,3NKQQ8O390FFD1LZ5N8DZF4P82DUD4,A2RKBHYST3WDE8,Approved,Mon Jul 16 10:11:19 PDT 2018,Mon Jul 16 10:11:53 PDT 2018,Sat Jul 21 10:11:53 PDT 2018,Tue Jul 17 13:07:46 PDT 2018,,,34,100% (89/89),100% (89/89),100% (89/89),CO1M63tvnrw,30,40,Sneeze,"A convulsive expulsion of air from the lungs through the nose and mouth, usually caused by foreign particles irritating the nasal mucous.",0,1,{},1,temporal,{},1,1,1,0,0,0,0,0,0,0,1,1,1,1,0,0,0,0,0,0,0,0,0,0,0,0,0,0,0,0,0,0,0,0,0,0,0,0,0,0,{},Mozilla/5.0 (Windows NT 6.1; Win64; x64; rv:61.0) Gecko/20100101 Firefox/61.0,0,CO1M63tvnrw
30OITAWPBRDVJ54436RA6K0M1K0H9W,3CM00QMEUMWAO45EUQFF7TCUAYEW69,Annotate when audio source appears in video,Watch a 10 second video clip and tell us when the source of a labeled sound appears in the frame of the video,"annotating, video, audio",$0.07,Mon Jul 16 09:34:08 PDT 2018,1,BatchId:3304135;OriginalHitTemplateId:920937336;,3600,432000,Mon Jul 23 09:34:08 PDT 2018,,,31JLPPHS2W4MI4Z5GCQSN0QOZ46O3V,A1EEUBRH234T7M,Approved,Mon Jul 16 10:30:11 PDT 2018,Mon Jul 16 10:32:53 PDT 2018,Sat Jul 21 10:32:53 PDT 2018,Tue Jul 17 13:07:47 PDT 2018,,,162,100% (14/14),100% (14/14),100% (14/14),iuRGURTgqjU,90,100,Sneeze,"A convulsive expulsion of air from the lungs through the nose and mouth, usually caused by foreign particles irritating the nasal mucous.",0,1,{},1,temporal,{},0,0,0,1,1,1,1,0,0,0,0,0,0,0,0,0,0,0,0,0,0,1,1,1,0,0,0,0,0,0,0,0,1,1,1,0,0,0,0,0,{},"Mozilla/5.0 (Windows NT 10.0) AppleWebKit/537.36 (KHTML, like Gecko) Chrome/67.0.3396.99 Safari/537.36",0,iuRGURTgqjU
3H781YYV6US2JAMGBBOLCH4L3BBETD,3CM00QMEUMWAO45EUQFF7TCUAYEW69,Annotate when audio source appears in video,Watch a 10 second video clip and tell us when the source of a labeled sound appears in the frame of the video,"annotating, video, audio",$0.07,Mon Jul 16 09:34:08 PDT 2018,1,BatchId:3304135;OriginalHitTemplateId:920937336;,3600,432000,Mon Jul 23 09:34:08 PDT 2018,,,32ZKVD547HX2ZAAWC7L6HGQPS4K3B1,A2ED7L33ACOTGH,Approved,Mon Jul 16 10:20:35 PDT 2018,Mon Jul 16 10:21:01 PDT 2018,Sat Jul 21 10:21:01 PDT 2018,Tue Jul 17 13:07:48 PDT 2018,,,26,100% (84/84),100% (84/84),100% (84/84),Le1gkBaZxJU,10,20,Sneeze,"A convulsive expulsion of air from the lungs through the nose and mouth, usually caused by foreign particles irritating the nasal mucous.",0,1,{},1,temporal,{},0,0,0,0,1,1,0,0,0,0,0,0,1,1,0,0,0,0,0,0,0,0,0,0,0,0,0,0,0,0,0,0,0,0,0,0,0,0,0,0,{},"Mozilla/5.0 (Macintosh; Intel Mac OS X 10_13_5) AppleWebKit/537.36 (KHTML, like Gecko) Chrome/67.0.3396.99 Safari/537.36",0,Le1gkBaZxJU
3GONHBMNHW8WHANSY11MBDABX9NZM2,3CM00QMEUMWAO45EUQFF7TCUAYEW69,Annotate when audio source appears in video,Watch a 10 second video clip and tell us when the source of a labeled sound appears in the frame of the video,"annotating, video, audio",$0.07,Mon Jul 16 09:34:08 PDT 2018,1,BatchId:3304135;OriginalHitTemplateId:920937336;,3600,432000,Mon Jul 23 09:34:08 PDT 2018,,,3ATTHHXXWCYO2GVG26KBAJJ6UP0XIZ,A24F08A7411TVV,Approved,Mon Jul 16 10:04:03 PDT 2018,Mon Jul 16 10:05:42 PDT 2018,Sat Jul 21 10:05:42 PDT 2018,Tue Jul 17 13:07:48 PDT 2018,,,99,100% (6/6),100% (6/6),100% (6/6),uRlbY6_aoBU,0,7,Sneeze,"A convulsive expulsion of air from the lungs through the nose and mouth, usually caused by foreign particles irritating the nasal mucous.",1,1,{},1,temporal,{},0,0,0,0,0,0,0,0,0,0,0,0,0,0,0,0,0,1,1,1,0,0,0,0,0,0,0,0,,,,,,,,,,,,,{},"Mozilla/5.0 (Windows NT 6.1; Win64; x64) AppleWebKit/537.36 (KHTML, like Gecko) Chrome/67.0.3396.99 Safari/537.36",0,uRlbY6_aoBU
3W5PY7V3UQH6BC72ZIMBHE9SNLPJYS,3CM00QMEUMWAO45EUQFF7TCUAYEW69,Annotate when audio source appears in video,Watch a 10 second video clip and tell us when the source of a labeled sound appears in the frame of the video,"annotating, video, audio",$0.07,Mon Jul 16 09:34:08 PDT 2018,1,BatchId:3304135;OriginalHitTemplateId:920937336;,3600,432000,Mon Jul 23 09:34:08 PDT 2018,,,324G5B4FB5IJG689G3R7AG6M62807G,A3ML7X12VHUVUN,Approved,Mon Jul 16 10:15:35 PDT 2018,Mon Jul 16 10:16:10 PDT 2018,Sat Jul 21 10:16:10 PDT 2018,Tue Jul 17 13:07:48 PDT 2018,,,35,100% (27/27),100% (27/27),100% (27/27),RPbYmF04hx4,60,70,Sneeze,"A convulsive expulsion of air from the lungs through the nose and mouth, usually caused by foreign particles irritating the nasal mucous.",0,1,{},1,temporal,{},0,0,1,1,0,0,0,1,1,0,0,1,1,0,0,1,1,0,0,0,0,0,0,0,0,0,0,0,0,0,1,1,1,0,0,0,0,0,0,0,{},Mozilla/5.0 (Windows NT 6.3; Win64; x64; rv:61.0) Gecko/20100101 Firefox/61.0,0,RPbYmF04hx4
3EQPA8A37566G2H7V4OUVLIUTFTJZJ,3CM00QMEUMWAO45EUQFF7TCUAYEW69,Annotate when audio source appears in video,Watch a 10 second video clip and tell us when the source of a labeled sound appears in the frame of the video,"annotating, video, audio",$0.07,Mon Jul 16 09:34:08 PDT 2018,1,BatchId:3304135;OriginalHitTemplateId:920937336;,3600,432000,Mon Jul 23 09:34:08 PDT 2018,,,3N4BPTXIOA2NR7R9X4U03SZFSCLUKU,A2C0A70O07IHNE,Approved,Mon Jul 16 10:47:08 PDT 2018,Mon Jul 16 10:47:33 PDT 2018,Sat Jul 21 10:47:33 PDT 2018,Tue Jul 17 13:07:49 PDT 2018,,,25,69% (75/108),69% (75/108),69% (75/108),VNUAW_5hKvs,0,10,Sneeze,"A convulsive expulsion of air from the lungs through the nose and mouth, usually caused by foreign particles irritating the nasal mucous.",0,1,{},1,temporal,{},0,0,0,1,1,1,1,1,1,1,1,1,1,1,1,1,1,1,1,1,1,1,1,1,1,1,1,1,1,1,1,1,1,1,1,1,1,1,1,1,{},"Mozilla/5.0 (Macintosh; Intel Mac OS X 10_13_5) AppleWebKit/605.1.15 (KHTML, like Gecko) Version/11.1.1 Safari/605.1.15",0,VNUAW_5hKvs
3OND0WXMHXPCE1VLBH7WYY1XSHGHE6,3CM00QMEUMWAO45EUQFF7TCUAYEW69,Annotate when audio source appears in video,Watch a 10 second video clip and tell us when the source of a labeled sound appears in the frame of the video,"annotating, video, audio",$0.07,Mon Jul 16 09:34:09 PDT 2018,1,BatchId:3304135;OriginalHitTemplateId:920937336;,3600,432000,Mon Jul 23 09:34:09 PDT 2018,,,3X4JMASXCOJ6IIBZTK3NFISIPSYB0C,AON98YYPNVOBZ,Approved,Mon Jul 16 10:13:17 PDT 2018,Mon Jul 16 10:13:43 PDT 2018,Sat Jul 21 10:13:43 PDT 2018,Tue Jul 17 13:07:49 PDT 2018,,,26,100% (162/162),100% (162/162),100% (162/162),koJfHVaTnhE,7,17,Sneeze,"A convulsive expulsion of air from the lungs through the nose and mouth, usually caused by foreign particles irritating the nasal mucous.",0,1,{},1,temporal,{},0,0,0,0,0,0,0,0,0,0,0,1,1,1,1,0,0,0,0,0,0,0,0,0,0,0,0,0,0,0,0,0,0,0,0,0,0,0,0,0,{},"Mozilla/5.0 (Windows NT 10.0; Win64; x64) AppleWebKit/537.36 (KHTML, like Gecko) Chrome/67.0.3396.99 Safari/537.36",0,koJfHVaTnhE
3G5RUKN2EDDNT1QF64MNB4XINW99NX,3CM00QMEUMWAO45EUQFF7TCUAYEW69,Annotate when audio source appears in video,Watch a 10 second video clip and tell us when the source of a labeled sound appears in the frame of the video,"annotating, video, audio",$0.07,Mon Jul 16 09:34:09 PDT 2018,1,BatchId:3304135;OriginalHitTemplateId:920937336;,3600,432000,Mon Jul 23 09:34:09 PDT 2018,,,3FDJT1UU76I66S1UW3MSVG7ZTVQK50,A1BNK09M6KGD5P,Approved,Mon Jul 16 10:40:06 PDT 2018,Mon Jul 16 10:40:39 PDT 2018,Sat Jul 21 10:40:39 PDT 2018,Tue Jul 17 13:07:50 PDT 2018,,,33,100% (89/89),100% (89/89),100% (89/89),2IsgfovbWC4,10,20,Sneeze,"A convulsive expulsion of air from the lungs through the nose and mouth, usually caused by foreign particles irritating the nasal mucous.",0,1,{},1,temporal,{},0,0,0,0,0,0,0,0,0,0,0,0,0,0,0,0,0,0,0,0,0,0,0,0,0,0,0,0,0,0,1,1,1,1,1,1,1,0,0,0,{},"Mozilla/5.0 (Windows NT 10.0; Win64; x64) AppleWebKit/537.36 (KHTML, like Gecko) Chrome/67.0.3396.99 Safari/537.36",0,2IsgfovbWC4
371Q3BEXDIJZF50XIYX8NM9HPY5ZSE,3CM00QMEUMWAO45EUQFF7TCUAYEW69,Annotate when audio source appears in video,Watch a 10 second video clip and tell us when the source of a labeled sound appears in the frame of the video,"annotating, video, audio",$0.07,Mon Jul 16 09:34:10 PDT 2018,1,BatchId:3304135;OriginalHitTemplateId:920937336;,3600,432000,Mon Jul 23 09:34:10 PDT 2018,,,3YHH42UU5DPIVRXBKXSHTLON1M9L06,A2EELTS09HUTSF,Approved,Mon Jul 16 10:01:00 PDT 2018,Mon Jul 16 10:02:40 PDT 2018,Sat Jul 21 10:02:40 PDT 2018,Tue Jul 17 13:07:51 PDT 2018,,,100,100% (465/465),100% (465/465),100% (465/465),ReiJLjX1n44,20,30,Sneeze,"A convulsive expulsion of air from the lungs through the nose and mouth, usually caused by foreign particles irritating the nasal mucous.",0,1,{},1,temporal,{},1,1,1,1,1,1,1,1,1,1,1,1,1,1,1,1,1,1,1,1,1,1,1,1,1,1,1,1,1,1,1,1,1,1,1,1,1,0,0,0,{},"Mozilla/5.0 (Windows NT 6.1) AppleWebKit/537.36 (KHTML, like Gecko) Chrome/67.0.3396.99 Safari/537.36",0,ReiJLjX1n44
3JHB4BPSFLJ8WY37MWE4FYSNS7W9QK,3CM00QMEUMWAO45EUQFF7TCUAYEW69,Annotate when audio source appears in video,Watch a 10 second video clip and tell us when the source of a labeled sound appears in the frame of the video,"annotating, video, audio",$0.07,Mon Jul 16 09:34:10 PDT 2018,1,BatchId:3304135;OriginalHitTemplateId:920937336;,3600,432000,Mon Jul 23 09:34:10 PDT 2018,,,3CPLWGV3MQ9QFLO9W6RPZOT59L99NE,A2C0A70O07IHNE,Approved,Mon Jul 16 10:23:12 PDT 2018,Mon Jul 16 10:23:41 PDT 2018,Sat Jul 21 10:23:41 PDT 2018,Tue Jul 17 13:07:51 PDT 2018,,,29,69% (75/108),69% (75/108),69% (75/108),DQNoYpMUKs0,0,6,Sneeze,"A convulsive expulsion of air from the lungs through the nose and mouth, usually caused by foreign particles irritating the nasal mucous.",0,1,{},1,temporal,{},1,1,1,1,1,1,1,1,1,1,1,1,1,1,1,1,1,1,1,1,0,0,0,0,,,,,,,,,,,,,,,,,{},"Mozilla/5.0 (Macintosh; Intel Mac OS X 10_13_5) AppleWebKit/605.1.15 (KHTML, like Gecko) Version/11.1.1 Safari/605.1.15",0,DQNoYpMUKs0
3FCO4VKOZ5NFLCP9Y8LK7LC3EEK7EU,3CM00QMEUMWAO45EUQFF7TCUAYEW69,Annotate when audio source appears in video,Watch a 10 second video clip and tell us when the source of a labeled sound appears in the frame of the video,"annotating, video, audio",$0.07,Mon Jul 16 09:34:10 PDT 2018,1,BatchId:3304135;OriginalHitTemplateId:920937336;,3600,432000,Mon Jul 23 09:34:10 PDT 2018,,,3GU1KF0O4KB96ZFJA5IDUJTQX0ABPJ,A2VDF42IP5PE5O,Approved,Mon Jul 16 10:13:48 PDT 2018,Mon Jul 16 10:14:17 PDT 2018,Sat Jul 21 10:14:17 PDT 2018,Tue Jul 17 13:07:52 PDT 2018,,,29,100% (8/8),100% (8/8),100% (8/8),JZM-oMCYiJc,0,3,Sneeze,"A convulsive expulsion of air from the lungs through the nose and mouth, usually caused by foreign particles irritating the nasal mucous.",0,1,{},1,temporal,{},0,1,1,1,0,0,0,0,0,0,0,0,,,,,,,,,,,,,,,,,,,,,,,,,,,,,{},"Mozilla/5.0 (Windows NT 10.0; Win64; x64) AppleWebKit/537.36 (KHTML, like Gecko) Chrome/67.0.3396.99 Safari/537.36",0,JZM-oMCYiJc
302OLP89D0HI7G3T9KR9ROEQUADCAX,3CM00QMEUMWAO45EUQFF7TCUAYEW69,Annotate when audio source appears in video,Watch a 10 second video clip and tell us when the source of a labeled sound appears in the frame of the video,"annotating, video, audio",$0.07,Mon Jul 16 09:34:10 PDT 2018,1,BatchId:3304135;OriginalHitTemplateId:920937336;,3600,432000,Mon Jul 23 09:34:10 PDT 2018,,,386PBUZZXH7PXXYX652NBQ3J0VDLJB,A3MHKFOJIXO7QN,Approved,Mon Jul 16 09:54:30 PDT 2018,Mon Jul 16 09:55:21 PDT 2018,Sat Jul 21 09:55:21 PDT 2018,Tue Jul 17 13:07:52 PDT 2018,,,51,100% (37/37),100% (37/37),100% (37/37),nJMJVcxsJB4,40,50,Sneeze,"A convulsive expulsion of air from the lungs through the nose and mouth, usually caused by foreign particles irritating the nasal mucous.",0,1,{},1,temporal,{},0,0,0,0,0,0,0,0,0,0,0,0,0,0,1,1,1,1,1,0,0,0,0,0,0,0,0,0,0,0,0,0,0,0,0,0,0,0,0,0,{},"Mozilla/5.0 (Windows NT 10.0; Win64; x64) AppleWebKit/537.36 (KHTML, like Gecko) Chrome/67.0.3396.99 Safari/537.36",0,nJMJVcxsJB4
3X878VYTIFS7RQP5TJ5QP3X3QFZ7FC,3CM00QMEUMWAO45EUQFF7TCUAYEW69,Annotate when audio source appears in video,Watch a 10 second video clip and tell us when the source of a labeled sound appears in the frame of the video,"annotating, video, audio",$0.07,Mon Jul 16 09:34:10 PDT 2018,1,BatchId:3304135;OriginalHitTemplateId:920937336;,3600,432000,Mon Jul 23 09:34:10 PDT 2018,,,3M68NM076JHOC0E3R65UOY7DKHPR68,A2WPHVMLLEV5ZB,Approved,Mon Jul 16 10:22:19 PDT 2018,Mon Jul 16 10:22:49 PDT 2018,Sat Jul 21 10:22:49 PDT 2018,Tue Jul 17 13:07:52 PDT 2018,,,30,97% (172/178),97% (172/178),97% (172/178),wjRM2hWToNU,26,36,Sneeze,"A convulsive expulsion of air from the lungs through the nose and mouth, usually caused by foreign particles irritating the nasal mucous.",0,1,{},1,temporal,{},1,1,1,1,1,1,1,1,0,1,1,1,1,1,1,1,1,1,1,1,1,1,1,1,1,1,1,1,1,1,1,1,1,0,0,0,0,0,0,0,{},Mozilla/5.0 (Windows NT 10.0; Win64; x64; rv:52.0) Gecko/20100101 Firefox/52.0,0,wjRM2hWToNU
3JTPR5MTZTM3K83061HQ7WBC75LK5C,3CM00QMEUMWAO45EUQFF7TCUAYEW69,Annotate when audio source appears in video,Watch a 10 second video clip and tell us when the source of a labeled sound appears in the frame of the video,"annotating, video, audio",$0.07,Mon Jul 16 09:34:10 PDT 2018,1,BatchId:3304135;OriginalHitTemplateId:920937336;,3600,432000,Mon Jul 23 09:34:10 PDT 2018,,,3TAYZSBPLNICVEVFJTTWOVVXQFES2Q,A2ED7L33ACOTGH,Approved,Mon Jul 16 10:47:35 PDT 2018,Mon Jul 16 10:47:58 PDT 2018,Sat Jul 21 10:47:58 PDT 2018,Tue Jul 17 13:07:53 PDT 2018,,,23,100% (84/84),100% (84/84),100% (84/84),9Sc6odMfWo0,0,10,Sneeze,"A convulsive expulsion of air from the lungs through the nose and mouth, usually caused by foreign particles irritating the nasal mucous.",0,1,{},1,temporal,{},1,1,1,1,1,1,1,1,1,1,1,1,1,1,1,1,1,1,0,0,0,0,0,0,0,0,0,0,0,0,1,1,1,1,0,0,0,0,0,0,{},"Mozilla/5.0 (Macintosh; Intel Mac OS X 10_13_5) AppleWebKit/537.36 (KHTML, like Gecko) Chrome/67.0.3396.99 Safari/537.36",0,9Sc6odMfWo0
3MJ9GGZYO4G59YBRCR23FB54IJ02AE,3CM00QMEUMWAO45EUQFF7TCUAYEW69,Annotate when audio source appears in video,Watch a 10 second video clip and tell us when the source of a labeled sound appears in the frame of the video,"annotating, video, audio",$0.07,Mon Jul 16 09:34:10 PDT 2018,1,BatchId:3304135;OriginalHitTemplateId:920937336;,3600,432000,Mon Jul 23 09:34:10 PDT 2018,,,3FE2ERCCZZITPT4SEANZ03TP40YPO8,A2VE5IV9OD2SK1,Approved,Mon Jul 16 10:31:11 PDT 2018,Mon Jul 16 10:31:50 PDT 2018,Sat Jul 21 10:31:50 PDT 2018,Tue Jul 17 13:07:53 PDT 2018,,,39,100% (296/297),100% (296/297),100% (287/288),FwufQ8XJOf4,17,27,Sneeze,"A convulsive expulsion of air from the lungs through the nose and mouth, usually caused by foreign particles irritating the nasal mucous.",0,1,{},1,temporal,{},0,0,0,0,0,0,0,0,0,0,0,0,0,0,0,0,0,0,0,0,0,0,0,0,0,0,0,0,0,0,0,0,0,0,1,1,0,0,0,0,{},"Mozilla/5.0 (Windows NT 6.1; WOW64) AppleWebKit/537.36 (KHTML, like Gecko) Chrome/67.0.3396.99 Safari/537.36",0,FwufQ8XJOf4
375VSR8FVXJNEQ0K39X3XC4L3WMZRQ,3CM00QMEUMWAO45EUQFF7TCUAYEW69,Annotate when audio source appears in video,Watch a 10 second video clip and tell us when the source of a labeled sound appears in the frame of the video,"annotating, video, audio",$0.07,Mon Jul 16 09:34:10 PDT 2018,1,BatchId:3304135;OriginalHitTemplateId:920937336;,3600,432000,Mon Jul 23 09:34:10 PDT 2018,,,3WI0P0II632NX9TI1TD8U4H5135RDT,A3MHKFOJIXO7QN,Approved,Mon Jul 16 09:56:05 PDT 2018,Mon Jul 16 09:57:28 PDT 2018,Sat Jul 21 09:57:28 PDT 2018,Tue Jul 17 13:07:53 PDT 2018,,,83,100% (37/37),100% (37/37),100% (37/37),3m7qEYjfp8A,20,30,Sneeze,"A convulsive expulsion of air from the lungs through the nose and mouth, usually caused by foreign particles irritating the nasal mucous.",0,1,{},1,temporal,{},0,0,1,1,1,1,0,1,1,1,1,1,0,0,1,1,1,0,0,1,1,1,1,1,0,0,0,1,1,0,0,0,0,1,1,1,0,0,0,0,{},"Mozilla/5.0 (Windows NT 10.0; Win64; x64) AppleWebKit/537.36 (KHTML, like Gecko) Chrome/67.0.3396.99 Safari/537.36",0,3m7qEYjfp8A
3CVBMEMMXCQR5MGBO9TQSO9G6UC7HA,3CM00QMEUMWAO45EUQFF7TCUAYEW69,Annotate when audio source appears in video,Watch a 10 second video clip and tell us when the source of a labeled sound appears in the frame of the video,"annotating, video, audio",$0.07,Mon Jul 16 09:34:10 PDT 2018,1,BatchId:3304135;OriginalHitTemplateId:920937336;,3600,432000,Mon Jul 23 09:34:10 PDT 2018,,,3EJPLAJKEOQXER0U1NZ7A19CTZG6ZQ,A2VE5IV9OD2SK1,Approved,Mon Jul 16 10:45:49 PDT 2018,Mon Jul 16 10:51:34 PDT 2018,Sat Jul 21 10:51:34 PDT 2018,Tue Jul 17 13:07:53 PDT 2018,,,345,100% (296/297),100% (296/297),100% (287/288),07IihPE8oK4,0,10,Sneeze,"A convulsive expulsion of air from the lungs through the nose and mouth, usually caused by foreign particles irritating the nasal mucous.",0,1,{},1,temporal,{},0,0,0,0,0,0,0,0,0,0,0,0,0,1,1,0,0,0,0,0,0,0,0,1,1,0,0,0,0,0,0,0,0,0,0,0,0,0,0,1,{},"Mozilla/5.0 (Windows NT 6.1; WOW64) AppleWebKit/537.36 (KHTML, like Gecko) Chrome/67.0.3396.99 Safari/537.36",0,07IihPE8oK4
3H1C3QRA02TLXTK5PPTVN74HFPBCES,3CM00QMEUMWAO45EUQFF7TCUAYEW69,Annotate when audio source appears in video,Watch a 10 second video clip and tell us when the source of a labeled sound appears in the frame of the video,"annotating, video, audio",$0.07,Mon Jul 16 09:34:10 PDT 2018,1,BatchId:3304135;OriginalHitTemplateId:920937336;,3600,432000,Mon Jul 23 09:34:10 PDT 2018,,,3TVSS0C0E3AZMU61MDNTM778W4FWTR,AISE949ZZN8HA,Approved,Mon Jul 16 10:22:35 PDT 2018,Mon Jul 16 10:23:26 PDT 2018,Sat Jul 21 10:23:26 PDT 2018,Tue Jul 17 13:07:54 PDT 2018,,,51,100% (14/14),100% (14/14),100% (14/14),W7R5RQ0Lj2U,70,80,Sneeze,"A convulsive expulsion of air from the lungs through the nose and mouth, usually caused by foreign particles irritating the nasal mucous.",0,1,{},1,temporal,{},0,0,0,0,0,0,0,0,0,0,0,0,0,0,0,0,0,1,1,1,1,0,0,0,0,0,0,0,0,0,0,1,1,1,1,0,0,0,0,0,{},"Mozilla/5.0 (Windows NT 10.0; Win64; x64) AppleWebKit/537.36 (KHTML, like Gecko) Chrome/67.0.3396.99 Safari/537.36",0,W7R5RQ0Lj2U
3I7KR83SNBNMLV5C9RU7JCGET14K93,3CM00QMEUMWAO45EUQFF7TCUAYEW69,Annotate when audio source appears in video,Watch a 10 second video clip and tell us when the source of a labeled sound appears in the frame of the video,"annotating, video, audio",$0.07,Mon Jul 16 09:34:11 PDT 2018,1,BatchId:3304135;OriginalHitTemplateId:920937336;,3600,432000,Mon Jul 23 09:34:11 PDT 2018,,,35USIKEBNTQ3X2MBYZODFE23JK2N6I,A2RKBHYST3WDE8,Approved,Mon Jul 16 10:28:50 PDT 2018,Mon Jul 16 10:29:13 PDT 2018,Sat Jul 21 10:29:13 PDT 2018,Tue Jul 17 13:07:54 PDT 2018,,,23,100% (89/89),100% (89/89),100% (89/89),JMn3lpV4UiA,0,4,Sneeze,"A convulsive expulsion of air from the lungs through the nose and mouth, usually caused by foreign particles irritating the nasal mucous.",0,1,{},1,temporal,{},0,0,0,0,1,1,1,1,1,0,0,0,0,0,0,0,,,,,,,,,,,,,,,,,,,,,,,,,{},Mozilla/5.0 (Windows NT 6.1; Win64; x64; rv:61.0) Gecko/20100101 Firefox/61.0,0,JMn3lpV4UiA
