HITId,HITTypeId,Title,Description,Keywords,Reward,CreationTime,MaxAssignments,RequesterAnnotation,AssignmentDurationInSeconds,AutoApprovalDelayInSeconds,Expiration,NumberOfSimilarHITs,LifetimeInSeconds,AssignmentId,WorkerId,AssignmentStatus,AcceptTime,SubmitTime,AutoApprovalTime,ApprovalTime,RejectionTime,RequesterFeedback,WorkTimeInSeconds,LifetimeApprovalRate,Last30DaysApprovalRate,Last7DaysApprovalRate,Input.ytid,Input.start,Input.end,Input.label,Input.description,Answer.clickedInstructions,Answer.clickedPlay,Answer.comments,Answer.contains,Answer.identifier,Answer.improve,Answer.loc-00,Answer.loc-01,Answer.loc-02,Answer.loc-03,Answer.loc-04,Answer.loc-05,Answer.loc-06,Answer.loc-07,Answer.loc-08,Answer.loc-09,Answer.loc-10,Answer.loc-11,Answer.loc-12,Answer.loc-13,Answer.loc-14,Answer.loc-15,Answer.loc-16,Answer.loc-17,Answer.loc-18,Answer.loc-19,Answer.loc-20,Answer.loc-21,Answer.loc-22,Answer.loc-23,Answer.loc-24,Answer.loc-25,Answer.loc-26,Answer.loc-27,Answer.loc-28,Answer.loc-29,Answer.loc-30,Answer.loc-31,Answer.loc-32,Answer.loc-33,Answer.loc-34,Answer.loc-35,Answer.loc-36,Answer.loc-37,Answer.loc-38,Answer.loc-39,Answer.reason,Answer.userAgent,Answer.youtubeError,Answer.ytid,Approve,Reject
3DFYDSXB2XAPU3NXPHPMET3FRY8UJ1,3CM00QMEUMWAO45EUQFF7TCUAYEW69,Annotate when audio source appears in video,Watch a 10 second video clip and tell us when the source of a labeled sound appears in the frame of the video,"annotating, video, audio",$0.07,Mon Jul 16 15:40:53 PDT 2018,1,BatchId:3304669;OriginalHitTemplateId:920937336;,3600,432000,Mon Jul 23 15:40:53 PDT 2018,,,3YWRV122CU93W6P8OFXXDNQOXF38U7,A1GCHGVZI4IXBM,Approved,Mon Jul 16 16:42:31 PDT 2018,Mon Jul 16 16:43:02 PDT 2018,Sat Jul 21 16:43:02 PDT 2018,Wed Jul 18 08:30:54 PDT 2018,,,31,100% (91/91),100% (91/91),100% (91/91),1utS6hfgHIg,110,120,"Walk, footsteps",The sound of feet or shoes contacting the ground in conventional human locomotion.,0,1,{},1,temporal,{},1,1,1,1,1,1,1,1,1,1,1,1,1,1,1,1,1,1,1,1,1,1,1,1,1,1,1,1,1,1,1,1,1,1,1,1,1,1,1,1,{},"Mozilla/5.0 (Macintosh; Intel Mac OS X 10_13_5) AppleWebKit/537.36 (KHTML, like Gecko) Chrome/67.0.3396.99 Safari/537.36",0,1utS6hfgHIg
33Q5P9PUSQWJ8OB1LC788H5Z3WFCZV,3CM00QMEUMWAO45EUQFF7TCUAYEW69,Annotate when audio source appears in video,Watch a 10 second video clip and tell us when the source of a labeled sound appears in the frame of the video,"annotating, video, audio",$0.07,Mon Jul 16 15:40:53 PDT 2018,1,BatchId:3304669;OriginalHitTemplateId:920937336;,3600,432000,Mon Jul 23 15:40:53 PDT 2018,,,33ISQZVXPRW9MFYLJ0S2L301G6DCC3,A1HOPXIP7RQ66R,Approved,Mon Jul 16 16:37:42 PDT 2018,Mon Jul 16 16:38:16 PDT 2018,Sat Jul 21 16:38:16 PDT 2018,Wed Jul 18 08:30:54 PDT 2018,,,34,100% (148/148),100% (148/148),100% (148/148),4RWOcGZyXwE,18,28,"Walk, footsteps",The sound of feet or shoes contacting the ground in conventional human locomotion.,0,1,{},1,temporal,{},0,0,0,0,0,0,0,0,0,0,0,0,0,0,0,0,0,0,0,0,0,0,0,0,0,0,0,0,0,0,0,0,1,1,1,1,0,0,0,0,{},"Mozilla/5.0 (Windows NT 10.0; Win64; x64) AppleWebKit/537.36 (KHTML, like Gecko) Chrome/67.0.3396.99 Safari/537.36",0,4RWOcGZyXwE
3UQVX1UPFTR98LD9KP5AQ5TR9YJ20K,3CM00QMEUMWAO45EUQFF7TCUAYEW69,Annotate when audio source appears in video,Watch a 10 second video clip and tell us when the source of a labeled sound appears in the frame of the video,"annotating, video, audio",$0.07,Mon Jul 16 15:40:53 PDT 2018,1,BatchId:3304669;OriginalHitTemplateId:920937336;,3600,432000,Mon Jul 23 15:40:53 PDT 2018,,,3T111IHZ5G0BUJG1PD8688YFAM2R9W,A9LCDLSF3REGH,Approved,Mon Jul 16 16:23:53 PDT 2018,Mon Jul 16 16:24:20 PDT 2018,Sat Jul 21 16:24:20 PDT 2018,Wed Jul 18 08:14:32 PDT 2018,,,27,100% (72/72),100% (72/72),100% (72/72),-iOoReyjrpU,1,11,"Walk, footsteps",The sound of feet or shoes contacting the ground in conventional human locomotion.,0,1,{},1,temporal,{},1,1,1,1,1,1,1,1,1,1,1,1,1,1,1,1,1,1,1,1,1,1,1,1,1,1,1,1,1,1,1,1,1,1,1,1,0,0,0,0,{},"Mozilla/5.0 (Windows NT 10.0; Win64; x64) AppleWebKit/537.36 (KHTML, like Gecko) Chrome/67.0.3396.87 Safari/537.36 OPR/54.0.2952.51",0,-iOoReyjrpU
3I7SHAD35N6DX0HMF693KTHCNH67MG,3CM00QMEUMWAO45EUQFF7TCUAYEW69,Annotate when audio source appears in video,Watch a 10 second video clip and tell us when the source of a labeled sound appears in the frame of the video,"annotating, video, audio",$0.07,Mon Jul 16 15:40:53 PDT 2018,1,BatchId:3304669;OriginalHitTemplateId:920937336;,3600,432000,Mon Jul 23 15:40:53 PDT 2018,,,3UOUJI6MTFOTB7QGWN9PTM7HONNXUD,A9LCDLSF3REGH,Approved,Mon Jul 16 16:04:24 PDT 2018,Mon Jul 16 16:04:58 PDT 2018,Sat Jul 21 16:04:58 PDT 2018,Wed Jul 18 08:14:32 PDT 2018,,,34,100% (72/72),100% (72/72),100% (72/72),1t9NT8Hgg-8,30,40,"Walk, footsteps",The sound of feet or shoes contacting the ground in conventional human locomotion.,0,1,{},1,temporal,{},1,1,1,1,1,1,1,1,1,1,1,1,1,1,1,1,1,1,1,1,1,1,1,1,1,1,1,1,1,1,1,1,1,1,1,1,1,1,1,1,{},"Mozilla/5.0 (Windows NT 10.0; Win64; x64) AppleWebKit/537.36 (KHTML, like Gecko) Chrome/67.0.3396.87 Safari/537.36 OPR/54.0.2952.51",0,1t9NT8Hgg-8
3RKHNXPHGX6K5NTF72PYF83S6N8UK0,3CM00QMEUMWAO45EUQFF7TCUAYEW69,Annotate when audio source appears in video,Watch a 10 second video clip and tell us when the source of a labeled sound appears in the frame of the video,"annotating, video, audio",$0.07,Mon Jul 16 15:40:53 PDT 2018,1,BatchId:3304669;OriginalHitTemplateId:920937336;,3600,432000,Mon Jul 23 15:40:53 PDT 2018,,,3QAPZX2QN6NCU5B3ARACEPPEVQX02J,A9LCDLSF3REGH,Approved,Mon Jul 16 16:30:07 PDT 2018,Mon Jul 16 16:30:34 PDT 2018,Sat Jul 21 16:30:34 PDT 2018,Wed Jul 18 08:14:32 PDT 2018,,,27,100% (72/72),100% (72/72),100% (72/72),7Wu83XsdkNM,16,26,"Walk, footsteps",The sound of feet or shoes contacting the ground in conventional human locomotion.,0,1,{},1,temporal,{},0,0,0,0,0,0,0,0,0,0,0,0,0,0,0,0,0,0,0,0,0,0,0,0,0,0,0,0,0,1,1,1,1,1,1,0,0,0,0,0,{},"Mozilla/5.0 (Windows NT 10.0; Win64; x64) AppleWebKit/537.36 (KHTML, like Gecko) Chrome/67.0.3396.87 Safari/537.36 OPR/54.0.2952.51",0,7Wu83XsdkNM
3T5ZXGO9DFYN2PLKQU83SMUG7BFZQM,3CM00QMEUMWAO45EUQFF7TCUAYEW69,Annotate when audio source appears in video,Watch a 10 second video clip and tell us when the source of a labeled sound appears in the frame of the video,"annotating, video, audio",$0.07,Mon Jul 16 15:40:53 PDT 2018,1,BatchId:3304669;OriginalHitTemplateId:920937336;,3600,432000,Mon Jul 23 15:40:53 PDT 2018,,,3ERMJ6L4D02GJKFG58E58DDZ9AGM7U,A1L4RGAJ64MKN3,Approved,Mon Jul 16 17:05:51 PDT 2018,Mon Jul 16 17:06:30 PDT 2018,Sat Jul 21 17:06:30 PDT 2018,Wed Jul 18 08:30:54 PDT 2018,,,39,100% (87/87),100% (87/87),100% (87/87),2SiG7kjKRxE,30,40,"Walk, footsteps",The sound of feet or shoes contacting the ground in conventional human locomotion.,0,1,{},1,temporal,{},0,0,0,0,0,0,1,1,1,1,1,1,1,1,1,1,1,1,1,1,1,1,1,1,1,1,1,1,1,1,1,1,1,1,1,1,1,1,1,1,{},"Mozilla/5.0 (Windows NT 10.0; Win64; x64) AppleWebKit/537.36 (KHTML, like Gecko) Chrome/67.0.3396.99 Safari/537.36",0,2SiG7kjKRxE
372AGES0I5FY9V052R9I0ROAVXJRXI,3CM00QMEUMWAO45EUQFF7TCUAYEW69,Annotate when audio source appears in video,Watch a 10 second video clip and tell us when the source of a labeled sound appears in the frame of the video,"annotating, video, audio",$0.07,Mon Jul 16 15:40:53 PDT 2018,1,BatchId:3304669;OriginalHitTemplateId:920937336;,3600,432000,Mon Jul 23 15:40:53 PDT 2018,,,34S6N1K2ZXTT6R37I5Z2ZDN4N68LHB,A9LX66EQWDRQ5,Approved,Mon Jul 16 15:51:46 PDT 2018,Mon Jul 16 15:52:38 PDT 2018,Sat Jul 21 15:52:38 PDT 2018,Wed Jul 18 08:14:34 PDT 2018,,,52,100% (472/472),100% (472/472),100% (472/472),126yLo5ZKZc,30,40,"Walk, footsteps",The sound of feet or shoes contacting the ground in conventional human locomotion.,0,1,{},1,temporal,{},0,0,1,1,1,1,1,1,1,1,1,1,1,1,1,1,1,1,1,1,1,1,1,1,1,1,1,1,1,1,1,1,1,1,1,1,1,1,1,1,{},"Mozilla/5.0 (Windows NT 10.0; Win64; x64) AppleWebKit/537.36 (KHTML, like Gecko) Chrome/67.0.3396.99 Safari/537.36",0,126yLo5ZKZc
3XUSYT70IUBWBVBPHEPRMOKV6P8D04,3CM00QMEUMWAO45EUQFF7TCUAYEW69,Annotate when audio source appears in video,Watch a 10 second video clip and tell us when the source of a labeled sound appears in the frame of the video,"annotating, video, audio",$0.07,Mon Jul 16 15:40:53 PDT 2018,1,BatchId:3304669;OriginalHitTemplateId:920937336;,3600,432000,Mon Jul 23 15:40:53 PDT 2018,,,392CY0QWG31X4E76IVI6D8M81XZ4I1,AMWRKX8BJRLL2,Approved,Mon Jul 16 16:12:03 PDT 2018,Mon Jul 16 16:13:06 PDT 2018,Sat Jul 21 16:13:06 PDT 2018,Wed Jul 18 08:14:36 PDT 2018,,,63,98% (52/53),98% (52/53),98% (52/53),zq8c_jVKhcY,30,40,"Walk, footsteps",The sound of feet or shoes contacting the ground in conventional human locomotion.,0,1,{},1,temporal,{},1,1,1,1,1,1,1,1,1,1,1,1,1,1,1,1,1,1,1,0,0,0,0,0,0,0,0,0,0,0,0,0,0,0,0,0,0,0,0,0,{},Mozilla/5.0 (Windows NT 6.1; rv:47.0) Gecko/20100101 Firefox/47.0,0,zq8c_jVKhcY
3YOAVL4CA1RGDKYMSX1QPJTBBJY4ZA,3CM00QMEUMWAO45EUQFF7TCUAYEW69,Annotate when audio source appears in video,Watch a 10 second video clip and tell us when the source of a labeled sound appears in the frame of the video,"annotating, video, audio",$0.07,Mon Jul 16 15:40:53 PDT 2018,2,BatchId:3304669;OriginalHitTemplateId:920937336;,3600,432000,Wed Jul 25 08:13:16 PDT 2018,,,382M9COHEJPK57ZZ1IJX5XMA85VEUG,A1Y05LXXGPVRXZ,Approved,Wed Jul 18 08:17:49 PDT 2018,Wed Jul 18 08:22:02 PDT 2018,Mon Jul 23 08:22:02 PDT 2018,Wed Jul 18 08:30:54 PDT 2018,,,253,96% (46/48),96% (46/48),96% (46/48),oubeTwYJjSo,160,170,"Walk, footsteps",The sound of feet or shoes contacting the ground in conventional human locomotion.,1,1,{},1,temporal,{},1,1,1,1,1,1,1,1,1,1,1,0,0,0,0,0,0,0,0,0,0,1,1,1,1,1,1,1,0,0,0,0,0,0,0,0,0,0,0,0,{},"Mozilla/5.0 (Windows NT 6.1; Win64; x64) AppleWebKit/537.36 (KHTML, like Gecko) Chrome/67.0.3396.99 Safari/537.36",0,oubeTwYJjSo
3YOAVL4CA1RGDKYMSX1QPJTBBJY4ZA,3CM00QMEUMWAO45EUQFF7TCUAYEW69,Annotate when audio source appears in video,Watch a 10 second video clip and tell us when the source of a labeled sound appears in the frame of the video,"annotating, video, audio",$0.07,Mon Jul 16 15:40:53 PDT 2018,2,BatchId:3304669;OriginalHitTemplateId:920937336;,3600,432000,Wed Jul 25 08:13:16 PDT 2018,,,3Y4W8Q93L1UFQGAZADIIV168MDWVDC,A10YCK3SJBI68T,Rejected,Mon Jul 16 16:26:17 PDT 2018,Mon Jul 16 16:27:00 PDT 2018,Sat Jul 21 16:27:00 PDT 2018,,Wed Jul 18 08:13:15 PDT 2018,you consistently do the hits wrong.,43,0% (0/95),0% (0/95),0% (0/95),oubeTwYJjSo,160,170,"Walk, footsteps",The sound of feet or shoes contacting the ground in conventional human locomotion.,0,1,{},1,temporal,{},1,1,1,1,1,1,1,1,1,1,1,1,1,1,1,1,1,1,1,1,1,1,1,1,1,1,1,1,1,1,1,1,1,1,1,1,1,1,1,1,{},"Mozilla/5.0 (Windows NT 10.0; Win64; x64) AppleWebKit/537.36 (KHTML, like Gecko) Chrome/67.0.3396.99 Safari/537.36",0,oubeTwYJjSo
3PKVGQTFIIUN90QF7NVKJ5VJX3DRYO,3CM00QMEUMWAO45EUQFF7TCUAYEW69,Annotate when audio source appears in video,Watch a 10 second video clip and tell us when the source of a labeled sound appears in the frame of the video,"annotating, video, audio",$0.07,Mon Jul 16 15:40:53 PDT 2018,1,BatchId:3304669;OriginalHitTemplateId:920937336;,3600,432000,Mon Jul 23 15:40:53 PDT 2018,,,3XUHV3NRVM8F420MQIJVIOR71HE5HF,A1HOPXIP7RQ66R,Approved,Mon Jul 16 16:58:29 PDT 2018,Mon Jul 16 16:59:07 PDT 2018,Sat Jul 21 16:59:07 PDT 2018,Wed Jul 18 08:30:54 PDT 2018,,,38,100% (148/148),100% (148/148),100% (148/148),G7fqI9Jm-dQ,40,50,"Walk, footsteps",The sound of feet or shoes contacting the ground in conventional human locomotion.,0,1,{},1,temporal,{},0,0,0,0,0,1,1,1,1,1,1,1,1,1,1,1,1,1,1,1,1,1,1,1,1,1,1,1,1,1,1,1,1,0,0,0,0,0,0,0,{},"Mozilla/5.0 (Windows NT 10.0; Win64; x64) AppleWebKit/537.36 (KHTML, like Gecko) Chrome/67.0.3396.99 Safari/537.36",0,G7fqI9Jm-dQ
3CKVGCS3PHF2DKU7E4KGHN6V7SHS0C,3CM00QMEUMWAO45EUQFF7TCUAYEW69,Annotate when audio source appears in video,Watch a 10 second video clip and tell us when the source of a labeled sound appears in the frame of the video,"annotating, video, audio",$0.07,Mon Jul 16 15:40:53 PDT 2018,1,BatchId:3304669;OriginalHitTemplateId:920937336;,3600,432000,Mon Jul 23 15:40:53 PDT 2018,,,3X1FV8S5JZ1I20KQC3JQ1M95Z40GVT,AMWRKX8BJRLL2,Approved,Mon Jul 16 16:03:51 PDT 2018,Mon Jul 16 16:04:30 PDT 2018,Sat Jul 21 16:04:30 PDT 2018,Wed Jul 18 08:14:36 PDT 2018,,,39,98% (52/53),98% (52/53),98% (52/53),cpHG-gZcWu0,490,500,"Walk, footsteps",The sound of feet or shoes contacting the ground in conventional human locomotion.,0,1,{},1,temporal,{},1,1,1,1,1,1,1,1,1,1,1,1,1,1,1,1,0,0,0,0,0,0,0,0,0,0,1,1,1,1,1,1,1,1,1,1,1,1,1,1,{},Mozilla/5.0 (Windows NT 6.1; rv:47.0) Gecko/20100101 Firefox/47.0,0,cpHG-gZcWu0
375VSR8FVXJNEQ0K39X3XC4L3XHZRN,3CM00QMEUMWAO45EUQFF7TCUAYEW69,Annotate when audio source appears in video,Watch a 10 second video clip and tell us when the source of a labeled sound appears in the frame of the video,"annotating, video, audio",$0.07,Mon Jul 16 15:40:53 PDT 2018,1,BatchId:3304669;OriginalHitTemplateId:920937336;,3600,432000,Mon Jul 23 15:40:53 PDT 2018,,,3R2UR8A0ICQYY26J01XGUGFS62TOXN,A9LX66EQWDRQ5,Approved,Mon Jul 16 16:48:47 PDT 2018,Mon Jul 16 16:49:24 PDT 2018,Sat Jul 21 16:49:24 PDT 2018,Wed Jul 18 08:14:34 PDT 2018,,,37,100% (472/472),100% (472/472),100% (472/472),irezsIAnG_c,0,10,"Walk, footsteps",The sound of feet or shoes contacting the ground in conventional human locomotion.,0,1,{},1,temporal,{},0,0,0,0,0,0,0,0,0,0,0,0,0,0,0,0,0,0,0,0,0,1,1,1,1,1,1,1,1,1,1,1,0,0,0,0,0,0,0,0,{},"Mozilla/5.0 (Windows NT 10.0; Win64; x64) AppleWebKit/537.36 (KHTML, like Gecko) Chrome/67.0.3396.99 Safari/537.36",0,irezsIAnG_c
3WGCNLZJKGIWIKW7DXTR0T35BHED17,3CM00QMEUMWAO45EUQFF7TCUAYEW69,Annotate when audio source appears in video,Watch a 10 second video clip and tell us when the source of a labeled sound appears in the frame of the video,"annotating, video, audio",$0.07,Mon Jul 16 15:40:53 PDT 2018,1,BatchId:3304669;OriginalHitTemplateId:920937336;,3600,432000,Mon Jul 23 15:40:53 PDT 2018,,,3QIYRE09Y5R8QGLESTCWKIBMBDWN12,A33H0IB2D9EBI7,Approved,Mon Jul 16 16:32:56 PDT 2018,Mon Jul 16 16:33:41 PDT 2018,Sat Jul 21 16:33:41 PDT 2018,Wed Jul 18 08:30:55 PDT 2018,,,45,100% (149/149),100% (149/149),100% (149/149),QaHzXiB0LKQ,10,20,"Walk, footsteps",The sound of feet or shoes contacting the ground in conventional human locomotion.,0,1,{},1,temporal,{},0,0,0,0,0,0,0,0,0,0,0,0,0,1,1,1,1,0,0,0,0,0,0,0,0,0,0,0,0,0,0,0,0,0,0,0,0,0,0,0,{},Mozilla/5.0 (Windows NT 10.0; Win64; x64; rv:61.0) Gecko/20100101 Firefox/61.0,0,QaHzXiB0LKQ
3A520CCNWOAX4EN75BX4HCETFNLAEL,3CM00QMEUMWAO45EUQFF7TCUAYEW69,Annotate when audio source appears in video,Watch a 10 second video clip and tell us when the source of a labeled sound appears in the frame of the video,"annotating, video, audio",$0.07,Mon Jul 16 15:40:53 PDT 2018,1,BatchId:3304669;OriginalHitTemplateId:920937336;,3600,432000,Mon Jul 23 15:40:53 PDT 2018,,,32Z9ZLUT1NU1CC64VXFURURYICPHO2,A9LCDLSF3REGH,Approved,Mon Jul 16 16:21:00 PDT 2018,Mon Jul 16 16:21:27 PDT 2018,Sat Jul 21 16:21:27 PDT 2018,Wed Jul 18 08:14:32 PDT 2018,,,27,100% (72/72),100% (72/72),100% (72/72),GeIgsjVrKVU,6,16,"Walk, footsteps",The sound of feet or shoes contacting the ground in conventional human locomotion.,0,1,{},1,temporal,{},0,0,0,0,0,0,0,0,0,0,0,0,0,0,0,0,0,1,1,1,1,1,1,1,1,1,1,1,1,1,1,1,1,1,1,1,1,1,1,1,{},"Mozilla/5.0 (Windows NT 10.0; Win64; x64) AppleWebKit/537.36 (KHTML, like Gecko) Chrome/67.0.3396.87 Safari/537.36 OPR/54.0.2952.51",0,GeIgsjVrKVU
3S1L4CQSFYFPASN30MHAZUZTRO0AF3,3CM00QMEUMWAO45EUQFF7TCUAYEW69,Annotate when audio source appears in video,Watch a 10 second video clip and tell us when the source of a labeled sound appears in the frame of the video,"annotating, video, audio",$0.07,Mon Jul 16 15:40:53 PDT 2018,1,BatchId:3304669;OriginalHitTemplateId:920937336;,3600,432000,Mon Jul 23 15:40:53 PDT 2018,,,3YGXWBAF72R6RBL6QLMK25ODOUZC4V,A9LX66EQWDRQ5,Approved,Mon Jul 16 17:14:55 PDT 2018,Mon Jul 16 17:15:35 PDT 2018,Sat Jul 21 17:15:35 PDT 2018,Wed Jul 18 08:14:34 PDT 2018,,,40,100% (472/472),100% (472/472),100% (472/472),SBE7-4NBOKk,100,110,"Walk, footsteps",The sound of feet or shoes contacting the ground in conventional human locomotion.,0,1,{},1,temporal,{},0,0,0,0,0,0,0,0,0,0,0,0,0,1,1,1,1,1,1,1,1,1,1,1,0,0,0,0,0,0,0,0,0,0,0,0,0,0,0,0,{},"Mozilla/5.0 (Windows NT 10.0; Win64; x64) AppleWebKit/537.36 (KHTML, like Gecko) Chrome/67.0.3396.99 Safari/537.36",0,SBE7-4NBOKk
3FDWKV9VCOCFVBTISE2EULVWVS3UM5,3CM00QMEUMWAO45EUQFF7TCUAYEW69,Annotate when audio source appears in video,Watch a 10 second video clip and tell us when the source of a labeled sound appears in the frame of the video,"annotating, video, audio",$0.07,Mon Jul 16 15:40:53 PDT 2018,1,BatchId:3304669;OriginalHitTemplateId:920937336;,3600,432000,Mon Jul 23 15:40:53 PDT 2018,,,3VAR3R6G1RB8J15BSTLOEHYZFU0O8X,A3955NOPGJSS27,Approved,Mon Jul 16 17:04:58 PDT 2018,Mon Jul 16 17:06:15 PDT 2018,Sat Jul 21 17:06:15 PDT 2018,Wed Jul 18 08:14:29 PDT 2018,,,77,100% (52/52),100% (52/52),100% (52/52),TrVhcxdXyGE,40,50,"Walk, footsteps",The sound of feet or shoes contacting the ground in conventional human locomotion.,0,1,{},1,temporal,{},1,1,1,1,1,1,1,1,1,1,1,1,1,1,1,1,1,1,1,1,1,1,1,1,1,1,1,1,1,1,1,1,1,1,1,1,1,1,1,1,{},"Mozilla/5.0 (Windows NT 6.1) AppleWebKit/537.36 (KHTML, like Gecko) Chrome/67.0.3396.99 Safari/537.36",0,TrVhcxdXyGE
3VO4XFFP16W4IFFE7ZGK121HXI37Q3,3CM00QMEUMWAO45EUQFF7TCUAYEW69,Annotate when audio source appears in video,Watch a 10 second video clip and tell us when the source of a labeled sound appears in the frame of the video,"annotating, video, audio",$0.07,Mon Jul 16 15:40:53 PDT 2018,1,BatchId:3304669;OriginalHitTemplateId:920937336;,3600,432000,Mon Jul 23 15:40:53 PDT 2018,,,3I3WADAZ9SEPWJM9UVEL2XO8D2KO5C,A19FXDR15332XB,Approved,Mon Jul 16 15:45:00 PDT 2018,Mon Jul 16 15:47:02 PDT 2018,Sat Jul 21 15:47:02 PDT 2018,Wed Jul 18 08:30:55 PDT 2018,,,122,100% (6/6),100% (6/6),100% (6/6),NHOl2_zltvI,20,30,"Walk, footsteps",The sound of feet or shoes contacting the ground in conventional human locomotion.,0,1,{},1,temporal,{},1,1,1,1,1,1,1,1,1,1,1,1,1,1,1,1,1,1,1,1,1,1,1,1,1,1,1,1,1,1,1,1,1,1,1,1,1,1,1,0,{},"Mozilla/5.0 (Windows NT 10.0; Win64; x64) AppleWebKit/537.36 (KHTML, like Gecko) Chrome/67.0.3396.99 Safari/537.36",0,NHOl2_zltvI
33W1NHWFYIV0U5DC7Y2YXR53RIEZT0,3CM00QMEUMWAO45EUQFF7TCUAYEW69,Annotate when audio source appears in video,Watch a 10 second video clip and tell us when the source of a labeled sound appears in the frame of the video,"annotating, video, audio",$0.07,Mon Jul 16 15:40:53 PDT 2018,1,BatchId:3304669;OriginalHitTemplateId:920937336;,3600,432000,Mon Jul 23 15:40:53 PDT 2018,,,31QNSG6A5T31YVDCB74M3VC4P47785,AJTBZBDLI17UD,Approved,Mon Jul 16 16:45:14 PDT 2018,Mon Jul 16 16:46:15 PDT 2018,Sat Jul 21 16:46:15 PDT 2018,Wed Jul 18 08:14:35 PDT 2018,,,61,100% (105/105),100% (105/105),100% (105/105),NJto08Byjx8,20,30,"Walk, footsteps",The sound of feet or shoes contacting the ground in conventional human locomotion.,0,1,{},1,temporal,{},0,0,1,1,1,1,1,1,1,1,0,0,0,1,0,0,0,0,0,0,0,1,1,1,1,1,1,1,1,1,1,1,1,1,1,1,1,1,0,0,{},"Mozilla/5.0 (Windows NT 10.0; Win64; x64) AppleWebKit/537.36 (KHTML, like Gecko) Chrome/67.0.3396.99 Safari/537.36",0,NJto08Byjx8
3B6F54KMR3M2K9FPANOGVSP5CKNS1F,3CM00QMEUMWAO45EUQFF7TCUAYEW69,Annotate when audio source appears in video,Watch a 10 second video clip and tell us when the source of a labeled sound appears in the frame of the video,"annotating, video, audio",$0.07,Mon Jul 16 15:40:54 PDT 2018,2,BatchId:3304669;OriginalHitTemplateId:920937336;,3600,432000,Wed Jul 25 08:13:16 PDT 2018,,,340UGXU9D0B17ILLW88751AW80YVU3,A4FS22HPBC65L,Approved,Wed Jul 18 08:17:53 PDT 2018,Wed Jul 18 08:18:19 PDT 2018,Mon Jul 23 08:18:19 PDT 2018,Wed Jul 18 08:30:55 PDT 2018,,,26,100% (205/205),100% (205/205),100% (205/205),j1NdIMlMDT0,30,40,"Walk, footsteps",The sound of feet or shoes contacting the ground in conventional human locomotion.,0,1,{},1,temporal,{},1,1,1,1,1,1,1,1,1,1,1,1,1,1,1,1,1,0,0,0,0,0,0,0,1,1,1,1,1,1,1,1,1,1,1,1,1,1,0,0,{},"Mozilla/5.0 (Windows NT 10.0; Win64; x64) AppleWebKit/537.36 (KHTML, like Gecko) Chrome/67.0.3396.99 Safari/537.36",0,j1NdIMlMDT0
3B6F54KMR3M2K9FPANOGVSP5CKNS1F,3CM00QMEUMWAO45EUQFF7TCUAYEW69,Annotate when audio source appears in video,Watch a 10 second video clip and tell us when the source of a labeled sound appears in the frame of the video,"annotating, video, audio",$0.07,Mon Jul 16 15:40:54 PDT 2018,2,BatchId:3304669;OriginalHitTemplateId:920937336;,3600,432000,Wed Jul 25 08:13:16 PDT 2018,,,3KIBXJ1WD74SE27C1IIR4M7QAT1KOH,A10YCK3SJBI68T,Rejected,Mon Jul 16 16:32:57 PDT 2018,Mon Jul 16 16:33:31 PDT 2018,Sat Jul 21 16:33:31 PDT 2018,,Wed Jul 18 08:13:16 PDT 2018,you consistently do the hits wrong.,34,0% (0/95),0% (0/95),0% (0/95),j1NdIMlMDT0,30,40,"Walk, footsteps",The sound of feet or shoes contacting the ground in conventional human locomotion.,0,1,{},1,temporal,{},1,1,1,1,1,1,1,1,1,1,1,1,1,1,1,1,1,1,1,1,1,1,1,1,1,1,1,1,1,1,1,1,1,1,1,1,1,1,1,1,{},"Mozilla/5.0 (Windows NT 10.0; Win64; x64) AppleWebKit/537.36 (KHTML, like Gecko) Chrome/67.0.3396.99 Safari/537.36",0,j1NdIMlMDT0
39O0SQZVJOH4UGUEKE5K6SBMT457R4,3CM00QMEUMWAO45EUQFF7TCUAYEW69,Annotate when audio source appears in video,Watch a 10 second video clip and tell us when the source of a labeled sound appears in the frame of the video,"annotating, video, audio",$0.07,Mon Jul 16 15:40:54 PDT 2018,1,BatchId:3304669;OriginalHitTemplateId:920937336;,3600,432000,Mon Jul 23 15:40:54 PDT 2018,,,3GFK2QRXXBRX1SVBLH5VJR1UG52W5H,A19F75QCU199K8,Approved,Mon Jul 16 16:29:29 PDT 2018,Mon Jul 16 16:29:51 PDT 2018,Sat Jul 21 16:29:51 PDT 2018,Wed Jul 18 08:30:55 PDT 2018,,,22,100% (66/66),100% (66/66),100% (66/66),-EOInz9LxrA,28,38,"Walk, footsteps",The sound of feet or shoes contacting the ground in conventional human locomotion.,0,1,{},1,temporal,{},1,1,1,1,1,1,1,1,1,1,1,1,1,1,1,1,1,1,1,1,1,1,1,1,1,1,1,1,1,1,1,1,1,1,1,1,0,0,0,0,{},Mozilla/5.0 (Macintosh; Intel Mac OS X 10.13; rv:61.0) Gecko/20100101 Firefox/61.0,0,-EOInz9LxrA
3RHLQY6EDUEDAJTQ0FCTYRA8N1OD4K,3CM00QMEUMWAO45EUQFF7TCUAYEW69,Annotate when audio source appears in video,Watch a 10 second video clip and tell us when the source of a labeled sound appears in the frame of the video,"annotating, video, audio",$0.07,Mon Jul 16 15:40:54 PDT 2018,1,BatchId:3304669;OriginalHitTemplateId:920937336;,3600,432000,Mon Jul 23 15:40:54 PDT 2018,,,3R6BYFZZP9M4SPTQ1YEQ7M6EE1QXFY,AMWRKX8BJRLL2,Approved,Mon Jul 16 16:35:21 PDT 2018,Mon Jul 16 16:36:02 PDT 2018,Sat Jul 21 16:36:02 PDT 2018,Wed Jul 18 08:14:36 PDT 2018,,,41,98% (52/53),98% (52/53),98% (52/53),Px-nFIqhP94,4,14,"Walk, footsteps",The sound of feet or shoes contacting the ground in conventional human locomotion.,0,1,{},1,temporal,{},1,1,1,1,1,1,1,1,1,1,1,1,1,1,1,1,1,1,1,1,1,1,1,1,1,1,1,1,1,1,1,1,1,0,0,0,0,0,0,0,{},Mozilla/5.0 (Windows NT 6.1; rv:47.0) Gecko/20100101 Firefox/47.0,0,Px-nFIqhP94
3Y7LTZE0YUWFUIS173S82NR5AWLZUR,3CM00QMEUMWAO45EUQFF7TCUAYEW69,Annotate when audio source appears in video,Watch a 10 second video clip and tell us when the source of a labeled sound appears in the frame of the video,"annotating, video, audio",$0.07,Mon Jul 16 15:40:54 PDT 2018,1,BatchId:3304669;OriginalHitTemplateId:920937336;,3600,432000,Mon Jul 23 15:40:54 PDT 2018,,,3TXD01ZLD6R2D526CC7KWBAJVSFU4S,A9LX66EQWDRQ5,Approved,Mon Jul 16 15:54:14 PDT 2018,Mon Jul 16 15:55:15 PDT 2018,Sat Jul 21 15:55:15 PDT 2018,Wed Jul 18 08:14:34 PDT 2018,,,61,100% (472/472),100% (472/472),100% (472/472),-YPpRYc3rUs,30,40,"Walk, footsteps",The sound of feet or shoes contacting the ground in conventional human locomotion.,0,1,{},1,temporal,{},1,1,1,1,1,1,1,1,0,0,0,0,0,0,0,0,0,0,0,0,0,0,0,0,0,0,0,0,0,0,0,0,0,0,0,0,0,0,0,0,{},"Mozilla/5.0 (Windows NT 10.0; Win64; x64) AppleWebKit/537.36 (KHTML, like Gecko) Chrome/67.0.3396.99 Safari/537.36",0,-YPpRYc3rUs
39RRBHZ0AVBF7XH1CT2DY9TOO3UZVG,3CM00QMEUMWAO45EUQFF7TCUAYEW69,Annotate when audio source appears in video,Watch a 10 second video clip and tell us when the source of a labeled sound appears in the frame of the video,"annotating, video, audio",$0.07,Mon Jul 16 15:40:54 PDT 2018,1,BatchId:3304669;OriginalHitTemplateId:920937336;,3600,432000,Mon Jul 23 15:40:54 PDT 2018,,,32KTQ2V7RFPKX339K5CPM9454Z3M93,A19F75QCU199K8,Approved,Mon Jul 16 16:22:45 PDT 2018,Mon Jul 16 16:23:10 PDT 2018,Sat Jul 21 16:23:10 PDT 2018,Wed Jul 18 08:30:56 PDT 2018,,,25,100% (66/66),100% (66/66),100% (66/66),kCtuAtIGI9E,40,50,"Walk, footsteps",The sound of feet or shoes contacting the ground in conventional human locomotion.,0,1,{},1,temporal,{},0,1,1,1,1,1,1,1,1,1,1,1,1,1,1,1,1,1,1,1,1,1,1,1,1,1,1,1,1,1,1,1,1,1,1,1,1,1,1,1,{},Mozilla/5.0 (Macintosh; Intel Mac OS X 10.13; rv:61.0) Gecko/20100101 Firefox/61.0,0,kCtuAtIGI9E
3S829FDFT3B48LH0KQEYV276GWSXDI,3CM00QMEUMWAO45EUQFF7TCUAYEW69,Annotate when audio source appears in video,Watch a 10 second video clip and tell us when the source of a labeled sound appears in the frame of the video,"annotating, video, audio",$0.07,Mon Jul 16 15:40:54 PDT 2018,1,BatchId:3304669;OriginalHitTemplateId:920937336;,3600,432000,Mon Jul 23 15:40:54 PDT 2018,,,39JEC7537WB5LO4LAHN7BVOQ1DMVCE,A22JC7TQU1W4YU,Approved,Mon Jul 16 16:29:19 PDT 2018,Mon Jul 16 16:30:16 PDT 2018,Sat Jul 21 16:30:16 PDT 2018,Wed Jul 18 08:30:56 PDT 2018,,,57,99% (142/143),99% (142/143),99% (142/143),1uodgg6hVNc,0,5,"Walk, footsteps",The sound of feet or shoes contacting the ground in conventional human locomotion.,0,1,{},1,temporal,{},1,1,1,1,1,1,1,1,1,1,1,1,1,1,1,1,1,0,0,0,,,,,,,,,,,,,,,,,,,,,{},"Mozilla/5.0 (Windows NT 6.1; Win64; x64) AppleWebKit/537.36 (KHTML, like Gecko) Chrome/67.0.3396.99 Safari/537.36",0,1uodgg6hVNc
3G57RS03HIF83SZAHVBM70PIQ6U528,3CM00QMEUMWAO45EUQFF7TCUAYEW69,Annotate when audio source appears in video,Watch a 10 second video clip and tell us when the source of a labeled sound appears in the frame of the video,"annotating, video, audio",$0.07,Mon Jul 16 15:40:54 PDT 2018,1,BatchId:3304669;OriginalHitTemplateId:920937336;,3600,432000,Mon Jul 23 15:40:54 PDT 2018,,,3C5W7UE9CH0AYZL7NLI32CQNB1GMX6,A35506802CMX5T,Approved,Mon Jul 16 15:48:15 PDT 2018,Mon Jul 16 15:49:59 PDT 2018,Sat Jul 21 15:49:59 PDT 2018,Wed Jul 18 08:14:29 PDT 2018,,,104,100% (61/61),100% (61/61),100% (37/37),t2azb_dDQHI,40,50,"Walk, footsteps",The sound of feet or shoes contacting the ground in conventional human locomotion.,0,1,{},1,temporal,{},0,0,0,0,0,0,0,0,0,0,0,1,1,1,0,0,0,0,0,0,0,0,0,0,0,0,0,0,0,0,0,0,0,0,0,0,0,0,0,0,{},"Mozilla/5.0 (Windows NT 10.0; Win64; x64) AppleWebKit/537.36 (KHTML, like Gecko) Chrome/67.0.3396.99 Safari/537.36",0,t2azb_dDQHI
3G57RS03HIF83SZAHVBM70PIQ6U255,3CM00QMEUMWAO45EUQFF7TCUAYEW69,Annotate when audio source appears in video,Watch a 10 second video clip and tell us when the source of a labeled sound appears in the frame of the video,"annotating, video, audio",$0.07,Mon Jul 16 15:40:54 PDT 2018,1,BatchId:3304669;OriginalHitTemplateId:920937336;,3600,432000,Mon Jul 23 15:40:54 PDT 2018,,,37WLF8U1WR02PW181MWXNMLZPSO6KT,A2JY56TZCEPK3J,Approved,Mon Jul 16 15:58:36 PDT 2018,Mon Jul 16 15:59:58 PDT 2018,Sat Jul 21 15:59:58 PDT 2018,Wed Jul 18 08:30:56 PDT 2018,,,82,100% (55/55),100% (55/55),100% (55/55),ptMEHc2i3vM,300,310,"Walk, footsteps",The sound of feet or shoes contacting the ground in conventional human locomotion.,0,1,{},1,temporal,{},0,0,0,0,0,0,0,0,0,0,0,0,0,0,0,0,0,0,0,0,0,0,0,0,0,0,0,0,0,0,0,0,0,0,1,1,1,1,1,1,{},"Mozilla/5.0 (Windows NT 6.1) AppleWebKit/537.36 (KHTML, like Gecko) Chrome/67.0.3396.99 Safari/537.36",0,ptMEHc2i3vM
38O9DZ0A63X4MWZOMELRZ63IM1526L,3CM00QMEUMWAO45EUQFF7TCUAYEW69,Annotate when audio source appears in video,Watch a 10 second video clip and tell us when the source of a labeled sound appears in the frame of the video,"annotating, video, audio",$0.07,Mon Jul 16 15:40:54 PDT 2018,1,BatchId:3304669;OriginalHitTemplateId:920937336;,3600,432000,Mon Jul 23 15:40:54 PDT 2018,,,3M81GAB8A2TU6BGYAIX2UOJ020JBQ5,A1L4RGAJ64MKN3,Approved,Mon Jul 16 16:44:07 PDT 2018,Mon Jul 16 16:44:36 PDT 2018,Sat Jul 21 16:44:36 PDT 2018,Wed Jul 18 08:30:56 PDT 2018,,,29,100% (87/87),100% (87/87),100% (87/87),oXsutX8i1mQ,160,170,"Walk, footsteps",The sound of feet or shoes contacting the ground in conventional human locomotion.,0,1,{},1,temporal,{},1,1,1,1,1,1,1,1,1,1,1,1,1,0,0,0,0,0,0,0,0,0,0,0,0,0,0,0,0,0,0,0,0,0,0,0,0,0,0,0,{},"Mozilla/5.0 (Windows NT 10.0; Win64; x64) AppleWebKit/537.36 (KHTML, like Gecko) Chrome/67.0.3396.99 Safari/537.36",0,oXsutX8i1mQ
3HEA4ZVWVEW02PIXZEDK57SUAGL559,3CM00QMEUMWAO45EUQFF7TCUAYEW69,Annotate when audio source appears in video,Watch a 10 second video clip and tell us when the source of a labeled sound appears in the frame of the video,"annotating, video, audio",$0.07,Mon Jul 16 15:40:54 PDT 2018,1,BatchId:3304669;OriginalHitTemplateId:920937336;,3600,432000,Mon Jul 23 15:40:54 PDT 2018,,,3RANCT1ZVHRMY4NFRRH74PGP5MKUBQ,A1L4RGAJ64MKN3,Approved,Mon Jul 16 17:12:59 PDT 2018,Mon Jul 16 17:13:22 PDT 2018,Sat Jul 21 17:13:22 PDT 2018,Wed Jul 18 08:30:56 PDT 2018,,,23,100% (87/87),100% (87/87),100% (87/87),roqGJIn6Ey8,0,10,"Walk, footsteps",The sound of feet or shoes contacting the ground in conventional human locomotion.,0,1,{},1,temporal,{},1,1,1,1,1,1,1,1,1,1,1,1,1,1,1,1,1,1,1,1,1,1,1,1,1,1,1,1,1,1,1,1,1,1,1,1,1,1,1,1,{},"Mozilla/5.0 (Windows NT 10.0; Win64; x64) AppleWebKit/537.36 (KHTML, like Gecko) Chrome/67.0.3396.99 Safari/537.36",0,roqGJIn6Ey8
3BS6ERDL94HRP6X4J358VPUMJSUD65,3CM00QMEUMWAO45EUQFF7TCUAYEW69,Annotate when audio source appears in video,Watch a 10 second video clip and tell us when the source of a labeled sound appears in the frame of the video,"annotating, video, audio",$0.07,Mon Jul 16 15:40:54 PDT 2018,1,BatchId:3304669;OriginalHitTemplateId:920937336;,3600,432000,Mon Jul 23 15:40:54 PDT 2018,,,36PW28KO4160QYL1VD265WAG1FVAEI,AMWRKX8BJRLL2,Approved,Mon Jul 16 16:24:36 PDT 2018,Mon Jul 16 16:25:03 PDT 2018,Sat Jul 21 16:25:03 PDT 2018,Wed Jul 18 08:14:36 PDT 2018,,,27,98% (52/53),98% (52/53),98% (52/53),1dx4NNQwG0o,30,40,"Walk, footsteps",The sound of feet or shoes contacting the ground in conventional human locomotion.,0,1,{},1,temporal,{},0,0,0,0,0,0,0,0,0,0,0,0,0,0,0,0,0,0,0,0,0,0,0,0,0,0,0,0,0,0,1,1,1,1,1,1,1,1,1,1,{},Mozilla/5.0 (Windows NT 6.1; rv:47.0) Gecko/20100101 Firefox/47.0,0,1dx4NNQwG0o
3UQ1LLR26BIBAKXZMXK8U74DOKMAL8,3CM00QMEUMWAO45EUQFF7TCUAYEW69,Annotate when audio source appears in video,Watch a 10 second video clip and tell us when the source of a labeled sound appears in the frame of the video,"annotating, video, audio",$0.07,Mon Jul 16 15:40:54 PDT 2018,1,BatchId:3304669;OriginalHitTemplateId:920937336;,3600,432000,Mon Jul 23 15:40:54 PDT 2018,,,369J354OFFKXNA5PBVBIPUT6IBF6GY,A2JY56TZCEPK3J,Approved,Mon Jul 16 16:15:19 PDT 2018,Mon Jul 16 16:16:20 PDT 2018,Sat Jul 21 16:16:20 PDT 2018,Wed Jul 18 08:30:56 PDT 2018,,,61,100% (55/55),100% (55/55),100% (55/55),GOkSMMx2TYI,40,50,"Walk, footsteps",The sound of feet or shoes contacting the ground in conventional human locomotion.,0,1,{},1,temporal,{},1,1,1,1,1,1,1,1,1,1,1,1,1,1,1,1,1,1,1,1,1,1,1,1,1,1,1,1,1,1,1,1,1,1,1,1,1,1,1,1,{},"Mozilla/5.0 (Windows NT 6.1) AppleWebKit/537.36 (KHTML, like Gecko) Chrome/67.0.3396.99 Safari/537.36",0,GOkSMMx2TYI
3SZYX62S5HAFPTWGN7SH3R6Q1MG57O,3CM00QMEUMWAO45EUQFF7TCUAYEW69,Annotate when audio source appears in video,Watch a 10 second video clip and tell us when the source of a labeled sound appears in the frame of the video,"annotating, video, audio",$0.07,Mon Jul 16 15:40:54 PDT 2018,1,BatchId:3304669;OriginalHitTemplateId:920937336;,3600,432000,Mon Jul 23 15:40:54 PDT 2018,,,3M68NM076JHOC0E3R65UOY7DKKJ6RN,A19F75QCU199K8,Approved,Mon Jul 16 16:00:33 PDT 2018,Mon Jul 16 16:01:05 PDT 2018,Sat Jul 21 16:01:05 PDT 2018,Wed Jul 18 08:30:57 PDT 2018,,,32,100% (66/66),100% (66/66),100% (66/66),1R53GvXZb7s,30,40,"Walk, footsteps",The sound of feet or shoes contacting the ground in conventional human locomotion.,0,1,{},1,temporal,{},1,1,1,1,1,1,1,1,1,1,1,1,1,1,1,1,0,0,0,0,0,0,0,0,0,0,0,0,0,0,0,0,0,0,0,0,0,0,0,0,{},Mozilla/5.0 (Macintosh; Intel Mac OS X 10.13; rv:61.0) Gecko/20100101 Firefox/61.0,0,1R53GvXZb7s
3XWUWJ18TM0Y8JYR1GT0LVCQ8E6UUX,3CM00QMEUMWAO45EUQFF7TCUAYEW69,Annotate when audio source appears in video,Watch a 10 second video clip and tell us when the source of a labeled sound appears in the frame of the video,"annotating, video, audio",$0.07,Mon Jul 16 15:40:54 PDT 2018,1,BatchId:3304669;OriginalHitTemplateId:920937336;,3600,432000,Mon Jul 23 15:40:54 PDT 2018,,,3RU7GD8VPQ38NLWLLR48K83Q1S0PSA,A1HOPXIP7RQ66R,Approved,Mon Jul 16 17:02:14 PDT 2018,Mon Jul 16 17:02:51 PDT 2018,Sat Jul 21 17:02:51 PDT 2018,Wed Jul 18 08:30:57 PDT 2018,,,37,100% (148/148),100% (148/148),100% (148/148),0dOzNG6keS8,2,12,"Walk, footsteps",The sound of feet or shoes contacting the ground in conventional human locomotion.,0,1,{},1,temporal,{},0,1,1,1,1,1,1,1,0,0,0,0,0,0,0,0,0,0,0,0,0,0,0,0,0,0,0,0,0,0,0,0,1,1,0,0,0,0,0,0,{},"Mozilla/5.0 (Windows NT 10.0; Win64; x64) AppleWebKit/537.36 (KHTML, like Gecko) Chrome/67.0.3396.99 Safari/537.36",0,0dOzNG6keS8
3PN6H8C9R50SC8979GMKBUW8FBKDAV,3CM00QMEUMWAO45EUQFF7TCUAYEW69,Annotate when audio source appears in video,Watch a 10 second video clip and tell us when the source of a labeled sound appears in the frame of the video,"annotating, video, audio",$0.07,Mon Jul 16 15:40:54 PDT 2018,1,BatchId:3304669;OriginalHitTemplateId:920937336;,3600,432000,Mon Jul 23 15:40:54 PDT 2018,,,3TR2532VIR47ECVQJ1WLM7LMA3O6JU,A3955NOPGJSS27,Approved,Mon Jul 16 15:58:35 PDT 2018,Mon Jul 16 16:00:53 PDT 2018,Sat Jul 21 16:00:53 PDT 2018,Wed Jul 18 08:14:30 PDT 2018,,,138,100% (52/52),100% (52/52),100% (52/52),SJWOD6gJ1FA,380,390,"Walk, footsteps",The sound of feet or shoes contacting the ground in conventional human locomotion.,0,1,{},1,temporal,{},0,0,0,0,0,0,0,0,0,0,0,0,1,0,0,0,0,0,0,0,0,0,0,0,0,0,0,0,0,0,0,1,1,1,0,0,0,0,1,1,{},"Mozilla/5.0 (Windows NT 6.1) AppleWebKit/537.36 (KHTML, like Gecko) Chrome/67.0.3396.99 Safari/537.36",0,SJWOD6gJ1FA
3ZICQFRS32SWGHMBDQRGJF6KCE0ZZG,3CM00QMEUMWAO45EUQFF7TCUAYEW69,Annotate when audio source appears in video,Watch a 10 second video clip and tell us when the source of a labeled sound appears in the frame of the video,"annotating, video, audio",$0.07,Mon Jul 16 15:40:54 PDT 2018,1,BatchId:3304669;OriginalHitTemplateId:920937336;,3600,432000,Mon Jul 23 15:40:54 PDT 2018,,,3180JW2OT6MBV8VCEIMGU17ME915J3,A1L4RGAJ64MKN3,Approved,Mon Jul 16 16:39:02 PDT 2018,Mon Jul 16 16:39:31 PDT 2018,Sat Jul 21 16:39:31 PDT 2018,Wed Jul 18 08:30:58 PDT 2018,,,29,100% (87/87),100% (87/87),100% (87/87),2VZge2V2mkk,30,40,"Walk, footsteps",The sound of feet or shoes contacting the ground in conventional human locomotion.,0,1,{},1,temporal,{},1,1,1,1,1,1,1,1,1,1,1,1,1,1,1,1,1,1,1,1,1,1,1,1,1,1,1,1,1,1,1,1,1,1,1,1,1,1,1,1,{},"Mozilla/5.0 (Windows NT 10.0; Win64; x64) AppleWebKit/537.36 (KHTML, like Gecko) Chrome/67.0.3396.99 Safari/537.36",0,2VZge2V2mkk
38G0E1M85NFYLYNR6635HHE9MLFUVM,3CM00QMEUMWAO45EUQFF7TCUAYEW69,Annotate when audio source appears in video,Watch a 10 second video clip and tell us when the source of a labeled sound appears in the frame of the video,"annotating, video, audio",$0.07,Mon Jul 16 15:40:54 PDT 2018,1,BatchId:3304669;OriginalHitTemplateId:920937336;,3600,432000,Mon Jul 23 15:40:54 PDT 2018,,,3TOK3KHVJVS4JN0SIOTI0H2448R7OM,AMWRKX8BJRLL2,Approved,Mon Jul 16 16:18:13 PDT 2018,Mon Jul 16 16:18:56 PDT 2018,Sat Jul 21 16:18:56 PDT 2018,Wed Jul 18 08:14:36 PDT 2018,,,43,98% (52/53),98% (52/53),98% (52/53),7ToaoALDWps,30,40,"Walk, footsteps",The sound of feet or shoes contacting the ground in conventional human locomotion.,0,1,{},1,temporal,{},0,0,0,0,0,0,0,0,0,1,1,1,1,1,1,1,1,1,1,1,1,1,1,1,1,1,0,0,0,0,0,0,0,0,1,1,1,1,1,1,{},Mozilla/5.0 (Windows NT 6.1; rv:47.0) Gecko/20100101 Firefox/47.0,0,7ToaoALDWps
3UL5XDRDNDTJP71ZXCKNHR2LC6M58B,3CM00QMEUMWAO45EUQFF7TCUAYEW69,Annotate when audio source appears in video,Watch a 10 second video clip and tell us when the source of a labeled sound appears in the frame of the video,"annotating, video, audio",$0.07,Mon Jul 16 15:40:54 PDT 2018,1,BatchId:3304669;OriginalHitTemplateId:920937336;,3600,432000,Mon Jul 23 15:40:54 PDT 2018,,,3YDGXNSEO144F8VT996F0JSUY2Z480,A9LCDLSF3REGH,Approved,Mon Jul 16 16:20:38 PDT 2018,Mon Jul 16 16:20:59 PDT 2018,Sat Jul 21 16:20:59 PDT 2018,Wed Jul 18 08:14:33 PDT 2018,,,21,100% (72/72),100% (72/72),100% (72/72),ibhKXQfwWyc,120,130,"Walk, footsteps",The sound of feet or shoes contacting the ground in conventional human locomotion.,0,1,{},1,temporal,{},1,1,1,1,1,1,1,1,1,1,1,1,0,0,0,0,0,0,0,0,0,0,0,0,0,0,0,0,0,0,0,0,0,0,0,0,0,0,0,0,{},"Mozilla/5.0 (Windows NT 10.0; Win64; x64) AppleWebKit/537.36 (KHTML, like Gecko) Chrome/67.0.3396.87 Safari/537.36 OPR/54.0.2952.51",0,ibhKXQfwWyc
3EAWOID6MU7I5CBB8ZPLSAQ26WBV0K,3CM00QMEUMWAO45EUQFF7TCUAYEW69,Annotate when audio source appears in video,Watch a 10 second video clip and tell us when the source of a labeled sound appears in the frame of the video,"annotating, video, audio",$0.07,Mon Jul 16 15:40:55 PDT 2018,1,BatchId:3304669;OriginalHitTemplateId:920937336;,3600,432000,Mon Jul 23 15:40:55 PDT 2018,,,3FIJLY1B6WEZJGRZF749D9KBC2UPFF,A9LX66EQWDRQ5,Approved,Mon Jul 16 16:50:13 PDT 2018,Mon Jul 16 16:51:02 PDT 2018,Sat Jul 21 16:51:02 PDT 2018,Wed Jul 18 08:14:34 PDT 2018,,,49,100% (472/472),100% (472/472),100% (472/472),RhUns03747U,120,130,"Walk, footsteps",The sound of feet or shoes contacting the ground in conventional human locomotion.,0,1,{},1,temporal,{},1,1,1,1,1,1,1,1,1,1,1,1,1,1,1,1,1,1,1,1,1,1,1,1,1,1,1,1,1,1,1,1,1,1,0,0,0,0,0,0,{},"Mozilla/5.0 (Windows NT 10.0; Win64; x64) AppleWebKit/537.36 (KHTML, like Gecko) Chrome/67.0.3396.99 Safari/537.36",0,RhUns03747U
3R5LWXWHR1I7K5RRMGF61NA3TO8XGS,3CM00QMEUMWAO45EUQFF7TCUAYEW69,Annotate when audio source appears in video,Watch a 10 second video clip and tell us when the source of a labeled sound appears in the frame of the video,"annotating, video, audio",$0.07,Mon Jul 16 15:40:55 PDT 2018,2,BatchId:3304669;OriginalHitTemplateId:920937336;,3600,432000,Wed Jul 25 08:13:16 PDT 2018,,,3IFS6Q0HJKTG6Z9H8WEOBB2EFE7SI3,A10YCK3SJBI68T,Rejected,Mon Jul 16 16:21:59 PDT 2018,Mon Jul 16 16:22:28 PDT 2018,Sat Jul 21 16:22:28 PDT 2018,,Wed Jul 18 08:13:16 PDT 2018,you consistently do the hits wrong.,29,0% (0/95),0% (0/95),0% (0/95),eOLrg_as--U,50,60,"Walk, footsteps",The sound of feet or shoes contacting the ground in conventional human locomotion.,0,1,{},1,temporal,{},1,1,1,1,1,1,1,1,1,1,1,1,1,1,1,1,1,1,1,1,1,1,1,1,1,1,1,1,1,1,1,1,1,1,1,1,1,1,1,1,{},"Mozilla/5.0 (Windows NT 10.0; Win64; x64) AppleWebKit/537.36 (KHTML, like Gecko) Chrome/67.0.3396.99 Safari/537.36",0,eOLrg_as--U
3A9LA2FRWTOLK1M26MXOMNM48OLXHR,3CM00QMEUMWAO45EUQFF7TCUAYEW69,Annotate when audio source appears in video,Watch a 10 second video clip and tell us when the source of a labeled sound appears in the frame of the video,"annotating, video, audio",$0.07,Mon Jul 16 15:40:55 PDT 2018,1,BatchId:3304669;OriginalHitTemplateId:920937336;,3600,432000,Mon Jul 23 15:40:55 PDT 2018,,,3DYGAII7PNIWA5H8TNF3P8OPJ3DQPI,A19F75QCU199K8,Approved,Mon Jul 16 16:14:54 PDT 2018,Mon Jul 16 16:15:26 PDT 2018,Sat Jul 21 16:15:26 PDT 2018,Wed Jul 18 08:30:58 PDT 2018,,,32,100% (66/66),100% (66/66),100% (66/66),1mqQZDZcxoY,30,40,"Walk, footsteps",The sound of feet or shoes contacting the ground in conventional human locomotion.,0,1,{},1,temporal,{},1,1,1,1,1,1,1,1,1,0,0,0,0,0,0,0,0,0,0,0,0,0,0,1,1,1,1,1,1,0,0,0,0,0,0,0,0,0,0,0,{},Mozilla/5.0 (Macintosh; Intel Mac OS X 10.13; rv:61.0) Gecko/20100101 Firefox/61.0,0,1mqQZDZcxoY
31YWE12TE1MORCGQTDBCVAXAULQ7X0,3CM00QMEUMWAO45EUQFF7TCUAYEW69,Annotate when audio source appears in video,Watch a 10 second video clip and tell us when the source of a labeled sound appears in the frame of the video,"annotating, video, audio",$0.07,Mon Jul 16 15:40:55 PDT 2018,1,BatchId:3304669;OriginalHitTemplateId:920937336;,3600,432000,Mon Jul 23 15:40:55 PDT 2018,,,36WLNQG781K598QT1R2207UMJW7EB6,A1HOPXIP7RQ66R,Approved,Mon Jul 16 16:07:48 PDT 2018,Mon Jul 16 16:08:27 PDT 2018,Sat Jul 21 16:08:27 PDT 2018,Wed Jul 18 08:30:58 PDT 2018,,,39,100% (148/148),100% (148/148),100% (148/148),-wdRYQszmPg,30,40,"Walk, footsteps",The sound of feet or shoes contacting the ground in conventional human locomotion.,0,1,{},1,temporal,{},0,1,1,1,1,1,1,1,1,1,1,1,1,1,1,1,1,1,1,1,1,1,1,1,1,1,1,1,1,1,1,1,1,1,1,1,1,1,1,1,{},"Mozilla/5.0 (Windows NT 10.0; Win64; x64) AppleWebKit/537.36 (KHTML, like Gecko) Chrome/67.0.3396.99 Safari/537.36",0,-wdRYQszmPg
3B623HUYJ50KV9ZA98XVA2CDQQTS8Z,3CM00QMEUMWAO45EUQFF7TCUAYEW69,Annotate when audio source appears in video,Watch a 10 second video clip and tell us when the source of a labeled sound appears in the frame of the video,"annotating, video, audio",$0.07,Mon Jul 16 15:40:55 PDT 2018,2,BatchId:3304669;OriginalHitTemplateId:920937336;,3600,432000,Wed Jul 25 08:13:17 PDT 2018,,,3300DTYQT4RSDESIK9ZSVWPL5XJEQV,A10YCK3SJBI68T,Rejected,Mon Jul 16 16:27:08 PDT 2018,Mon Jul 16 16:27:59 PDT 2018,Sat Jul 21 16:27:59 PDT 2018,,Wed Jul 18 08:13:16 PDT 2018,you consistently do the hits wrong.,51,0% (0/95),0% (0/95),0% (0/95),RXwQ3qJZTA8,13,23,"Walk, footsteps",The sound of feet or shoes contacting the ground in conventional human locomotion.,0,1,{},1,temporal,{},1,1,1,1,1,1,1,1,1,1,1,1,1,1,1,1,1,1,1,1,1,1,1,1,1,1,1,1,1,1,1,1,1,1,1,1,1,1,1,1,{},"Mozilla/5.0 (Windows NT 10.0; Win64; x64) AppleWebKit/537.36 (KHTML, like Gecko) Chrome/67.0.3396.99 Safari/537.36",0,RXwQ3qJZTA8
3L4YG5VW9O2QAFCJTQDM1V4E0EHDDX,3CM00QMEUMWAO45EUQFF7TCUAYEW69,Annotate when audio source appears in video,Watch a 10 second video clip and tell us when the source of a labeled sound appears in the frame of the video,"annotating, video, audio",$0.07,Mon Jul 16 15:40:56 PDT 2018,1,BatchId:3304669;OriginalHitTemplateId:920937336;,3600,432000,Mon Jul 23 15:40:56 PDT 2018,,,3V26SBZTBFOZ21K53SWI7Z27Y6RZZU,A33H0IB2D9EBI7,Approved,Mon Jul 16 16:45:52 PDT 2018,Mon Jul 16 16:46:45 PDT 2018,Sat Jul 21 16:46:45 PDT 2018,Wed Jul 18 08:14:29 PDT 2018,,,53,100% (149/149),100% (149/149),100% (149/149),2BamxmQamR4,0,5,"Walk, footsteps",The sound of feet or shoes contacting the ground in conventional human locomotion.,0,1,{},1,temporal,{},0,0,0,1,1,1,1,1,1,1,1,1,1,1,0,0,0,0,0,0,,,,,,,,,,,,,,,,,,,,,{},Mozilla/5.0 (Windows NT 10.0; Win64; x64; rv:61.0) Gecko/20100101 Firefox/61.0,0,2BamxmQamR4
3WJGKMRWVJJG5N65TUIBHPMWFE5DCX,3CM00QMEUMWAO45EUQFF7TCUAYEW69,Annotate when audio source appears in video,Watch a 10 second video clip and tell us when the source of a labeled sound appears in the frame of the video,"annotating, video, audio",$0.07,Mon Jul 16 15:40:55 PDT 2018,1,BatchId:3304669;OriginalHitTemplateId:920937336;,3600,432000,Mon Jul 23 15:40:55 PDT 2018,,,320DUZ38G9W9B5KWVE57YYYB4I6JGQ,A33H0IB2D9EBI7,Approved,Mon Jul 16 16:28:06 PDT 2018,Mon Jul 16 16:29:01 PDT 2018,Sat Jul 21 16:29:01 PDT 2018,Wed Jul 18 08:14:29 PDT 2018,,,55,100% (149/149),100% (149/149),100% (149/149),IVDQCUc_7VE,260,270,"Walk, footsteps",The sound of feet or shoes contacting the ground in conventional human locomotion.,0,1,{},1,temporal,{},0,0,0,0,0,0,0,0,0,0,0,0,1,1,1,1,0,0,0,0,0,0,0,0,0,0,0,0,0,0,0,0,0,0,0,0,0,0,0,0,{},Mozilla/5.0 (Windows NT 10.0; Win64; x64; rv:61.0) Gecko/20100101 Firefox/61.0,0,IVDQCUc_7VE
3E9ZFLPWOZ2LGWXMC4F9MZNJ810XIK,3CM00QMEUMWAO45EUQFF7TCUAYEW69,Annotate when audio source appears in video,Watch a 10 second video clip and tell us when the source of a labeled sound appears in the frame of the video,"annotating, video, audio",$0.07,Mon Jul 16 15:40:55 PDT 2018,1,BatchId:3304669;OriginalHitTemplateId:920937336;,3600,432000,Mon Jul 23 15:40:55 PDT 2018,,,3CTOC39K390QIC9V2B1DSLLI5EC7JY,AMWRKX8BJRLL2,Approved,Mon Jul 16 16:06:53 PDT 2018,Mon Jul 16 16:07:58 PDT 2018,Sat Jul 21 16:07:58 PDT 2018,Wed Jul 18 08:14:36 PDT 2018,,,65,98% (52/53),98% (52/53),98% (52/53),-_mfb_x_Es0,11,21,"Walk, footsteps",The sound of feet or shoes contacting the ground in conventional human locomotion.,0,1,{},1,temporal,{},1,1,1,1,1,1,0,0,1,1,1,1,1,1,1,1,1,0,0,0,0,1,1,1,1,1,1,1,1,1,0,0,0,1,1,1,1,1,1,1,{},Mozilla/5.0 (Windows NT 6.1; rv:47.0) Gecko/20100101 Firefox/47.0,0,-_mfb_x_Es0
3QHITW7OYPJM1HDCE2S4BT37YQ9AQX,3CM00QMEUMWAO45EUQFF7TCUAYEW69,Annotate when audio source appears in video,Watch a 10 second video clip and tell us when the source of a labeled sound appears in the frame of the video,"annotating, video, audio",$0.07,Mon Jul 16 15:40:55 PDT 2018,1,BatchId:3304669;OriginalHitTemplateId:920937336;,3600,432000,Mon Jul 23 15:40:55 PDT 2018,,,3BGYGHDBBZUJQFEHPEEQXDITSN622S,A19F75QCU199K8,Approved,Mon Jul 16 16:10:33 PDT 2018,Mon Jul 16 16:11:02 PDT 2018,Sat Jul 21 16:11:02 PDT 2018,Wed Jul 18 08:30:59 PDT 2018,,,29,100% (66/66),100% (66/66),100% (66/66),DAyb-aIMnDA,0,10,"Walk, footsteps",The sound of feet or shoes contacting the ground in conventional human locomotion.,0,1,{},1,temporal,{},0,0,0,1,1,1,1,1,1,1,1,1,1,1,1,1,1,1,1,1,1,1,1,0,0,0,0,0,0,0,0,0,1,1,1,1,1,1,1,1,{},Mozilla/5.0 (Macintosh; Intel Mac OS X 10.13; rv:61.0) Gecko/20100101 Firefox/61.0,0,DAyb-aIMnDA
38XPGNCKHUAZ40TCR0CN4DGFN8RV40,3CM00QMEUMWAO45EUQFF7TCUAYEW69,Annotate when audio source appears in video,Watch a 10 second video clip and tell us when the source of a labeled sound appears in the frame of the video,"annotating, video, audio",$0.07,Mon Jul 16 15:40:56 PDT 2018,1,BatchId:3304669;OriginalHitTemplateId:920937336;,3600,432000,Mon Jul 23 15:40:56 PDT 2018,,,3QECW5O0KJB59BRHQC0KW7UVCB1T55,A1L4RGAJ64MKN3,Approved,Mon Jul 16 16:50:32 PDT 2018,Mon Jul 16 16:50:54 PDT 2018,Sat Jul 21 16:50:54 PDT 2018,Wed Jul 18 08:30:59 PDT 2018,,,22,100% (87/87),100% (87/87),100% (87/87),FXh7orZafto,30,40,"Walk, footsteps",The sound of feet or shoes contacting the ground in conventional human locomotion.,0,1,{},1,temporal,{},1,1,1,1,1,1,1,1,1,1,1,1,1,1,1,1,1,1,1,1,1,1,1,1,1,1,1,1,1,1,1,1,1,1,1,1,1,1,1,1,{},"Mozilla/5.0 (Windows NT 10.0; Win64; x64) AppleWebKit/537.36 (KHTML, like Gecko) Chrome/67.0.3396.99 Safari/537.36",0,FXh7orZafto
3JGHED38EE1DRH60Y9XEEO4JWRK7Y6,3CM00QMEUMWAO45EUQFF7TCUAYEW69,Annotate when audio source appears in video,Watch a 10 second video clip and tell us when the source of a labeled sound appears in the frame of the video,"annotating, video, audio",$0.07,Mon Jul 16 15:40:56 PDT 2018,1,BatchId:3304669;OriginalHitTemplateId:920937336;,3600,432000,Mon Jul 23 15:40:56 PDT 2018,,,3B3WTRP3DDCUQZZGANT570Q7YTH92S,A9LCDLSF3REGH,Approved,Mon Jul 16 16:13:37 PDT 2018,Mon Jul 16 16:14:15 PDT 2018,Sat Jul 21 16:14:15 PDT 2018,Wed Jul 18 08:14:33 PDT 2018,,,38,100% (72/72),100% (72/72),100% (72/72),RzUwE_hPskg,0,5,"Walk, footsteps",The sound of feet or shoes contacting the ground in conventional human locomotion.,0,1,{},1,temporal,{},0,0,0,0,1,1,1,1,1,1,1,1,1,1,1,1,0,0,0,0,,,,,,,,,,,,,,,,,,,,,{},"Mozilla/5.0 (Windows NT 10.0; Win64; x64) AppleWebKit/537.36 (KHTML, like Gecko) Chrome/67.0.3396.87 Safari/537.36 OPR/54.0.2952.51",0,RzUwE_hPskg
337F8MIIM0NJBZSWO3OYJKQPTCF04E,3CM00QMEUMWAO45EUQFF7TCUAYEW69,Annotate when audio source appears in video,Watch a 10 second video clip and tell us when the source of a labeled sound appears in the frame of the video,"annotating, video, audio",$0.07,Mon Jul 16 15:40:56 PDT 2018,1,BatchId:3304669;OriginalHitTemplateId:920937336;,3600,432000,Mon Jul 23 15:40:56 PDT 2018,,,3DZQRBDBSNP1GWRYNT71750PWVZ3S1,A9LCDLSF3REGH,Approved,Mon Jul 16 15:58:10 PDT 2018,Mon Jul 16 15:58:40 PDT 2018,Sat Jul 21 15:58:40 PDT 2018,Wed Jul 18 08:14:33 PDT 2018,,,30,100% (72/72),100% (72/72),100% (72/72),rGLfHVPDXNU,50,60,"Walk, footsteps",The sound of feet or shoes contacting the ground in conventional human locomotion.,0,1,{},1,temporal,{},1,1,1,1,1,1,1,1,1,1,1,1,1,1,1,1,1,1,1,1,1,1,1,1,1,1,1,1,1,1,1,1,1,1,1,1,1,1,1,1,{},"Mozilla/5.0 (Windows NT 10.0; Win64; x64) AppleWebKit/537.36 (KHTML, like Gecko) Chrome/67.0.3396.87 Safari/537.36 OPR/54.0.2952.51",0,rGLfHVPDXNU
34HEO7RUG74MDISCRHH4GJDCUCBARY,3CM00QMEUMWAO45EUQFF7TCUAYEW69,Annotate when audio source appears in video,Watch a 10 second video clip and tell us when the source of a labeled sound appears in the frame of the video,"annotating, video, audio",$0.07,Mon Jul 16 15:40:56 PDT 2018,1,BatchId:3304669;OriginalHitTemplateId:920937336;,3600,432000,Mon Jul 23 15:40:56 PDT 2018,,,31Q0U3WYDRPJNVTRCMV7OLPWBXC17O,A33H0IB2D9EBI7,Approved,Mon Jul 16 16:07:56 PDT 2018,Mon Jul 16 16:09:16 PDT 2018,Sat Jul 21 16:09:16 PDT 2018,Wed Jul 18 08:14:29 PDT 2018,,,80,100% (149/149),100% (149/149),100% (149/149),Zpm6WcW854Q,320,330,"Walk, footsteps",The sound of feet or shoes contacting the ground in conventional human locomotion.,0,1,{},1,temporal,{},0,0,0,0,0,0,0,0,0,0,1,1,1,1,0,0,0,0,0,0,0,0,0,0,0,0,0,0,0,0,0,0,0,0,0,0,0,0,0,0,{},Mozilla/5.0 (Windows NT 10.0; Win64; x64; rv:61.0) Gecko/20100101 Firefox/61.0,0,Zpm6WcW854Q
3S8A4GJRD4DDJNXQAO521B0TJZXV6L,3CM00QMEUMWAO45EUQFF7TCUAYEW69,Annotate when audio source appears in video,Watch a 10 second video clip and tell us when the source of a labeled sound appears in the frame of the video,"annotating, video, audio",$0.07,Mon Jul 16 15:40:56 PDT 2018,1,BatchId:3304669;OriginalHitTemplateId:920937336;,3600,432000,Mon Jul 23 15:40:56 PDT 2018,,,3FE2ERCCZZITPT4SEANZ03TP4LHPOX,A3M5GJEGC073N6,Approved,Tue Jul 17 08:00:22 PDT 2018,Tue Jul 17 08:01:43 PDT 2018,Sun Jul 22 08:01:43 PDT 2018,Wed Jul 18 08:14:31 PDT 2018,,,81,100% (3/3),100% (3/3),100% (3/3),fmdj6H_i1wA,380,390,"Walk, footsteps",The sound of feet or shoes contacting the ground in conventional human locomotion.,0,1,{},1,temporal,{},0,0,0,0,0,0,0,0,0,0,0,0,1,1,1,1,1,1,1,1,1,1,1,1,1,1,1,1,1,1,1,1,1,1,1,1,1,1,1,1,{},Mozilla/5.0 (Windows NT 10.0; Win64; x64; rv:61.0) Gecko/20100101 Firefox/61.0,0,fmdj6H_i1wA
311HQEI8RTQDW7G5UVZXSVDL2LO7ZX,3CM00QMEUMWAO45EUQFF7TCUAYEW69,Annotate when audio source appears in video,Watch a 10 second video clip and tell us when the source of a labeled sound appears in the frame of the video,"annotating, video, audio",$0.07,Mon Jul 16 15:40:56 PDT 2018,2,BatchId:3304669;OriginalHitTemplateId:920937336;,3600,432000,Wed Jul 25 08:13:17 PDT 2018,,,3483FV8BEGT78GXICGQTNQZ58S862D,A10YCK3SJBI68T,Rejected,Mon Jul 16 16:11:41 PDT 2018,Mon Jul 16 16:12:27 PDT 2018,Sat Jul 21 16:12:27 PDT 2018,,Wed Jul 18 08:13:16 PDT 2018,you consistently do the hits wrong.,46,0% (0/95),0% (0/95),0% (0/95),1Z7gyLwETZc,30,40,"Walk, footsteps",The sound of feet or shoes contacting the ground in conventional human locomotion.,0,1,{},1,temporal,{},0,1,0,0,0,1,0,0,0,1,0,0,0,0,0,0,0,0,0,0,0,1,0,1,0,1,0,0,0,1,0,1,1,0,1,0,0,1,0,0,{},"Mozilla/5.0 (Windows NT 10.0; Win64; x64) AppleWebKit/537.36 (KHTML, like Gecko) Chrome/67.0.3396.99 Safari/537.36",0,1Z7gyLwETZc
311HQEI8RTQDW7G5UVZXSVDL2LO7ZX,3CM00QMEUMWAO45EUQFF7TCUAYEW69,Annotate when audio source appears in video,Watch a 10 second video clip and tell us when the source of a labeled sound appears in the frame of the video,"annotating, video, audio",$0.07,Mon Jul 16 15:40:56 PDT 2018,2,BatchId:3304669;OriginalHitTemplateId:920937336;,3600,432000,Wed Jul 25 08:13:17 PDT 2018,,,3ERMJ6L4D02GJKFG58E58DDZ9WO7MV,A4FS22HPBC65L,Approved,Wed Jul 18 08:16:25 PDT 2018,Wed Jul 18 08:16:57 PDT 2018,Mon Jul 23 08:16:57 PDT 2018,Wed Jul 18 08:30:59 PDT 2018,,,32,100% (205/205),100% (205/205),100% (205/205),1Z7gyLwETZc,30,40,"Walk, footsteps",The sound of feet or shoes contacting the ground in conventional human locomotion.,0,1,{},1,temporal,{},0,0,0,0,0,0,0,0,0,0,0,0,0,0,0,0,0,0,1,1,1,1,1,1,1,1,1,1,1,1,1,1,1,1,1,1,1,1,1,1,{},"Mozilla/5.0 (Windows NT 10.0; Win64; x64) AppleWebKit/537.36 (KHTML, like Gecko) Chrome/67.0.3396.99 Safari/537.36",0,1Z7gyLwETZc
3VZYA8PITP817IWW2878OCW3T8A05J,3CM00QMEUMWAO45EUQFF7TCUAYEW69,Annotate when audio source appears in video,Watch a 10 second video clip and tell us when the source of a labeled sound appears in the frame of the video,"annotating, video, audio",$0.07,Mon Jul 16 15:40:56 PDT 2018,1,BatchId:3304669;OriginalHitTemplateId:920937336;,3600,432000,Mon Jul 23 15:40:56 PDT 2018,,,31EUONYN2XD6UD1O0MWY6VI7QQUVOY,A1HOPXIP7RQ66R,Approved,Mon Jul 16 16:10:58 PDT 2018,Mon Jul 16 16:11:31 PDT 2018,Sat Jul 21 16:11:31 PDT 2018,Wed Jul 18 08:30:59 PDT 2018,,,33,100% (148/148),100% (148/148),100% (148/148),zwyS3CFHd00,140,150,"Walk, footsteps",The sound of feet or shoes contacting the ground in conventional human locomotion.,0,1,{},1,temporal,{},0,1,1,1,1,1,1,1,1,1,1,1,1,1,1,1,1,1,1,1,1,1,1,1,1,1,1,1,1,1,1,1,1,1,1,1,1,1,1,1,{},"Mozilla/5.0 (Windows NT 10.0; Win64; x64) AppleWebKit/537.36 (KHTML, like Gecko) Chrome/67.0.3396.99 Safari/537.36",0,zwyS3CFHd00
3NI0WFPPIAQXQMWA7RHDGIA3P3L06Z,3CM00QMEUMWAO45EUQFF7TCUAYEW69,Annotate when audio source appears in video,Watch a 10 second video clip and tell us when the source of a labeled sound appears in the frame of the video,"annotating, video, audio",$0.07,Mon Jul 16 15:40:56 PDT 2018,2,BatchId:3304669;OriginalHitTemplateId:920937336;,3600,432000,Wed Jul 25 08:13:17 PDT 2018,,,3B2X28YI3YP1WTXEV9J4OJ292ZK6BG,A10YCK3SJBI68T,Rejected,Mon Jul 16 16:58:13 PDT 2018,Mon Jul 16 16:58:43 PDT 2018,Sat Jul 21 16:58:43 PDT 2018,,Wed Jul 18 08:13:17 PDT 2018,you consistently do the hits wrong.,30,0% (0/95),0% (0/95),0% (0/95),k6AX5V7XIaM,210,220,"Walk, footsteps",The sound of feet or shoes contacting the ground in conventional human locomotion.,0,1,{},1,temporal,{},1,1,1,1,1,1,1,1,1,1,1,1,1,1,1,1,1,1,1,1,1,1,1,1,1,1,1,1,1,1,1,1,1,1,1,1,1,1,1,1,{},"Mozilla/5.0 (Windows NT 10.0; Win64; x64) AppleWebKit/537.36 (KHTML, like Gecko) Chrome/67.0.3396.99 Safari/537.36",0,k6AX5V7XIaM
3NI0WFPPIAQXQMWA7RHDGIA3P3L06Z,3CM00QMEUMWAO45EUQFF7TCUAYEW69,Annotate when audio source appears in video,Watch a 10 second video clip and tell us when the source of a labeled sound appears in the frame of the video,"annotating, video, audio",$0.07,Mon Jul 16 15:40:56 PDT 2018,2,BatchId:3304669;OriginalHitTemplateId:920937336;,3600,432000,Wed Jul 25 08:13:17 PDT 2018,,,3COPXFW7XDMAZ2JDGIV6TMCGKLYPKE,A4FS22HPBC65L,Approved,Wed Jul 18 08:15:15 PDT 2018,Wed Jul 18 08:16:12 PDT 2018,Mon Jul 23 08:16:12 PDT 2018,Wed Jul 18 08:31:00 PDT 2018,,,57,100% (205/205),100% (205/205),100% (205/205),k6AX5V7XIaM,210,220,"Walk, footsteps",The sound of feet or shoes contacting the ground in conventional human locomotion.,1,1,{},1,temporal,{},0,0,0,0,0,0,0,0,0,0,0,0,0,0,0,0,0,0,0,0,0,0,0,1,1,1,1,1,1,1,1,1,0,0,0,1,1,1,1,1,{},"Mozilla/5.0 (Windows NT 10.0; Win64; x64) AppleWebKit/537.36 (KHTML, like Gecko) Chrome/67.0.3396.99 Safari/537.36",0,k6AX5V7XIaM
3MQY1YVHS4UAS8GJI52ZAMPA02G2B6,3CM00QMEUMWAO45EUQFF7TCUAYEW69,Annotate when audio source appears in video,Watch a 10 second video clip and tell us when the source of a labeled sound appears in the frame of the video,"annotating, video, audio",$0.07,Mon Jul 16 15:40:56 PDT 2018,1,BatchId:3304669;OriginalHitTemplateId:920937336;,3600,432000,Mon Jul 23 15:40:56 PDT 2018,,,3LQ8PUHQFN2RGQV1X22P7XVC63RHI8,A1GCHGVZI4IXBM,Approved,Mon Jul 16 16:22:32 PDT 2018,Mon Jul 16 16:23:15 PDT 2018,Sat Jul 21 16:23:15 PDT 2018,Wed Jul 18 08:31:00 PDT 2018,,,43,100% (91/91),100% (91/91),100% (91/91),Uvh3d1kx7HM,0,10,"Walk, footsteps",The sound of feet or shoes contacting the ground in conventional human locomotion.,0,1,{},1,temporal,{},0,0,0,0,0,0,0,0,1,1,1,1,1,1,1,1,1,1,1,1,1,1,1,0,0,0,0,0,0,0,0,0,0,1,1,1,0,0,0,0,{},"Mozilla/5.0 (Macintosh; Intel Mac OS X 10_13_5) AppleWebKit/537.36 (KHTML, like Gecko) Chrome/67.0.3396.99 Safari/537.36",0,Uvh3d1kx7HM
3BAWBGQGYM9WNNBVTYAU7P0PEAHV7K,3CM00QMEUMWAO45EUQFF7TCUAYEW69,Annotate when audio source appears in video,Watch a 10 second video clip and tell us when the source of a labeled sound appears in the frame of the video,"annotating, video, audio",$0.07,Mon Jul 16 15:40:56 PDT 2018,1,BatchId:3304669;OriginalHitTemplateId:920937336;,3600,432000,Mon Jul 23 15:40:56 PDT 2018,,,3VNL7UK1XHTXB8K6WODTIJL814LFTE,A9LCDLSF3REGH,Approved,Mon Jul 16 16:05:16 PDT 2018,Mon Jul 16 16:05:37 PDT 2018,Sat Jul 21 16:05:37 PDT 2018,Wed Jul 18 08:14:33 PDT 2018,,,21,100% (72/72),100% (72/72),100% (72/72),0a7iOLGkgTo,30,40,"Walk, footsteps",The sound of feet or shoes contacting the ground in conventional human locomotion.,0,1,{},1,temporal,{},1,1,1,1,1,1,1,1,0,0,0,0,0,0,0,0,0,0,0,0,0,0,0,0,0,0,0,0,0,0,0,0,0,0,0,0,0,0,0,0,{},"Mozilla/5.0 (Windows NT 10.0; Win64; x64) AppleWebKit/537.36 (KHTML, like Gecko) Chrome/67.0.3396.87 Safari/537.36 OPR/54.0.2952.51",0,0a7iOLGkgTo
34D9ZRXCYS4YEXSP66H96TI8GEUASM,3CM00QMEUMWAO45EUQFF7TCUAYEW69,Annotate when audio source appears in video,Watch a 10 second video clip and tell us when the source of a labeled sound appears in the frame of the video,"annotating, video, audio",$0.07,Mon Jul 16 15:40:56 PDT 2018,1,BatchId:3304669;OriginalHitTemplateId:920937336;,3600,432000,Mon Jul 23 15:40:56 PDT 2018,,,3KJYX6QCMBLST2ARK94TYZ1LRXRVJO,A9LCDLSF3REGH,Approved,Mon Jul 16 16:23:20 PDT 2018,Mon Jul 16 16:23:50 PDT 2018,Sat Jul 21 16:23:50 PDT 2018,Wed Jul 18 08:14:33 PDT 2018,,,30,100% (72/72),100% (72/72),100% (72/72),-jVsBgMPKUw,16,26,"Walk, footsteps",The sound of feet or shoes contacting the ground in conventional human locomotion.,0,1,{},1,temporal,{},1,1,1,1,1,1,1,1,1,1,1,1,1,1,1,1,1,1,1,1,1,1,1,1,1,1,1,1,1,0,0,0,0,0,0,0,0,0,0,0,{},"Mozilla/5.0 (Windows NT 10.0; Win64; x64) AppleWebKit/537.36 (KHTML, like Gecko) Chrome/67.0.3396.87 Safari/537.36 OPR/54.0.2952.51",0,-jVsBgMPKUw
3UDTAB6HH79K85Y85YKP0S15F4T09A,3CM00QMEUMWAO45EUQFF7TCUAYEW69,Annotate when audio source appears in video,Watch a 10 second video clip and tell us when the source of a labeled sound appears in the frame of the video,"annotating, video, audio",$0.07,Mon Jul 16 15:40:56 PDT 2018,2,BatchId:3304669;OriginalHitTemplateId:920937336;,3600,432000,Wed Jul 25 08:13:18 PDT 2018,,,3RANCT1ZVHRMY4NFRRH74PGP5K6UB8,A10YCK3SJBI68T,Rejected,Mon Jul 16 16:18:13 PDT 2018,Mon Jul 16 16:18:52 PDT 2018,Sat Jul 21 16:18:52 PDT 2018,,Wed Jul 18 08:13:17 PDT 2018,you consistently do the hits wrong.,39,0% (0/95),0% (0/95),0% (0/95),1CK1c-c-4Pk,30,40,"Walk, footsteps",The sound of feet or shoes contacting the ground in conventional human locomotion.,0,1,{},1,temporal,{},1,1,1,1,1,1,1,1,1,1,1,1,1,1,1,1,1,1,1,1,1,1,1,1,1,1,1,1,1,1,1,1,1,1,1,1,1,1,1,1,{},"Mozilla/5.0 (Windows NT 10.0; Win64; x64) AppleWebKit/537.36 (KHTML, like Gecko) Chrome/67.0.3396.99 Safari/537.36",0,1CK1c-c-4Pk
389A2A304PSM635BHIUG2I2DLPW0CR,3CM00QMEUMWAO45EUQFF7TCUAYEW69,Annotate when audio source appears in video,Watch a 10 second video clip and tell us when the source of a labeled sound appears in the frame of the video,"annotating, video, audio",$0.07,Mon Jul 16 15:40:57 PDT 2018,1,BatchId:3304669;OriginalHitTemplateId:920937336;,3600,432000,Mon Jul 23 15:40:57 PDT 2018,,,35USIKEBNTQ3X2MBYZODFE23JNW6N1,A3955NOPGJSS27,Approved,Mon Jul 16 16:05:36 PDT 2018,Mon Jul 16 16:07:33 PDT 2018,Sat Jul 21 16:07:33 PDT 2018,Wed Jul 18 08:14:31 PDT 2018,,,117,100% (52/52),100% (52/52),100% (52/52),HmeFgoM7z7Q,30,40,"Walk, footsteps",The sound of feet or shoes contacting the ground in conventional human locomotion.,0,1,{},1,temporal,{},1,1,1,1,1,1,1,1,1,1,1,0,0,0,1,1,1,1,1,1,1,1,1,1,1,1,1,1,1,1,1,1,1,1,1,1,1,1,1,1,{},"Mozilla/5.0 (Windows NT 6.1) AppleWebKit/537.36 (KHTML, like Gecko) Chrome/67.0.3396.99 Safari/537.36",0,HmeFgoM7z7Q
31D0ZWOD0B9YDO8DX4YPWNCPLMB0AP,3CM00QMEUMWAO45EUQFF7TCUAYEW69,Annotate when audio source appears in video,Watch a 10 second video clip and tell us when the source of a labeled sound appears in the frame of the video,"annotating, video, audio",$0.07,Mon Jul 16 15:40:56 PDT 2018,1,BatchId:3304669;OriginalHitTemplateId:920937336;,3600,432000,Mon Jul 23 15:40:56 PDT 2018,,,34QN5IT0T11NGKDSQ8JDOG2HHQO80T,A2JY56TZCEPK3J,Approved,Mon Jul 16 16:29:04 PDT 2018,Mon Jul 16 16:36:17 PDT 2018,Sat Jul 21 16:36:17 PDT 2018,Wed Jul 18 08:31:00 PDT 2018,,,433,100% (55/55),100% (55/55),100% (55/55),zDrmjsaQynU,0,10,"Walk, footsteps",The sound of feet or shoes contacting the ground in conventional human locomotion.,0,1,{},1,temporal,{},0,0,0,0,0,0,0,0,0,0,0,0,0,0,0,1,1,1,1,1,1,1,1,1,1,1,1,1,1,1,1,1,1,1,1,1,1,1,1,0,{},"Mozilla/5.0 (Windows NT 6.1) AppleWebKit/537.36 (KHTML, like Gecko) Chrome/67.0.3396.99 Safari/537.36",0,zDrmjsaQynU
34KYK9TV2SI3X7XHCKH5142EYWESBY,3CM00QMEUMWAO45EUQFF7TCUAYEW69,Annotate when audio source appears in video,Watch a 10 second video clip and tell us when the source of a labeled sound appears in the frame of the video,"annotating, video, audio",$0.07,Mon Jul 16 15:40:57 PDT 2018,1,BatchId:3304669;OriginalHitTemplateId:920937336;,3600,432000,Mon Jul 23 15:40:57 PDT 2018,,,3R9WASFE21QTXKT52G2B47MPM05ZFC,A2JY56TZCEPK3J,Approved,Mon Jul 16 16:01:59 PDT 2018,Mon Jul 16 16:03:00 PDT 2018,Sat Jul 21 16:03:00 PDT 2018,Wed Jul 18 08:31:01 PDT 2018,,,61,100% (55/55),100% (55/55),100% (55/55),27cjj7ossd8,10,20,"Walk, footsteps",The sound of feet or shoes contacting the ground in conventional human locomotion.,0,1,{},1,temporal,{},0,0,0,0,0,0,0,0,1,1,1,1,1,1,1,1,1,1,1,1,1,1,1,1,1,1,1,1,1,1,1,1,1,1,1,1,1,1,1,1,{},"Mozilla/5.0 (Windows NT 6.1) AppleWebKit/537.36 (KHTML, like Gecko) Chrome/67.0.3396.99 Safari/537.36",0,27cjj7ossd8
308KJXFUJSGZTX54V6MZGYEUIX8ATB,3CM00QMEUMWAO45EUQFF7TCUAYEW69,Annotate when audio source appears in video,Watch a 10 second video clip and tell us when the source of a labeled sound appears in the frame of the video,"annotating, video, audio",$0.07,Mon Jul 16 15:40:57 PDT 2018,2,BatchId:3304669;OriginalHitTemplateId:920937336;,3600,432000,Wed Jul 25 08:13:18 PDT 2018,,,3YDGXNSEO144F8VT996F0JSUY2Y48Z,A10YCK3SJBI68T,Rejected,Mon Jul 16 16:18:58 PDT 2018,Mon Jul 16 16:19:27 PDT 2018,Sat Jul 21 16:19:27 PDT 2018,,Wed Jul 18 08:13:17 PDT 2018,you consistently do the hits wrong.,29,0% (0/95),0% (0/95),0% (0/95),0CU6ZLqtPxE,30,40,"Walk, footsteps",The sound of feet or shoes contacting the ground in conventional human locomotion.,0,1,{},1,temporal,{},1,1,1,1,1,1,1,1,1,1,1,1,1,1,1,1,1,1,1,1,1,1,1,1,1,1,1,1,1,1,1,1,1,1,1,1,1,1,1,1,{},"Mozilla/5.0 (Windows NT 10.0; Win64; x64) AppleWebKit/537.36 (KHTML, like Gecko) Chrome/67.0.3396.99 Safari/537.36",0,0CU6ZLqtPxE
3Z33IC0JC1W016ZO8V8ELLRV905V9W,3CM00QMEUMWAO45EUQFF7TCUAYEW69,Annotate when audio source appears in video,Watch a 10 second video clip and tell us when the source of a labeled sound appears in the frame of the video,"annotating, video, audio",$0.07,Mon Jul 16 15:40:57 PDT 2018,1,BatchId:3304669;OriginalHitTemplateId:920937336;,3600,432000,Mon Jul 23 15:40:57 PDT 2018,,,39ZSFO5CAA6SGNLRFJUO2DZ2DRIUJ0,A1HOPXIP7RQ66R,Approved,Mon Jul 16 17:05:21 PDT 2018,Mon Jul 16 17:05:52 PDT 2018,Sat Jul 21 17:05:52 PDT 2018,Wed Jul 18 08:31:01 PDT 2018,,,31,100% (148/148),100% (148/148),100% (148/148),-4-QVR0Ymig,9,19,"Walk, footsteps",The sound of feet or shoes contacting the ground in conventional human locomotion.,0,1,{},1,temporal,{},1,1,1,1,1,1,1,1,1,1,1,1,1,1,1,0,0,0,0,0,0,0,1,1,1,1,0,0,0,0,0,0,0,0,0,0,0,0,0,0,{},"Mozilla/5.0 (Windows NT 10.0; Win64; x64) AppleWebKit/537.36 (KHTML, like Gecko) Chrome/67.0.3396.99 Safari/537.36",0,-4-QVR0Ymig
3K1H3NEY7M9TMZMAVGEU7G7BD6XDG7,3CM00QMEUMWAO45EUQFF7TCUAYEW69,Annotate when audio source appears in video,Watch a 10 second video clip and tell us when the source of a labeled sound appears in the frame of the video,"annotating, video, audio",$0.07,Mon Jul 16 15:40:57 PDT 2018,1,BatchId:3304669;OriginalHitTemplateId:920937336;,3600,432000,Mon Jul 23 15:40:57 PDT 2018,,,38SKSKU7R37T2MERONHNZPOJNK6LIP,AMWRKX8BJRLL2,Approved,Mon Jul 16 16:32:07 PDT 2018,Mon Jul 16 16:32:37 PDT 2018,Sat Jul 21 16:32:37 PDT 2018,Wed Jul 18 08:14:36 PDT 2018,,,30,98% (52/53),98% (52/53),98% (52/53),0vQY_wPclWw,2,12,"Walk, footsteps",The sound of feet or shoes contacting the ground in conventional human locomotion.,0,1,{},1,temporal,{},1,1,1,1,1,1,1,1,1,1,1,1,1,1,1,1,1,1,1,1,1,1,1,1,1,1,1,1,1,1,1,1,1,1,1,1,1,1,1,1,{},Mozilla/5.0 (Windows NT 6.1; rv:47.0) Gecko/20100101 Firefox/47.0,0,0vQY_wPclWw
3GL25Y684447CFNDXJD1ESU0PAKXM0,3CM00QMEUMWAO45EUQFF7TCUAYEW69,Annotate when audio source appears in video,Watch a 10 second video clip and tell us when the source of a labeled sound appears in the frame of the video,"annotating, video, audio",$0.07,Mon Jul 16 15:40:57 PDT 2018,1,BatchId:3304669;OriginalHitTemplateId:920937336;,3600,432000,Mon Jul 23 15:40:57 PDT 2018,,,36TFCYNS46KO6LKWWO2QA7IRUGTXHM,A1GCHGVZI4IXBM,Approved,Mon Jul 16 16:19:48 PDT 2018,Mon Jul 16 16:20:17 PDT 2018,Sat Jul 21 16:20:17 PDT 2018,Wed Jul 18 08:31:01 PDT 2018,,,29,100% (91/91),100% (91/91),100% (91/91),1wh78dz42_4,0,7,"Walk, footsteps",The sound of feet or shoes contacting the ground in conventional human locomotion.,0,1,{},1,temporal,{},1,1,1,1,1,1,1,1,1,1,1,1,1,1,1,1,1,1,1,1,1,1,1,1,1,0,0,0,,,,,,,,,,,,,{},"Mozilla/5.0 (Macintosh; Intel Mac OS X 10_13_5) AppleWebKit/537.36 (KHTML, like Gecko) Chrome/67.0.3396.99 Safari/537.36",0,1wh78dz42_4
3LEG2HW4UGX05PSZN7OVTCGVF082FO,3CM00QMEUMWAO45EUQFF7TCUAYEW69,Annotate when audio source appears in video,Watch a 10 second video clip and tell us when the source of a labeled sound appears in the frame of the video,"annotating, video, audio",$0.07,Mon Jul 16 15:40:57 PDT 2018,1,BatchId:3304669;OriginalHitTemplateId:920937336;,3600,432000,Mon Jul 23 15:40:57 PDT 2018,,,33CKWXB73LU5C9EPN6EYNBYJ8CO115,A19F75QCU199K8,Approved,Mon Jul 16 16:27:49 PDT 2018,Mon Jul 16 16:28:24 PDT 2018,Sat Jul 21 16:28:24 PDT 2018,Wed Jul 18 08:31:01 PDT 2018,,,35,100% (66/66),100% (66/66),100% (66/66),45Da73-gT4U,30,40,"Walk, footsteps",The sound of feet or shoes contacting the ground in conventional human locomotion.,0,1,{},1,temporal,{},0,0,0,0,1,0,1,1,0,0,0,0,1,1,1,1,1,1,1,1,1,0,0,0,0,0,1,1,1,1,1,1,1,1,1,1,0,0,0,0,{},Mozilla/5.0 (Macintosh; Intel Mac OS X 10.13; rv:61.0) Gecko/20100101 Firefox/61.0,0,45Da73-gT4U
3IVKZBIBJ1JDOK03CCR1NF5CT9JSHE,3CM00QMEUMWAO45EUQFF7TCUAYEW69,Annotate when audio source appears in video,Watch a 10 second video clip and tell us when the source of a labeled sound appears in the frame of the video,"annotating, video, audio",$0.07,Mon Jul 16 15:40:57 PDT 2018,1,BatchId:3304669;OriginalHitTemplateId:920937336;,3600,432000,Mon Jul 23 15:40:57 PDT 2018,,,37TD41K0AJJPTWNHGMI2084J29VCST,AMWRKX8BJRLL2,Approved,Mon Jul 16 16:32:43 PDT 2018,Mon Jul 16 16:33:10 PDT 2018,Sat Jul 21 16:33:10 PDT 2018,Wed Jul 18 08:14:37 PDT 2018,,,27,98% (52/53),98% (52/53),98% (52/53),tEeMrFJCrwA,350,360,"Walk, footsteps",The sound of feet or shoes contacting the ground in conventional human locomotion.,0,1,{},1,temporal,{},1,1,1,1,1,1,1,1,1,1,1,1,1,1,1,1,1,1,1,1,1,1,1,1,1,1,1,1,1,1,1,1,1,1,1,1,1,1,1,1,{},Mozilla/5.0 (Windows NT 6.1; rv:47.0) Gecko/20100101 Firefox/47.0,0,tEeMrFJCrwA
3MVY4USGB7XDKFBNIU9MNR6RTMYSI7,3CM00QMEUMWAO45EUQFF7TCUAYEW69,Annotate when audio source appears in video,Watch a 10 second video clip and tell us when the source of a labeled sound appears in the frame of the video,"annotating, video, audio",$0.07,Mon Jul 16 15:40:57 PDT 2018,1,BatchId:3304669;OriginalHitTemplateId:920937336;,3600,432000,Mon Jul 23 15:40:57 PDT 2018,,,3YOH7BII0BHN4MG92U45ZE1Y6M2VKY,AMWRKX8BJRLL2,Approved,Mon Jul 16 16:38:45 PDT 2018,Mon Jul 16 16:39:06 PDT 2018,Sat Jul 21 16:39:06 PDT 2018,Wed Jul 18 08:14:37 PDT 2018,,,21,98% (52/53),98% (52/53),98% (52/53),0d-Z3sfHN7c,30,40,"Walk, footsteps",The sound of feet or shoes contacting the ground in conventional human locomotion.,0,1,{},1,temporal,{},1,1,1,1,1,1,1,1,1,1,1,1,1,1,1,1,1,1,1,1,1,1,1,1,1,1,1,1,1,1,1,1,1,1,1,1,1,1,1,1,{},Mozilla/5.0 (Windows NT 6.1; rv:47.0) Gecko/20100101 Firefox/47.0,0,0d-Z3sfHN7c
3WRAAIUSBK96AEEO0GNW51Z0VTWAXU,3CM00QMEUMWAO45EUQFF7TCUAYEW69,Annotate when audio source appears in video,Watch a 10 second video clip and tell us when the source of a labeled sound appears in the frame of the video,"annotating, video, audio",$0.07,Mon Jul 16 15:40:57 PDT 2018,2,BatchId:3304669;OriginalHitTemplateId:920937336;,3600,432000,Wed Jul 25 08:13:18 PDT 2018,,,3AUQQEL7U73LRW95Y1UNGUMPSOR0VS,A10YCK3SJBI68T,Rejected,Mon Jul 16 16:30:38 PDT 2018,Mon Jul 16 16:31:00 PDT 2018,Sat Jul 21 16:31:00 PDT 2018,,Wed Jul 18 08:13:18 PDT 2018,you consistently do the hits wrong.,22,0% (0/95),0% (0/95),0% (0/95),2TtMSJn3m00,30,40,"Walk, footsteps",The sound of feet or shoes contacting the ground in conventional human locomotion.,0,1,{},1,temporal,{},1,1,1,1,1,1,1,1,1,1,1,1,1,1,1,1,1,1,1,1,1,1,1,1,1,1,1,1,1,1,1,1,1,1,1,1,1,1,1,1,{},"Mozilla/5.0 (Windows NT 10.0; Win64; x64) AppleWebKit/537.36 (KHTML, like Gecko) Chrome/67.0.3396.99 Safari/537.36",0,2TtMSJn3m00
341YLJU21J9KFGUPOFUGW9TNVS02IF,3CM00QMEUMWAO45EUQFF7TCUAYEW69,Annotate when audio source appears in video,Watch a 10 second video clip and tell us when the source of a labeled sound appears in the frame of the video,"annotating, video, audio",$0.07,Mon Jul 16 15:40:58 PDT 2018,1,BatchId:3304669;OriginalHitTemplateId:920937336;,3600,432000,Mon Jul 23 15:40:58 PDT 2018,,,31QTRG6Q2VN5J78UKXWX2URRICWYPV,A1GCHGVZI4IXBM,Approved,Mon Jul 16 16:18:48 PDT 2018,Mon Jul 16 16:19:30 PDT 2018,Sat Jul 21 16:19:30 PDT 2018,Wed Jul 18 08:31:02 PDT 2018,,,42,100% (91/91),100% (91/91),100% (91/91),0TgNW1DdffE,30,40,"Walk, footsteps",The sound of feet or shoes contacting the ground in conventional human locomotion.,0,1,{},1,temporal,{},0,0,0,0,0,0,0,0,0,0,0,0,0,0,0,0,1,1,1,1,1,1,1,1,1,0,0,0,0,0,0,0,0,0,0,0,0,0,0,0,{},"Mozilla/5.0 (Macintosh; Intel Mac OS X 10_13_5) AppleWebKit/537.36 (KHTML, like Gecko) Chrome/67.0.3396.99 Safari/537.36",0,0TgNW1DdffE
356TQKY9XG7YCBFIL5ZKFBGH3CH87T,3CM00QMEUMWAO45EUQFF7TCUAYEW69,Annotate when audio source appears in video,Watch a 10 second video clip and tell us when the source of a labeled sound appears in the frame of the video,"annotating, video, audio",$0.07,Mon Jul 16 15:40:58 PDT 2018,1,BatchId:3304669;OriginalHitTemplateId:920937336;,3600,432000,Mon Jul 23 15:40:58 PDT 2018,,,3AMYWKA6YDWLFNMNZEOQU3289X3O60,A3955NOPGJSS27,Approved,Mon Jul 16 16:09:50 PDT 2018,Mon Jul 16 16:11:10 PDT 2018,Sat Jul 21 16:11:10 PDT 2018,Wed Jul 18 08:14:31 PDT 2018,,,80,100% (52/52),100% (52/52),100% (52/52),2tbhV5KBPbg,30,40,"Walk, footsteps",The sound of feet or shoes contacting the ground in conventional human locomotion.,0,1,{},1,temporal,{},0,0,0,0,0,0,0,0,0,0,0,0,0,0,0,0,0,0,0,0,0,0,0,0,0,0,0,1,1,1,1,1,1,1,1,1,1,1,1,1,{},"Mozilla/5.0 (Windows NT 6.1) AppleWebKit/537.36 (KHTML, like Gecko) Chrome/67.0.3396.99 Safari/537.36",0,2tbhV5KBPbg
3JTPR5MTZTM3K83061HQ7WBC76G5KU,3CM00QMEUMWAO45EUQFF7TCUAYEW69,Annotate when audio source appears in video,Watch a 10 second video clip and tell us when the source of a labeled sound appears in the frame of the video,"annotating, video, audio",$0.07,Mon Jul 16 15:40:58 PDT 2018,1,BatchId:3304669;OriginalHitTemplateId:920937336;,3600,432000,Mon Jul 23 15:40:58 PDT 2018,,,3EICBYG6466WUT4RTS9O87DW6QOCJJ,A1L4RGAJ64MKN3,Approved,Mon Jul 16 16:39:55 PDT 2018,Mon Jul 16 16:40:32 PDT 2018,Sat Jul 21 16:40:32 PDT 2018,Wed Jul 18 08:31:02 PDT 2018,,,37,100% (87/87),100% (87/87),100% (87/87),PtBv4fKPllM,0,10,"Walk, footsteps",The sound of feet or shoes contacting the ground in conventional human locomotion.,0,1,{},1,temporal,{},0,0,0,0,0,0,0,0,0,0,0,1,1,1,1,1,1,1,1,1,1,1,1,1,1,1,1,1,1,1,1,1,0,0,0,0,0,0,0,0,{},"Mozilla/5.0 (Windows NT 10.0; Win64; x64) AppleWebKit/537.36 (KHTML, like Gecko) Chrome/67.0.3396.99 Safari/537.36",0,PtBv4fKPllM
3FVBZG9CLKODNBGR3A8HD9ZTYH10H0,3CM00QMEUMWAO45EUQFF7TCUAYEW69,Annotate when audio source appears in video,Watch a 10 second video clip and tell us when the source of a labeled sound appears in the frame of the video,"annotating, video, audio",$0.07,Mon Jul 16 15:40:58 PDT 2018,1,BatchId:3304669;OriginalHitTemplateId:920937336;,3600,432000,Mon Jul 23 15:40:58 PDT 2018,,,3OUYGIZWR988MCC9CPLOA2X760O0P5,A1HOPXIP7RQ66R,Approved,Mon Jul 16 16:27:45 PDT 2018,Mon Jul 16 16:28:21 PDT 2018,Sat Jul 21 16:28:21 PDT 2018,Wed Jul 18 08:31:02 PDT 2018,,,36,100% (148/148),100% (148/148),100% (148/148),1Jo_RkccI-E,30,40,"Walk, footsteps",The sound of feet or shoes contacting the ground in conventional human locomotion.,0,1,{},1,temporal,{},0,0,1,1,1,1,1,1,1,1,1,1,1,1,1,1,1,1,1,1,1,1,1,1,1,1,1,1,1,1,1,1,1,1,1,1,1,1,1,1,{},"Mozilla/5.0 (Windows NT 10.0; Win64; x64) AppleWebKit/537.36 (KHTML, like Gecko) Chrome/67.0.3396.99 Safari/537.36",0,1Jo_RkccI-E
3OCZWXS7ZPHE4ELIR1TRMWORW6L5LX,3CM00QMEUMWAO45EUQFF7TCUAYEW69,Annotate when audio source appears in video,Watch a 10 second video clip and tell us when the source of a labeled sound appears in the frame of the video,"annotating, video, audio",$0.07,Mon Jul 16 15:40:58 PDT 2018,1,BatchId:3304669;OriginalHitTemplateId:920937336;,3600,432000,Mon Jul 23 15:40:58 PDT 2018,,,3TUI152ZZDXTTDY68L4DOC6RGN1Q18,AMWRKX8BJRLL2,Approved,Mon Jul 16 16:02:29 PDT 2018,Mon Jul 16 16:03:35 PDT 2018,Sat Jul 21 16:03:35 PDT 2018,Wed Jul 18 08:14:37 PDT 2018,,,66,98% (52/53),98% (52/53),98% (52/53),5bAxwhKaeQk,17,27,"Walk, footsteps",The sound of feet or shoes contacting the ground in conventional human locomotion.,0,1,{},1,temporal,{},1,1,1,1,1,1,1,1,1,1,1,1,1,1,1,1,1,1,1,1,1,1,1,1,1,1,1,1,1,1,1,1,1,1,1,1,1,1,1,1,{},Mozilla/5.0 (Windows NT 6.1; rv:47.0) Gecko/20100101 Firefox/47.0,0,5bAxwhKaeQk
31KPKEKW4BN3WYD53IYLRYWV34WB0V,3CM00QMEUMWAO45EUQFF7TCUAYEW69,Annotate when audio source appears in video,Watch a 10 second video clip and tell us when the source of a labeled sound appears in the frame of the video,"annotating, video, audio",$0.07,Mon Jul 16 15:40:58 PDT 2018,2,BatchId:3304669;OriginalHitTemplateId:920937336;,3600,432000,Wed Jul 25 08:13:18 PDT 2018,,,3FUI0JHJPZ8XWF6JXE60ZXSD4F733G,A10YCK3SJBI68T,Rejected,Mon Jul 16 16:13:20 PDT 2018,Mon Jul 16 16:13:58 PDT 2018,Sat Jul 21 16:13:58 PDT 2018,,Wed Jul 18 08:13:18 PDT 2018,you consistently do the hits wrong.,38,0% (0/95),0% (0/95),0% (0/95),1-Qg-02BQ70,30,40,"Walk, footsteps",The sound of feet or shoes contacting the ground in conventional human locomotion.,0,1,{},1,temporal,{},1,1,1,1,1,1,1,1,1,1,1,1,1,1,1,1,1,1,1,1,1,1,1,1,1,1,1,1,1,1,1,1,1,1,1,1,1,1,1,0,{},"Mozilla/5.0 (Windows NT 10.0; Win64; x64) AppleWebKit/537.36 (KHTML, like Gecko) Chrome/67.0.3396.99 Safari/537.36",0,1-Qg-02BQ70
30EMX9PEVLT4QA1BIXUY07L4LQNSKI,3CM00QMEUMWAO45EUQFF7TCUAYEW69,Annotate when audio source appears in video,Watch a 10 second video clip and tell us when the source of a labeled sound appears in the frame of the video,"annotating, video, audio",$0.07,Mon Jul 16 15:40:58 PDT 2018,1,BatchId:3304669;OriginalHitTemplateId:920937336;,3600,432000,Mon Jul 23 15:40:58 PDT 2018,,,3KKG4CDWKK84TDE3E1CT0FN5I8G94T,AMWRKX8BJRLL2,Approved,Mon Jul 16 16:19:04 PDT 2018,Mon Jul 16 16:19:51 PDT 2018,Sat Jul 21 16:19:51 PDT 2018,Wed Jul 18 08:14:37 PDT 2018,,,47,98% (52/53),98% (52/53),98% (52/53),tgv4BVfpqAY,70,80,"Walk, footsteps",The sound of feet or shoes contacting the ground in conventional human locomotion.,0,1,{},1,temporal,{},0,0,0,0,0,0,0,1,1,1,1,1,1,1,1,1,1,1,1,1,1,1,1,1,0,0,0,0,0,0,0,0,0,0,0,0,0,0,0,0,{},Mozilla/5.0 (Windows NT 6.1; rv:47.0) Gecko/20100101 Firefox/47.0,0,tgv4BVfpqAY
388CL5C1RKXQK75DS3U0BTRH1FCHLQ,3CM00QMEUMWAO45EUQFF7TCUAYEW69,Annotate when audio source appears in video,Watch a 10 second video clip and tell us when the source of a labeled sound appears in the frame of the video,"annotating, video, audio",$0.07,Mon Jul 16 15:40:58 PDT 2018,1,BatchId:3304669;OriginalHitTemplateId:920937336;,3600,432000,Mon Jul 23 15:40:58 PDT 2018,,,3QXNC7EIPK5NUPW2V0PROCXS1VX09Z,A3PVHICLVK2UFJ,Approved,Mon Jul 16 16:13:20 PDT 2018,Mon Jul 16 16:15:35 PDT 2018,Sat Jul 21 16:15:35 PDT 2018,Wed Jul 18 08:14:32 PDT 2018,,,135,100% (25/25),100% (25/25),100% (25/25),ymwIXOaSCFo,80,90,"Walk, footsteps",The sound of feet or shoes contacting the ground in conventional human locomotion.,0,1,{},1,temporal,{},1,1,1,1,1,1,1,1,1,1,1,1,1,1,1,1,1,1,1,1,1,1,1,1,1,1,1,1,1,1,1,1,1,1,1,1,1,1,1,1,{},"Mozilla/5.0 (Windows NT 10.0; Win64; x64) AppleWebKit/537.36 (KHTML, like Gecko) Chrome/67.0.3396.99 Safari/537.36",0,ymwIXOaSCFo
37S0QRNUFCQ2CPK1VARQTBCCEWN88G,3CM00QMEUMWAO45EUQFF7TCUAYEW69,Annotate when audio source appears in video,Watch a 10 second video clip and tell us when the source of a labeled sound appears in the frame of the video,"annotating, video, audio",$0.07,Mon Jul 16 15:40:58 PDT 2018,1,BatchId:3304669;OriginalHitTemplateId:920937336;,3600,432000,Mon Jul 23 15:40:58 PDT 2018,,,3FDJT1UU76I66S1UW3MSVG7ZTZ05K3,A9LX66EQWDRQ5,Approved,Mon Jul 16 17:12:42 PDT 2018,Mon Jul 16 17:13:36 PDT 2018,Sat Jul 21 17:13:36 PDT 2018,Wed Jul 18 08:14:34 PDT 2018,,,54,100% (472/472),100% (472/472),100% (472/472),0gPDnn-7Glk,30,40,"Walk, footsteps",The sound of feet or shoes contacting the ground in conventional human locomotion.,0,1,{},1,temporal,{},0,0,0,0,0,0,0,0,0,0,0,0,0,0,0,0,0,0,0,0,0,1,1,1,1,1,1,1,1,1,1,1,1,1,1,1,1,1,0,0,{},"Mozilla/5.0 (Windows NT 10.0; Win64; x64) AppleWebKit/537.36 (KHTML, like Gecko) Chrome/67.0.3396.99 Safari/537.36",0,0gPDnn-7Glk
3DQYSJDTYML90RV0GLPI1KPRG8UEXT,3CM00QMEUMWAO45EUQFF7TCUAYEW69,Annotate when audio source appears in video,Watch a 10 second video clip and tell us when the source of a labeled sound appears in the frame of the video,"annotating, video, audio",$0.07,Mon Jul 16 15:40:58 PDT 2018,1,BatchId:3304669;OriginalHitTemplateId:920937336;,3600,432000,Mon Jul 23 15:40:58 PDT 2018,,,3X31TUMD7ZWI2GITGGWH7Q7X6JV1LF,A1HOPXIP7RQ66R,Approved,Mon Jul 16 17:09:23 PDT 2018,Mon Jul 16 17:09:53 PDT 2018,Sat Jul 21 17:09:53 PDT 2018,Wed Jul 18 08:31:03 PDT 2018,,,30,100% (148/148),100% (148/148),100% (148/148),SwLuF8mEVd8,0,10,"Walk, footsteps",The sound of feet or shoes contacting the ground in conventional human locomotion.,0,1,{},1,temporal,{},1,1,1,1,1,1,1,1,1,1,1,1,1,1,1,1,1,1,1,1,1,1,1,1,1,1,1,1,1,1,1,1,1,1,1,1,1,1,1,1,{},"Mozilla/5.0 (Windows NT 10.0; Win64; x64) AppleWebKit/537.36 (KHTML, like Gecko) Chrome/67.0.3396.99 Safari/537.36",0,SwLuF8mEVd8
3JVP4ZJHDQ2DJ6RB9SQ2DL08YUG0IT,3CM00QMEUMWAO45EUQFF7TCUAYEW69,Annotate when audio source appears in video,Watch a 10 second video clip and tell us when the source of a labeled sound appears in the frame of the video,"annotating, video, audio",$0.07,Mon Jul 16 15:40:58 PDT 2018,1,BatchId:3304669;OriginalHitTemplateId:920937336;,3600,432000,Mon Jul 23 15:40:58 PDT 2018,,,3COPXFW7XDMAZ2JDGIV6TMCGKXLPKP,A22JC7TQU1W4YU,Approved,Mon Jul 16 16:14:28 PDT 2018,Mon Jul 16 16:16:15 PDT 2018,Sat Jul 21 16:16:15 PDT 2018,Wed Jul 18 08:31:03 PDT 2018,,,107,99% (142/143),99% (142/143),99% (142/143),8gPCt0LegYY,2,12,"Walk, footsteps",The sound of feet or shoes contacting the ground in conventional human locomotion.,0,1,{},1,temporal,{},0,1,1,0,1,1,0,0,1,0,0,0,1,1,0,1,0,0,0,1,0,1,1,0,0,1,0,1,0,1,0,0,1,0,0,0,0,0,0,0,{},"Mozilla/5.0 (Windows NT 6.1; Win64; x64) AppleWebKit/537.36 (KHTML, like Gecko) Chrome/67.0.3396.99 Safari/537.36",0,8gPCt0LegYY
31N9JPQXIQSG878Y4GAFOLV66ACHNS,3CM00QMEUMWAO45EUQFF7TCUAYEW69,Annotate when audio source appears in video,Watch a 10 second video clip and tell us when the source of a labeled sound appears in the frame of the video,"annotating, video, audio",$0.07,Mon Jul 16 15:40:59 PDT 2018,1,BatchId:3304669;OriginalHitTemplateId:920937336;,3600,432000,Mon Jul 23 15:40:59 PDT 2018,,,34PGFRQONQL58RAWAJ9PK1KZY6YJWR,AJTBZBDLI17UD,Approved,Mon Jul 16 16:30:04 PDT 2018,Mon Jul 16 16:31:26 PDT 2018,Sat Jul 21 16:31:26 PDT 2018,Wed Jul 18 08:14:35 PDT 2018,,,82,100% (105/105),100% (105/105),100% (105/105),upBLRPnLgZo,220,230,"Walk, footsteps",The sound of feet or shoes contacting the ground in conventional human locomotion.,0,1,{},1,temporal,{},0,0,1,1,0,0,0,0,0,0,0,0,0,0,0,0,0,0,0,0,0,1,1,1,1,1,1,1,1,1,1,1,1,0,0,0,0,0,1,1,{},"Mozilla/5.0 (Windows NT 10.0; Win64; x64) AppleWebKit/537.36 (KHTML, like Gecko) Chrome/67.0.3396.99 Safari/537.36",0,upBLRPnLgZo
3N3WJQXELT0M5H2V9IRTOPLFCWU2LT,3CM00QMEUMWAO45EUQFF7TCUAYEW69,Annotate when audio source appears in video,Watch a 10 second video clip and tell us when the source of a labeled sound appears in the frame of the video,"annotating, video, audio",$0.07,Mon Jul 16 15:40:59 PDT 2018,1,BatchId:3304669;OriginalHitTemplateId:920937336;,3600,432000,Mon Jul 23 15:40:59 PDT 2018,,,3FTYUGLFSWVYSMVK4M05R3C99OKD5B,A2JY56TZCEPK3J,Approved,Mon Jul 16 16:07:20 PDT 2018,Mon Jul 16 16:08:21 PDT 2018,Sat Jul 21 16:08:21 PDT 2018,Wed Jul 18 08:31:03 PDT 2018,,,61,100% (55/55),100% (55/55),100% (55/55),-K5NbVkcOXc,30,40,"Walk, footsteps",The sound of feet or shoes contacting the ground in conventional human locomotion.,0,1,{},1,temporal,{},1,1,1,1,1,1,1,1,1,1,1,1,1,1,1,1,1,1,1,1,1,1,1,1,1,1,1,1,1,1,1,1,1,1,1,1,1,1,1,1,{},"Mozilla/5.0 (Windows NT 6.1) AppleWebKit/537.36 (KHTML, like Gecko) Chrome/67.0.3396.99 Safari/537.36",0,-K5NbVkcOXc
306996CF6XU33NYNZ12L53F58W2B1Y,3CM00QMEUMWAO45EUQFF7TCUAYEW69,Annotate when audio source appears in video,Watch a 10 second video clip and tell us when the source of a labeled sound appears in the frame of the video,"annotating, video, audio",$0.07,Mon Jul 16 15:40:59 PDT 2018,1,BatchId:3304669;OriginalHitTemplateId:920937336;,3600,432000,Mon Jul 23 15:40:59 PDT 2018,,,31Z0PCVWUMPKWF50E5FHUR8R3G7T7T,A1HOPXIP7RQ66R,Approved,Mon Jul 16 16:17:06 PDT 2018,Mon Jul 16 16:17:34 PDT 2018,Sat Jul 21 16:17:34 PDT 2018,Wed Jul 18 08:31:03 PDT 2018,,,28,100% (148/148),100% (148/148),100% (148/148),59mgzia96XQ,50,60,"Walk, footsteps",The sound of feet or shoes contacting the ground in conventional human locomotion.,0,1,{},1,temporal,{},0,0,1,1,1,1,1,1,1,1,1,1,1,1,1,1,1,1,1,1,1,1,1,1,1,1,1,1,1,1,1,1,1,1,1,1,1,1,1,1,{},"Mozilla/5.0 (Windows NT 10.0; Win64; x64) AppleWebKit/537.36 (KHTML, like Gecko) Chrome/67.0.3396.99 Safari/537.36",0,59mgzia96XQ
372AGES0I5FY9V052R9I0ROAVXJXRO,3CM00QMEUMWAO45EUQFF7TCUAYEW69,Annotate when audio source appears in video,Watch a 10 second video clip and tell us when the source of a labeled sound appears in the frame of the video,"annotating, video, audio",$0.07,Mon Jul 16 15:41:00 PDT 2018,1,BatchId:3304669;OriginalHitTemplateId:920937336;,3600,432000,Mon Jul 23 15:41:00 PDT 2018,,,3R8YZBNQ9JS74ZD8X1LMPMX4J95Q79,A19F75QCU199K8,Approved,Mon Jul 16 16:11:02 PDT 2018,Mon Jul 16 16:11:50 PDT 2018,Sat Jul 21 16:11:50 PDT 2018,Wed Jul 18 08:31:04 PDT 2018,,,48,100% (66/66),100% (66/66),100% (66/66),rZ9c7IilqYg,40,50,"Walk, footsteps",The sound of feet or shoes contacting the ground in conventional human locomotion.,0,1,Visual is a reflection in the car body.,1,temporal,{},1,1,1,1,1,1,1,1,1,1,1,1,1,1,0,0,0,1,1,1,1,1,0,0,0,0,0,0,0,0,0,0,0,0,0,0,0,0,0,0,{},Mozilla/5.0 (Macintosh; Intel Mac OS X 10.13; rv:61.0) Gecko/20100101 Firefox/61.0,0,rZ9c7IilqYg
36FFXPMSTAYYQS8A5VAS3AVBWKHHO7,3CM00QMEUMWAO45EUQFF7TCUAYEW69,Annotate when audio source appears in video,Watch a 10 second video clip and tell us when the source of a labeled sound appears in the frame of the video,"annotating, video, audio",$0.07,Mon Jul 16 15:41:00 PDT 2018,2,BatchId:3304669;OriginalHitTemplateId:920937336;,3600,432000,Wed Jul 25 08:13:19 PDT 2018,,,3DI28L7YXCO4WA81ZU9DUVHDXLT1EP,A10YCK3SJBI68T,Rejected,Mon Jul 16 16:29:45 PDT 2018,Mon Jul 16 16:30:06 PDT 2018,Sat Jul 21 16:30:06 PDT 2018,,Wed Jul 18 08:13:18 PDT 2018,you consistently do the hits wrong.,21,0% (0/95),0% (0/95),0% (0/95),VVMkSmi3NXA,0,7,"Walk, footsteps",The sound of feet or shoes contacting the ground in conventional human locomotion.,0,1,{},1,temporal,{},1,1,1,1,1,1,1,1,1,1,1,1,1,1,1,1,1,1,1,1,1,1,1,1,1,1,1,1,,,,,,,,,,,,,{},"Mozilla/5.0 (Windows NT 10.0; Win64; x64) AppleWebKit/537.36 (KHTML, like Gecko) Chrome/67.0.3396.99 Safari/537.36",0,VVMkSmi3NXA
3YLTXLH3DGGGBSKBKVN7SA016PDHPO,3CM00QMEUMWAO45EUQFF7TCUAYEW69,Annotate when audio source appears in video,Watch a 10 second video clip and tell us when the source of a labeled sound appears in the frame of the video,"annotating, video, audio",$0.07,Mon Jul 16 15:41:00 PDT 2018,1,BatchId:3304669;OriginalHitTemplateId:920937336;,3600,432000,Mon Jul 23 15:41:00 PDT 2018,,,3E4GGUZ1TA1E7VI7EKKUX94N9O12KP,A2JY56TZCEPK3J,Approved,Mon Jul 16 16:27:01 PDT 2018,Mon Jul 16 16:29:04 PDT 2018,Sat Jul 21 16:29:04 PDT 2018,Wed Jul 18 08:31:04 PDT 2018,,,123,100% (55/55),100% (55/55),100% (55/55),vMXrqiPkkPA,30,40,"Walk, footsteps",The sound of feet or shoes contacting the ground in conventional human locomotion.,0,1,{},1,temporal,{},0,0,1,1,1,1,1,1,1,1,1,1,1,1,1,1,1,1,1,1,1,1,1,0,0,0,0,0,0,0,0,0,0,0,0,0,0,0,0,0,{},"Mozilla/5.0 (Windows NT 6.1) AppleWebKit/537.36 (KHTML, like Gecko) Chrome/67.0.3396.99 Safari/537.36",0,vMXrqiPkkPA
3087LXLJ6NQT9FPL8KKHAONGI2OF0H,3CM00QMEUMWAO45EUQFF7TCUAYEW69,Annotate when audio source appears in video,Watch a 10 second video clip and tell us when the source of a labeled sound appears in the frame of the video,"annotating, video, audio",$0.07,Mon Jul 16 15:41:00 PDT 2018,1,BatchId:3304669;OriginalHitTemplateId:920937336;,3600,432000,Mon Jul 23 15:41:00 PDT 2018,,,3VA45EW49PXQ81LQT8C9Z7BR1NBO1S,A1HOPXIP7RQ66R,Approved,Mon Jul 16 16:45:13 PDT 2018,Mon Jul 16 16:45:45 PDT 2018,Sat Jul 21 16:45:45 PDT 2018,Wed Jul 18 08:31:04 PDT 2018,,,32,100% (148/148),100% (148/148),100% (148/148),13lxkka1iIc,20,30,"Walk, footsteps",The sound of feet or shoes contacting the ground in conventional human locomotion.,0,1,{},1,temporal,{},1,1,1,1,1,1,1,1,1,1,1,1,0,0,0,0,0,0,0,0,0,0,1,1,1,1,1,1,1,1,1,1,1,1,1,1,1,1,1,1,{},"Mozilla/5.0 (Windows NT 10.0; Win64; x64) AppleWebKit/537.36 (KHTML, like Gecko) Chrome/67.0.3396.99 Safari/537.36",0,13lxkka1iIc
3LAZVA75NJ1UB25SMA7LG6P971Z2OA,3CM00QMEUMWAO45EUQFF7TCUAYEW69,Annotate when audio source appears in video,Watch a 10 second video clip and tell us when the source of a labeled sound appears in the frame of the video,"annotating, video, audio",$0.07,Mon Jul 16 15:41:00 PDT 2018,2,BatchId:3304669;OriginalHitTemplateId:920937336;,3600,432000,Wed Jul 25 08:13:19 PDT 2018,,,3LOZAJ85YFNKRVHED3ZJN3CP5W92X5,A10YCK3SJBI68T,Rejected,Mon Jul 16 16:15:11 PDT 2018,Mon Jul 16 16:15:45 PDT 2018,Sat Jul 21 16:15:45 PDT 2018,,Wed Jul 18 08:13:18 PDT 2018,you consistently do the hits wrong.,34,0% (0/95),0% (0/95),0% (0/95),Qy8h7JbGXG0,30,40,"Walk, footsteps",The sound of feet or shoes contacting the ground in conventional human locomotion.,0,1,{},1,temporal,{},1,1,1,1,1,1,1,1,1,1,1,1,1,1,1,1,1,1,1,1,1,1,1,1,1,1,1,1,1,1,1,1,1,1,1,1,1,1,1,1,{},"Mozilla/5.0 (Windows NT 10.0; Win64; x64) AppleWebKit/537.36 (KHTML, like Gecko) Chrome/67.0.3396.99 Safari/537.36",0,Qy8h7JbGXG0
