HITId,HITTypeId,Title,Description,Keywords,Reward,CreationTime,MaxAssignments,RequesterAnnotation,AssignmentDurationInSeconds,AutoApprovalDelayInSeconds,Expiration,NumberOfSimilarHITs,LifetimeInSeconds,AssignmentId,WorkerId,AssignmentStatus,AcceptTime,SubmitTime,AutoApprovalTime,ApprovalTime,RejectionTime,RequesterFeedback,WorkTimeInSeconds,LifetimeApprovalRate,Last30DaysApprovalRate,Last7DaysApprovalRate,Input.ytid,Input.start,Input.end,Input.label,Input.description,Answer.clickedInstructions,Answer.clickedPlay,Answer.comments,Answer.contains,Answer.identifier,Answer.improve,Answer.loc-00,Answer.loc-01,Answer.loc-02,Answer.loc-03,Answer.loc-04,Answer.loc-05,Answer.loc-06,Answer.loc-07,Answer.loc-08,Answer.loc-09,Answer.loc-10,Answer.loc-11,Answer.loc-12,Answer.loc-13,Answer.loc-14,Answer.loc-15,Answer.loc-16,Answer.loc-17,Answer.loc-18,Answer.loc-19,Answer.loc-20,Answer.loc-21,Answer.loc-22,Answer.loc-23,Answer.loc-24,Answer.loc-25,Answer.loc-26,Answer.loc-27,Answer.loc-28,Answer.loc-29,Answer.loc-30,Answer.loc-31,Answer.loc-32,Answer.loc-33,Answer.loc-34,Answer.loc-35,Answer.loc-36,Answer.loc-37,Answer.loc-38,Answer.loc-39,Answer.reason,Answer.userAgent,Answer.youtubeError,Answer.ytid,Approve,Reject
3MVY4USGB7XDKFBNIU9MNR6RTAAISL,3CM00QMEUMWAO45EUQFF7TCUAYEW69,Annotate when audio source appears in video,Watch a 10 second video clip and tell us when the source of a labeled sound appears in the frame of the video,"annotating, video, audio",$0.07,Mon Jul 09 12:55:16 PDT 2018,1,BatchId:3296187;OriginalHitTemplateId:920937336;,3600,432000,Mon Jul 16 12:55:16 PDT 2018,,,36V4Q8R5ZMAQP2KV17NB84UUDWOQM3,AM147DT7IA6Z9,Approved,Mon Jul 09 13:56:44 PDT 2018,Mon Jul 09 13:57:17 PDT 2018,Sat Jul 14 13:57:17 PDT 2018,2018-07-14 20:58:00 UTC,,,33,100% (11/11),100% (11/11),100% (11/11),YqjfY8iYoQQ,120,130,Rapping,"The sound of ""spoken or chanted rhyming lyrics"", serving the role of a vocal line in music but with normal speech intonation instead of a melodic line.",0,1,{},1,temporal,{},1,1,1,1,1,1,1,1,1,1,1,1,1,1,1,1,1,1,1,1,1,1,1,1,1,1,1,1,1,1,1,1,1,1,1,1,1,1,1,1,{},"Mozilla/5.0 (Windows NT 6.1; Win64; x64) AppleWebKit/537.36 (KHTML, like Gecko) Chrome/67.0.3396.99 Safari/537.36",0,YqjfY8iYoQQ,,
3MVY4USGB7XDKFBNIU9MNR6RTAASIV,3CM00QMEUMWAO45EUQFF7TCUAYEW69,Annotate when audio source appears in video,Watch a 10 second video clip and tell us when the source of a labeled sound appears in the frame of the video,"annotating, video, audio",$0.07,Mon Jul 09 12:55:16 PDT 2018,1,BatchId:3296187;OriginalHitTemplateId:920937336;,3600,432000,Mon Jul 16 12:55:16 PDT 2018,,,3H7Z272LX9HLJ81V1I778MPV8VNPLK,A377TAR5S3BU74,Approved,Mon Jul 09 14:25:32 PDT 2018,Mon Jul 09 14:36:18 PDT 2018,Sat Jul 14 14:36:18 PDT 2018,2018-07-14 21:37:00 UTC,,,646,100% (258/258),100% (258/258),100% (206/206),rJBuoMGEVUo,60,70,Rapping,"The sound of ""spoken or chanted rhyming lyrics"", serving the role of a vocal line in music but with normal speech intonation instead of a melodic line.",0,1,{},1,temporal,{},1,1,1,1,1,1,1,1,1,1,1,1,1,1,1,1,1,1,1,1,1,1,1,1,1,1,1,1,1,1,1,1,1,1,1,1,1,1,1,1,{},"Mozilla/5.0 (Windows NT 10.0; Win64; x64) AppleWebKit/537.36 (KHTML, like Gecko) Chrome/67.0.3396.99 Safari/537.36",0,rJBuoMGEVUo,,
335HHSX8CEF7MVHLFMWCSGJCSULDHT,3CM00QMEUMWAO45EUQFF7TCUAYEW69,Annotate when audio source appears in video,Watch a 10 second video clip and tell us when the source of a labeled sound appears in the frame of the video,"annotating, video, audio",$0.07,Mon Jul 09 12:55:17 PDT 2018,1,BatchId:3296187;OriginalHitTemplateId:920937336;,3600,432000,Mon Jul 16 12:55:17 PDT 2018,,,3Q5ZZ9ZEVQPMBRZTNEPP5BY8XUG85M,A377TAR5S3BU74,Approved,Mon Jul 09 12:56:26 PDT 2018,Mon Jul 09 12:56:53 PDT 2018,Sat Jul 14 12:56:53 PDT 2018,2018-07-14 19:57:00 UTC,,,27,100% (258/258),100% (258/258),100% (206/206),BKhMf97EH-8,30,40,Rapping,"The sound of ""spoken or chanted rhyming lyrics"", serving the role of a vocal line in music but with normal speech intonation instead of a melodic line.",0,1,{},1,temporal,{},0,0,0,0,0,0,0,0,0,0,0,0,0,0,0,0,0,0,0,0,0,0,0,0,0,0,0,0,0,0,0,0,0,0,1,1,1,1,1,1,{},"Mozilla/5.0 (Windows NT 10.0; Win64; x64) AppleWebKit/537.36 (KHTML, like Gecko) Chrome/67.0.3396.99 Safari/537.36",0,BKhMf97EH-8,,
3MQY1YVHS4UAS8GJI52ZAMPA0QRB22,3CM00QMEUMWAO45EUQFF7TCUAYEW69,Annotate when audio source appears in video,Watch a 10 second video clip and tell us when the source of a labeled sound appears in the frame of the video,"annotating, video, audio",$0.07,Mon Jul 09 12:55:17 PDT 2018,1,BatchId:3296187;OriginalHitTemplateId:920937336;,3600,432000,Mon Jul 16 12:55:17 PDT 2018,,,33OOO72IVJVQ8W0W5MNSAD053OSCTS,ATHS9GUME1XCA,Approved,Mon Jul 09 13:04:51 PDT 2018,Mon Jul 09 13:05:40 PDT 2018,Sat Jul 14 13:05:40 PDT 2018,2018-07-14 20:06:00 UTC,,,49,100% (9/9),100% (9/9),100% (3/3),QXdeL2jJgYU,30,40,Rapping,"The sound of ""spoken or chanted rhyming lyrics"", serving the role of a vocal line in music but with normal speech intonation instead of a melodic line.",0,1,{},1,temporal,{},1,1,1,1,1,1,1,1,1,1,1,1,1,1,1,1,1,1,1,1,1,1,1,1,1,1,1,0,0,0,0,0,0,0,0,0,0,0,0,0,{},"Mozilla/5.0 (Windows NT 10.0; Win64; x64) AppleWebKit/537.36 (KHTML, like Gecko) Chrome/67.0.3396.99 Safari/537.36",0,QXdeL2jJgYU,,
3QO7EE372PXRKRI4KGS064NDGW5QBV,3CM00QMEUMWAO45EUQFF7TCUAYEW69,Annotate when audio source appears in video,Watch a 10 second video clip and tell us when the source of a labeled sound appears in the frame of the video,"annotating, video, audio",$0.07,Mon Jul 09 12:55:17 PDT 2018,1,BatchId:3296187;OriginalHitTemplateId:920937336;,3600,432000,Mon Jul 16 12:55:17 PDT 2018,,,3Z2R0DQ0JJOBLVQXIY9RZERIOOIE2N,A2C9HJC2RDU10C,Approved,Mon Jul 09 13:53:51 PDT 2018,Mon Jul 09 13:56:28 PDT 2018,Sat Jul 14 13:56:28 PDT 2018,2018-07-14 20:57:00 UTC,,,157,100% (40/40),100% (40/40),100% (40/40),yqgFctlOdAQ,20,30,Rapping,"The sound of ""spoken or chanted rhyming lyrics"", serving the role of a vocal line in music but with normal speech intonation instead of a melodic line.",1,1,{},1,temporal,{},0,0,0,0,1,1,1,1,1,1,1,1,1,1,1,1,1,1,1,1,1,1,1,1,1,1,1,1,1,1,1,1,1,1,1,1,0,0,0,0,{},"Mozilla/5.0 (Windows NT 10.0; Win64; x64) AppleWebKit/537.36 (KHTML, like Gecko) Chrome/58.0.3029.110 Safari/537.36 Edge/16.16299",0,yqgFctlOdAQ,,
37J05LC5AYT3D1CB3MZX4TZR5MPDJY,3CM00QMEUMWAO45EUQFF7TCUAYEW69,Annotate when audio source appears in video,Watch a 10 second video clip and tell us when the source of a labeled sound appears in the frame of the video,"annotating, video, audio",$0.07,Mon Jul 09 12:55:17 PDT 2018,1,BatchId:3296187;OriginalHitTemplateId:920937336;,3600,432000,Mon Jul 16 12:55:17 PDT 2018,,,3R8YZBNQ9JS74ZD8X1LMPMX4I71Q70,A20F1SLHKHBUT3,Approved,Mon Jul 09 14:18:57 PDT 2018,Mon Jul 09 14:34:18 PDT 2018,Sat Jul 14 14:34:18 PDT 2018,2018-07-14 21:35:00 UTC,,,921,100% (674/674),100% (674/674),100% (574/574),AWWzMUbvP50,50,60,Rapping,"The sound of ""spoken or chanted rhyming lyrics"", serving the role of a vocal line in music but with normal speech intonation instead of a melodic line.",0,1,{},1,temporal,{},1,1,1,1,1,1,1,1,1,1,1,1,1,1,1,1,1,1,1,1,1,1,1,1,1,1,1,1,1,1,1,1,1,1,1,1,1,1,1,1,{},"Mozilla/5.0 (Windows NT 6.1; Win64; x64) AppleWebKit/537.36 (KHTML, like Gecko) Chrome/67.0.3396.99 Safari/537.36",0,AWWzMUbvP50,,
3CMV9YRYP4BMBD03G3XLN67WEVRLJM,3CM00QMEUMWAO45EUQFF7TCUAYEW69,Annotate when audio source appears in video,Watch a 10 second video clip and tell us when the source of a labeled sound appears in the frame of the video,"annotating, video, audio",$0.07,Mon Jul 09 12:55:17 PDT 2018,1,BatchId:3296187;OriginalHitTemplateId:920937336;,3600,432000,Mon Jul 16 12:55:17 PDT 2018,,,3ATPCQ38JAKYW32SVEE0CZ2WIONYA1,A24HLD3Q8INQ4Z,Approved,Mon Jul 09 14:16:53 PDT 2018,Mon Jul 09 14:17:43 PDT 2018,Sat Jul 14 14:17:43 PDT 2018,2018-07-14 21:18:00 UTC,,,50,100% (18/18),100% (18/18),100% (18/18),ithm1XrZg5k,140,150,Rapping,"The sound of ""spoken or chanted rhyming lyrics"", serving the role of a vocal line in music but with normal speech intonation instead of a melodic line.",0,1,{},1,temporal,{},0,1,1,1,1,1,1,1,1,1,1,1,1,1,1,1,1,1,1,1,1,1,1,1,1,1,1,1,1,1,1,1,1,1,1,1,1,1,1,1,{},Mozilla/5.0 (Windows NT 10.0; Win64; x64; rv:61.0) Gecko/20100101 Firefox/61.0,0,ithm1XrZg5k,,
3VADEH0UHD7511YRVPZ6WO73FO5SP7,3CM00QMEUMWAO45EUQFF7TCUAYEW69,Annotate when audio source appears in video,Watch a 10 second video clip and tell us when the source of a labeled sound appears in the frame of the video,"annotating, video, audio",$0.07,Mon Jul 09 12:55:17 PDT 2018,1,BatchId:3296187;OriginalHitTemplateId:920937336;,3600,432000,Mon Jul 16 12:55:17 PDT 2018,,,3CN4LGXD5ZYJUEMBMD49ZWGWQDT4YW,A377TAR5S3BU74,Approved,Mon Jul 09 13:04:43 PDT 2018,Mon Jul 09 13:05:07 PDT 2018,Sat Jul 14 13:05:07 PDT 2018,2018-07-14 20:06:00 UTC,,,24,100% (258/258),100% (258/258),100% (206/206),GStel2xL98s,110,120,Rapping,"The sound of ""spoken or chanted rhyming lyrics"", serving the role of a vocal line in music but with normal speech intonation instead of a melodic line.",0,1,{},1,temporal,{},1,1,1,1,1,1,1,1,1,1,1,1,1,1,1,1,1,1,1,1,1,1,1,1,1,1,1,1,1,1,1,1,1,1,1,1,1,1,1,1,{},"Mozilla/5.0 (Windows NT 10.0; Win64; x64) AppleWebKit/537.36 (KHTML, like Gecko) Chrome/67.0.3396.99 Safari/537.36",0,GStel2xL98s,,
3O4VWC1GEXG5V9AEAXTLRKDFE90J36,3CM00QMEUMWAO45EUQFF7TCUAYEW69,Annotate when audio source appears in video,Watch a 10 second video clip and tell us when the source of a labeled sound appears in the frame of the video,"annotating, video, audio",$0.07,Mon Jul 09 12:55:19 PDT 2018,1,BatchId:3296187;OriginalHitTemplateId:920937336;,3600,432000,Mon Jul 16 12:55:19 PDT 2018,,,3VW04L3ZLVGLSBKB1SKCDT6LH3GXXC,A1F71NCB0Y5Q2C,Approved,Mon Jul 09 13:26:16 PDT 2018,Mon Jul 09 13:28:37 PDT 2018,Sat Jul 14 13:28:37 PDT 2018,2018-07-14 20:29:00 UTC,,,141,100% (27/27),100% (27/27),100% (27/27),JuGiEvek7WE,30,40,Rapping,"The sound of ""spoken or chanted rhyming lyrics"", serving the role of a vocal line in music but with normal speech intonation instead of a melodic line.",0,1,{},1,temporal,{},1,1,0,0,0,0,0,0,0,0,0,0,0,0,0,0,0,0,0,0,0,0,0,0,0,0,0,0,0,0,0,0,0,0,0,0,0,0,0,0,{},"Mozilla/5.0 (Windows NT 10.0; Win64; x64) AppleWebKit/537.36 (KHTML, like Gecko) Chrome/67.0.3396.99 Safari/537.36",0,JuGiEvek7WE,,
31ODACBENVPQ1DZ6V2EVWTXDKKRSQY,3CM00QMEUMWAO45EUQFF7TCUAYEW69,Annotate when audio source appears in video,Watch a 10 second video clip and tell us when the source of a labeled sound appears in the frame of the video,"annotating, video, audio",$0.07,Mon Jul 09 12:55:18 PDT 2018,1,BatchId:3296187;OriginalHitTemplateId:920937336;,3600,432000,Mon Jul 16 12:55:18 PDT 2018,,,3MRNMEIQW7GCUBY5W9GC8S86UCZDL9,A1F71NCB0Y5Q2C,Approved,Mon Jul 09 13:33:58 PDT 2018,Mon Jul 09 13:34:40 PDT 2018,Sat Jul 14 13:34:40 PDT 2018,2018-07-14 20:35:00 UTC,,,42,100% (27/27),100% (27/27),100% (27/27),LA0vCzQJb8w,30,40,Rapping,"The sound of ""spoken or chanted rhyming lyrics"", serving the role of a vocal line in music but with normal speech intonation instead of a melodic line.",0,1,{},1,temporal,{},0,1,1,0,0,0,0,0,0,0,0,0,0,0,0,0,0,0,0,0,0,0,0,0,0,0,0,0,0,0,0,0,0,0,0,0,0,0,0,0,{},"Mozilla/5.0 (Windows NT 10.0; Win64; x64) AppleWebKit/537.36 (KHTML, like Gecko) Chrome/67.0.3396.99 Safari/537.36",0,LA0vCzQJb8w,,
3J94SKDEKJZV62XQEKV33JGMNLUD5C,3CM00QMEUMWAO45EUQFF7TCUAYEW69,Annotate when audio source appears in video,Watch a 10 second video clip and tell us when the source of a labeled sound appears in the frame of the video,"annotating, video, audio",$0.07,Mon Jul 09 12:55:10 PDT 2018,1,BatchId:3296187;OriginalHitTemplateId:920937336;,3600,432000,Mon Jul 16 12:55:10 PDT 2018,,,3OS46CRSLH9G57VK0QA4PVWG4O2V66,A20F1SLHKHBUT3,Approved,Mon Jul 09 14:33:21 PDT 2018,Mon Jul 09 14:42:31 PDT 2018,Sat Jul 14 14:42:31 PDT 2018,2018-07-14 21:43:00 UTC,,,550,100% (674/674),100% (674/674),100% (574/574),a5VtvoeMmWY,240,250,Stream,"Sounds of a body of water with a current, confined within a bed and banks.",0,1,{},1,temporal,{},1,1,1,1,1,1,1,1,1,1,1,1,1,1,1,1,1,1,1,1,1,1,1,1,1,1,1,1,1,1,1,1,1,1,1,1,1,1,1,1,{},"Mozilla/5.0 (Windows NT 6.1; Win64; x64) AppleWebKit/537.36 (KHTML, like Gecko) Chrome/67.0.3396.99 Safari/537.36",0,a5VtvoeMmWY,,
3HXK2V1N4LP6JPOUYRUDBXG7G3JG2O,3CM00QMEUMWAO45EUQFF7TCUAYEW69,Annotate when audio source appears in video,Watch a 10 second video clip and tell us when the source of a labeled sound appears in the frame of the video,"annotating, video, audio",$0.07,Mon Jul 09 12:55:10 PDT 2018,1,BatchId:3296187;OriginalHitTemplateId:920937336;,3600,432000,Mon Jul 16 12:55:10 PDT 2018,,,3D8YOU6S9GUGSS6KV00ZT9UXQGK6UH,A377TAR5S3BU74,Approved,Mon Jul 09 12:57:23 PDT 2018,Mon Jul 09 13:11:07 PDT 2018,Sat Jul 14 13:11:07 PDT 2018,2018-07-14 20:12:00 UTC,,,824,100% (258/258),100% (258/258),100% (206/206),IMPOWm90ELo,60,70,Stream,"Sounds of a body of water with a current, confined within a bed and banks.",0,1,{},1,temporal,{},1,1,1,1,1,1,1,1,1,1,1,1,1,1,1,1,1,1,1,1,1,1,1,1,1,1,1,1,1,1,1,1,1,1,1,1,1,1,1,1,{},"Mozilla/5.0 (Windows NT 10.0; Win64; x64) AppleWebKit/537.36 (KHTML, like Gecko) Chrome/67.0.3396.99 Safari/537.36",0,IMPOWm90ELo,,
31MCUE39BLWV47KD2R8IU7LZMHJG3Z,3CM00QMEUMWAO45EUQFF7TCUAYEW69,Annotate when audio source appears in video,Watch a 10 second video clip and tell us when the source of a labeled sound appears in the frame of the video,"annotating, video, audio",$0.07,Mon Jul 09 12:55:10 PDT 2018,1,BatchId:3296187;OriginalHitTemplateId:920937336;,3600,432000,Mon Jul 16 12:55:10 PDT 2018,,,39L1G8WVWS11MCS4AASHB4DG5TO31E,A20F1SLHKHBUT3,Approved,Mon Jul 09 14:19:02 PDT 2018,Mon Jul 09 14:38:15 PDT 2018,Sat Jul 14 14:38:15 PDT 2018,2018-07-14 21:39:00 UTC,,,1153,100% (674/674),100% (674/674),100% (574/574),16JBEUROS0M,20,30,Stream,"Sounds of a body of water with a current, confined within a bed and banks.",0,1,{},1,temporal,{},1,1,1,1,1,1,1,1,1,1,1,1,1,1,1,1,1,1,1,1,1,1,1,1,1,1,1,1,1,1,1,1,1,1,1,1,1,1,1,1,{},"Mozilla/5.0 (Windows NT 6.1; Win64; x64) AppleWebKit/537.36 (KHTML, like Gecko) Chrome/67.0.3396.99 Safari/537.36",0,16JBEUROS0M,,
3NOEP8XAU5CDXIKQPZ5TVWOVU37PXC,3CM00QMEUMWAO45EUQFF7TCUAYEW69,Annotate when audio source appears in video,Watch a 10 second video clip and tell us when the source of a labeled sound appears in the frame of the video,"annotating, video, audio",$0.07,Mon Jul 09 12:55:10 PDT 2018,1,BatchId:3296187;OriginalHitTemplateId:920937336;,3600,432000,Mon Jul 16 12:55:10 PDT 2018,,,3PQ8K71NHZUX0L4PF80K9DKPFWNAA4,A377TAR5S3BU74,Approved,Mon Jul 09 13:06:17 PDT 2018,Mon Jul 09 13:06:55 PDT 2018,Sat Jul 14 13:06:55 PDT 2018,2018-07-14 20:07:00 UTC,,,38,100% (258/258),100% (258/258),100% (206/206),4CyoAzj-DCQ,30,40,Stream,"Sounds of a body of water with a current, confined within a bed and banks.",0,1,{},1,temporal,{},1,1,1,1,1,1,1,1,1,1,1,1,1,1,1,1,1,1,1,1,1,1,0,0,0,0,0,0,0,0,0,0,0,0,0,0,0,0,0,0,{},"Mozilla/5.0 (Windows NT 10.0; Win64; x64) AppleWebKit/537.36 (KHTML, like Gecko) Chrome/67.0.3396.99 Safari/537.36",0,4CyoAzj-DCQ,,
3B623HUYJ50KV9ZA98XVA2CDQE5S8N,3CM00QMEUMWAO45EUQFF7TCUAYEW69,Annotate when audio source appears in video,Watch a 10 second video clip and tell us when the source of a labeled sound appears in the frame of the video,"annotating, video, audio",$0.07,Mon Jul 09 12:55:10 PDT 2018,1,BatchId:3296187;OriginalHitTemplateId:920937336;,3600,432000,Mon Jul 16 12:55:10 PDT 2018,,,34V1S5K3GUBI80IHXP58XD7JDWP96A,A377TAR5S3BU74,Approved,Mon Jul 09 13:23:41 PDT 2018,Mon Jul 09 13:23:51 PDT 2018,Sat Jul 14 13:23:51 PDT 2018,2018-07-14 20:24:00 UTC,,,10,100% (258/258),100% (258/258),100% (206/206),pcD_VcxkOvI,510,520,Stream,"Sounds of a body of water with a current, confined within a bed and banks.",0,1,{},1,temporal,{},1,1,1,1,1,1,1,1,1,1,1,1,1,1,1,1,1,1,1,1,1,1,1,1,1,1,1,1,1,1,1,1,1,1,1,1,1,1,1,1,{},"Mozilla/5.0 (Windows NT 10.0; Win64; x64) AppleWebKit/537.36 (KHTML, like Gecko) Chrome/67.0.3396.99 Safari/537.36",0,pcD_VcxkOvI,,
3XD2A6FGFO4K9EIKE039AY7OAKNS9C,3CM00QMEUMWAO45EUQFF7TCUAYEW69,Annotate when audio source appears in video,Watch a 10 second video clip and tell us when the source of a labeled sound appears in the frame of the video,"annotating, video, audio",$0.07,Mon Jul 09 12:55:10 PDT 2018,1,BatchId:3296187;OriginalHitTemplateId:920937336;,3600,432000,Mon Jul 16 12:55:10 PDT 2018,,,3U4J9857OGLK0TBJEJOWUX25W7J7BO,A1F71NCB0Y5Q2C,Approved,Mon Jul 09 13:35:06 PDT 2018,Mon Jul 09 13:40:51 PDT 2018,Sat Jul 14 13:40:51 PDT 2018,2018-07-14 20:41:00 UTC,,,345,100% (27/27),100% (27/27),100% (27/27),3zE2MIGxFOk,30,40,Stream,"Sounds of a body of water with a current, confined within a bed and banks.",0,1,"The ""body of water"" here is in a bathtub. The current is confined with the tub.",1,temporal,{},1,0,0,0,0,0,0,0,0,0,0,0,0,0,0,0,0,0,0,0,0,0,0,0,0,0,0,0,0,0,0,0,0,0,0,0,0,0,0,0,{},"Mozilla/5.0 (Windows NT 10.0; Win64; x64) AppleWebKit/537.36 (KHTML, like Gecko) Chrome/67.0.3396.99 Safari/537.36",0,3zE2MIGxFOk,,
3T6SSHJUZGKOQ18RDIF8JP04KC8IIT,3CM00QMEUMWAO45EUQFF7TCUAYEW69,Annotate when audio source appears in video,Watch a 10 second video clip and tell us when the source of a labeled sound appears in the frame of the video,"annotating, video, audio",$0.07,Mon Jul 09 12:55:10 PDT 2018,1,BatchId:3296187;OriginalHitTemplateId:920937336;,3600,432000,Mon Jul 16 12:55:10 PDT 2018,,,3RJSC4XJ1244T2UQSACACWSQEX350X,A2C9HJC2RDU10C,Approved,Mon Jul 09 14:03:50 PDT 2018,Mon Jul 09 14:04:09 PDT 2018,Sat Jul 14 14:04:09 PDT 2018,2018-07-14 21:05:00 UTC,,,19,100% (40/40),100% (40/40),100% (40/40),U09_Ao_va_A,110,120,Stream,"Sounds of a body of water with a current, confined within a bed and banks.",0,1,{},1,temporal,{},1,1,1,1,1,1,1,1,1,1,1,1,1,1,1,1,1,1,1,1,1,1,1,1,1,1,1,1,1,1,1,1,1,1,1,1,1,1,1,1,{},"Mozilla/5.0 (Windows NT 10.0; Win64; x64) AppleWebKit/537.36 (KHTML, like Gecko) Chrome/58.0.3029.110 Safari/537.36 Edge/16.16299",0,U09_Ao_va_A,,
3TKXBROM5UKKLCSXV008VQF4XRXIJ5,3CM00QMEUMWAO45EUQFF7TCUAYEW69,Annotate when audio source appears in video,Watch a 10 second video clip and tell us when the source of a labeled sound appears in the frame of the video,"annotating, video, audio",$0.07,Mon Jul 09 12:55:10 PDT 2018,1,BatchId:3296187;OriginalHitTemplateId:920937336;,3600,432000,Mon Jul 16 12:55:10 PDT 2018,,,3DPNQGW4LNPHBUC5GU9HG5W3R3Z64X,A377TAR5S3BU74,Approved,Mon Jul 09 13:03:04 PDT 2018,Mon Jul 09 13:03:19 PDT 2018,Sat Jul 14 13:03:19 PDT 2018,2018-07-14 20:04:00 UTC,,,15,100% (258/258),100% (258/258),100% (206/206),4WRZbsU9jIg,100,110,Stream,"Sounds of a body of water with a current, confined within a bed and banks.",0,1,{},1,temporal,{},1,1,1,1,1,1,1,1,1,1,1,1,1,1,1,1,1,1,1,1,1,1,1,1,1,1,1,1,1,1,1,1,1,1,1,1,1,1,1,1,{},"Mozilla/5.0 (Windows NT 10.0; Win64; x64) AppleWebKit/537.36 (KHTML, like Gecko) Chrome/67.0.3396.99 Safari/537.36",0,4WRZbsU9jIg,,
3QE4DGPGBSLGM33H25D14CD50HFG4K,3CM00QMEUMWAO45EUQFF7TCUAYEW69,Annotate when audio source appears in video,Watch a 10 second video clip and tell us when the source of a labeled sound appears in the frame of the video,"annotating, video, audio",$0.07,Mon Jul 09 12:55:10 PDT 2018,1,BatchId:3296187;OriginalHitTemplateId:920937336;,3600,432000,Mon Jul 16 12:55:10 PDT 2018,,,3TPZPLC3M2M434B6VC37C0VE88U3PG,A1NOFP5DV5S7DW,Approved,Mon Jul 09 13:04:59 PDT 2018,Mon Jul 09 13:05:18 PDT 2018,Sat Jul 14 13:05:18 PDT 2018,2018-07-14 20:06:00 UTC,,,19,100% (93/93),100% (93/93),100% (28/28),pk0OjVHi94g,90,100,Stream,"Sounds of a body of water with a current, confined within a bed and banks.",0,1,{},1,temporal,{},1,1,1,1,1,1,1,1,1,1,1,1,1,1,1,1,1,1,1,1,1,1,1,1,1,1,1,1,1,1,1,1,1,1,1,1,1,1,1,1,{},"Mozilla/5.0 (Windows NT 10.0; Win64; x64) AppleWebKit/537.36 (KHTML, like Gecko) Chrome/67.0.3396.99 Safari/537.36",0,pk0OjVHi94g,,
3N3WJQXELT0M5H2V9IRTOPLFCK5L2Z,3CM00QMEUMWAO45EUQFF7TCUAYEW69,Annotate when audio source appears in video,Watch a 10 second video clip and tell us when the source of a labeled sound appears in the frame of the video,"annotating, video, audio",$0.07,Mon Jul 09 12:55:10 PDT 2018,1,BatchId:3296187;OriginalHitTemplateId:920937336;,3600,432000,Mon Jul 16 12:55:10 PDT 2018,,,3EA3QWIZ4K5HLZMWXWJELGY0GU1ITR,A9CK73HWLH7UU,Approved,Mon Jul 09 13:50:36 PDT 2018,Mon Jul 09 13:51:23 PDT 2018,Sat Jul 14 13:51:23 PDT 2018,2018-07-14 20:52:00 UTC,,,47,100% (5/5),100% (5/5),100% (5/5),fIOOLk69UmU,80,90,Stream,"Sounds of a body of water with a current, confined within a bed and banks.",0,1,{},1,temporal,{},1,1,1,1,1,1,1,1,1,1,1,1,1,1,1,1,1,1,1,1,1,1,1,1,1,1,1,1,1,1,1,1,1,1,1,1,1,1,1,1,{},"Mozilla/5.0 (Windows NT 10.0; Win64; x64) AppleWebKit/537.36 (KHTML, like Gecko) Chrome/67.0.3396.99 Safari/537.36",0,fIOOLk69UmU,,
3G5RUKN2EDDNT1QF64MNB4XINLFN9V,3CM00QMEUMWAO45EUQFF7TCUAYEW69,Annotate when audio source appears in video,Watch a 10 second video clip and tell us when the source of a labeled sound appears in the frame of the video,"annotating, video, audio",$0.07,Mon Jul 09 12:55:10 PDT 2018,1,BatchId:3296187;OriginalHitTemplateId:920937336;,3600,432000,Mon Jul 16 12:55:10 PDT 2018,,,3PS7W85Z81COAYTTT2D18NZXX4AT9F,A1F71NCB0Y5Q2C,Approved,Mon Jul 09 13:42:35 PDT 2018,Mon Jul 09 13:42:57 PDT 2018,Sat Jul 14 13:42:57 PDT 2018,2018-07-14 20:43:00 UTC,,,22,100% (27/27),100% (27/27),100% (27/27),G3fcLfe2HWs,110,120,Stream,"Sounds of a body of water with a current, confined within a bed and banks.",0,1,{},1,temporal,{},1,1,0,0,0,0,0,0,0,0,0,0,0,0,0,0,0,0,0,0,0,0,0,0,0,0,0,0,0,0,0,0,0,0,0,0,0,0,0,0,{},"Mozilla/5.0 (Windows NT 10.0; Win64; x64) AppleWebKit/537.36 (KHTML, like Gecko) Chrome/67.0.3396.99 Safari/537.36",0,G3fcLfe2HWs,,
34D9ZRXCYS4YEXSP66H96TI8G25SAR,3CM00QMEUMWAO45EUQFF7TCUAYEW69,Annotate when audio source appears in video,Watch a 10 second video clip and tell us when the source of a labeled sound appears in the frame of the video,"annotating, video, audio",$0.07,Mon Jul 09 12:55:10 PDT 2018,1,BatchId:3296187;OriginalHitTemplateId:920937336;,3600,432000,Mon Jul 16 12:55:10 PDT 2018,,,3AAJC4I4FI292MF1L6TWJ5EHE5MJZU,A20F1SLHKHBUT3,Approved,Mon Jul 09 14:17:55 PDT 2018,Mon Jul 09 14:33:21 PDT 2018,Sat Jul 14 14:33:21 PDT 2018,2018-07-14 21:34:00 UTC,,,926,100% (674/674),100% (674/674),100% (574/574),XxjJOsb5SF0,110,120,Stream,"Sounds of a body of water with a current, confined within a bed and banks.",0,1,{},1,temporal,{},1,1,1,1,1,1,1,1,1,1,1,1,1,1,1,1,1,1,1,1,1,1,1,1,1,1,1,1,1,1,1,1,1,1,1,1,1,1,1,1,{},"Mozilla/5.0 (Windows NT 6.1; Win64; x64) AppleWebKit/537.36 (KHTML, like Gecko) Chrome/67.0.3396.99 Safari/537.36",0,XxjJOsb5SF0,,
356ZPKYPUIR2XNA0UVRVEAV4W91PYI,3CM00QMEUMWAO45EUQFF7TCUAYEW69,Annotate when audio source appears in video,Watch a 10 second video clip and tell us when the source of a labeled sound appears in the frame of the video,"annotating, video, audio",$0.07,Mon Jul 09 12:55:10 PDT 2018,1,BatchId:3296187;OriginalHitTemplateId:920937336;,3600,432000,Mon Jul 16 12:55:10 PDT 2018,,,3I7DHKZYGPAVQ69GVSVVF3FUKZJ5FS,A1F71NCB0Y5Q2C,Approved,Mon Jul 09 13:41:44 PDT 2018,Mon Jul 09 13:42:10 PDT 2018,Sat Jul 14 13:42:10 PDT 2018,2018-07-14 20:43:00 UTC,,,26,100% (27/27),100% (27/27),100% (27/27),yIDiDcr7otQ,110,120,Stream,"Sounds of a body of water with a current, confined within a bed and banks.",0,1,{},1,temporal,{},0,1,0,0,0,0,0,0,0,0,0,0,0,0,0,0,0,0,0,0,0,0,0,0,0,0,0,0,0,0,0,0,0,0,0,0,0,0,0,0,{},"Mozilla/5.0 (Windows NT 10.0; Win64; x64) AppleWebKit/537.36 (KHTML, like Gecko) Chrome/67.0.3396.99 Safari/537.36",0,yIDiDcr7otQ,,
37PGLWGSJUGFWWYFDL0KW5FHCGXIK4,3CM00QMEUMWAO45EUQFF7TCUAYEW69,Annotate when audio source appears in video,Watch a 10 second video clip and tell us when the source of a labeled sound appears in the frame of the video,"annotating, video, audio",$0.07,Mon Jul 09 12:55:10 PDT 2018,1,BatchId:3296187;OriginalHitTemplateId:920937336;,3600,432000,Mon Jul 16 12:55:10 PDT 2018,,,3JC6VJ2SADT0UFS8KC931243NJL5AU,A20F1SLHKHBUT3,Approved,Mon Jul 09 14:19:00 PDT 2018,Mon Jul 09 14:36:26 PDT 2018,Sat Jul 14 14:36:26 PDT 2018,2018-07-14 21:37:00 UTC,,,1046,100% (674/674),100% (674/674),100% (574/574),S6UAvVLwggM,50,60,Stream,"Sounds of a body of water with a current, confined within a bed and banks.",0,1,{},1,temporal,{},1,1,1,1,1,1,1,1,1,1,1,1,1,1,1,1,1,1,1,1,1,1,1,1,1,1,1,1,1,1,1,1,1,1,1,1,1,1,1,1,{},"Mozilla/5.0 (Windows NT 6.1; Win64; x64) AppleWebKit/537.36 (KHTML, like Gecko) Chrome/67.0.3396.99 Safari/537.36",0,S6UAvVLwggM,,
3C8QQOM6JQBQG2GXYLCLB5SW1G2IL7,3CM00QMEUMWAO45EUQFF7TCUAYEW69,Annotate when audio source appears in video,Watch a 10 second video clip and tell us when the source of a labeled sound appears in the frame of the video,"annotating, video, audio",$0.07,Mon Jul 09 12:55:10 PDT 2018,1,BatchId:3296187;OriginalHitTemplateId:920937336;,3600,432000,Mon Jul 16 12:55:10 PDT 2018,,,3ERET4BTVOJP7F36ZTZ97WC1ERP9KV,A377TAR5S3BU74,Approved,Mon Jul 09 13:56:56 PDT 2018,Mon Jul 09 13:57:06 PDT 2018,Sat Jul 14 13:57:06 PDT 2018,2018-07-14 20:58:00 UTC,,,10,100% (258/258),100% (258/258),100% (206/206),FOY2xjkeUrc,390,400,Stream,"Sounds of a body of water with a current, confined within a bed and banks.",0,1,{},1,temporal,{},1,1,1,1,1,1,1,1,1,1,1,1,1,1,1,1,1,1,1,1,1,1,1,1,1,1,1,1,1,1,1,1,1,1,1,1,1,1,1,1,{},"Mozilla/5.0 (Windows NT 10.0; Win64; x64) AppleWebKit/537.36 (KHTML, like Gecko) Chrome/67.0.3396.99 Safari/537.36",0,FOY2xjkeUrc,,
3I6NF2WGIH6YIM7HGAWB94JJ0DAG5P,3CM00QMEUMWAO45EUQFF7TCUAYEW69,Annotate when audio source appears in video,Watch a 10 second video clip and tell us when the source of a labeled sound appears in the frame of the video,"annotating, video, audio",$0.07,Mon Jul 09 12:55:11 PDT 2018,1,BatchId:3296187;OriginalHitTemplateId:920937336;,3600,432000,Mon Jul 16 12:55:11 PDT 2018,,,3V5Q80FXIZ18BXA0TESVGNNLXZX32Q,A377TAR5S3BU74,Approved,Mon Jul 09 14:06:55 PDT 2018,Mon Jul 09 14:18:12 PDT 2018,Sat Jul 14 14:18:12 PDT 2018,2018-07-14 21:19:00 UTC,,,677,100% (258/258),100% (258/258),100% (206/206),FwYVa0m5ju8,40,50,Stream,"Sounds of a body of water with a current, confined within a bed and banks.",0,1,{},1,temporal,{},0,0,0,0,0,0,0,0,0,0,0,0,0,0,1,1,1,1,1,1,1,1,1,1,1,1,1,1,1,1,1,1,1,1,1,1,1,1,1,1,{},"Mozilla/5.0 (Windows NT 10.0; Win64; x64) AppleWebKit/537.36 (KHTML, like Gecko) Chrome/67.0.3396.99 Safari/537.36",0,FwYVa0m5ju8,,
3UUSLRKAUMDAT6B92DA013UIERPD7R,3CM00QMEUMWAO45EUQFF7TCUAYEW69,Annotate when audio source appears in video,Watch a 10 second video clip and tell us when the source of a labeled sound appears in the frame of the video,"annotating, video, audio",$0.07,Mon Jul 09 12:55:11 PDT 2018,1,BatchId:3296187;OriginalHitTemplateId:920937336;,3600,432000,Mon Jul 16 12:55:11 PDT 2018,,,3SKEMFQBZ5FPTAKWU1TV70HQULMK8W,A377TAR5S3BU74,Approved,Mon Jul 09 14:34:56 PDT 2018,Mon Jul 09 14:36:31 PDT 2018,Sat Jul 14 14:36:31 PDT 2018,2018-07-14 21:37:00 UTC,,,95,100% (258/258),100% (258/258),100% (206/206),1Z1NKHQfJAc,30,40,Stream,"Sounds of a body of water with a current, confined within a bed and banks.",0,1,{},1,temporal,{},1,1,1,1,1,1,1,1,1,1,1,1,1,1,1,1,1,1,1,1,1,1,1,1,1,1,1,1,1,1,1,1,1,1,1,1,1,1,1,1,{},"Mozilla/5.0 (Windows NT 10.0; Win64; x64) AppleWebKit/537.36 (KHTML, like Gecko) Chrome/67.0.3396.99 Safari/537.36",0,1Z1NKHQfJAc,,
3NRZ1LDP7XG22DK5QHTESH46235PZ9,3CM00QMEUMWAO45EUQFF7TCUAYEW69,Annotate when audio source appears in video,Watch a 10 second video clip and tell us when the source of a labeled sound appears in the frame of the video,"annotating, video, audio",$0.07,Mon Jul 09 12:55:11 PDT 2018,1,BatchId:3296187;OriginalHitTemplateId:920937336;,3600,432000,Mon Jul 16 12:55:11 PDT 2018,,,3WR9XG3T65L0FUQAZ4E9MJWZMFV74B,A229NBQ2QJR4HM,Approved,Mon Jul 09 13:23:35 PDT 2018,Mon Jul 09 13:24:19 PDT 2018,Sat Jul 14 13:24:19 PDT 2018,2018-07-14 20:25:00 UTC,,,44,100% (17/17),100% (17/17),100% (17/17),E9j9Jx-nF2I,30,40,Stream,"Sounds of a body of water with a current, confined within a bed and banks.",0,1,{},1,temporal,{},1,1,1,1,1,1,1,1,1,1,1,1,1,1,1,1,1,1,1,1,1,1,1,1,1,1,1,1,1,1,1,1,1,1,1,1,1,1,1,1,{},Mozilla/5.0 (Windows NT 6.3; Win64; x64; rv:61.0) Gecko/20100101 Firefox/61.0,0,E9j9Jx-nF2I,,
30QQTY5GMLUWA8MVO80PB3Y60RK7UV,3CM00QMEUMWAO45EUQFF7TCUAYEW69,Annotate when audio source appears in video,Watch a 10 second video clip and tell us when the source of a labeled sound appears in the frame of the video,"annotating, video, audio",$0.07,Mon Jul 09 12:55:11 PDT 2018,1,BatchId:3296187;OriginalHitTemplateId:920937336;,3600,432000,Mon Jul 16 12:55:11 PDT 2018,,,30BXRYBRP679HLF6MJ648O4KKBVWHT,A1F71NCB0Y5Q2C,Approved,Mon Jul 09 13:32:57 PDT 2018,Mon Jul 09 13:33:19 PDT 2018,Sat Jul 14 13:33:19 PDT 2018,2018-07-14 20:34:00 UTC,,,22,100% (27/27),100% (27/27),100% (27/27),GANNwYdSz1Y,310,320,Stream,"Sounds of a body of water with a current, confined within a bed and banks.",0,1,{},1,temporal,{},1,1,0,0,0,0,0,0,0,0,0,0,0,0,0,0,0,0,0,0,0,0,0,0,0,0,0,0,0,0,0,0,0,0,0,0,0,0,0,0,{},"Mozilla/5.0 (Windows NT 10.0; Win64; x64) AppleWebKit/537.36 (KHTML, like Gecko) Chrome/67.0.3396.99 Safari/537.36",0,GANNwYdSz1Y,,
3N5YJ55YXHD1YK0KYA0N7Z82T3XNAA,3CM00QMEUMWAO45EUQFF7TCUAYEW69,Annotate when audio source appears in video,Watch a 10 second video clip and tell us when the source of a labeled sound appears in the frame of the video,"annotating, video, audio",$0.07,Mon Jul 09 12:55:11 PDT 2018,1,BatchId:3296187;OriginalHitTemplateId:920937336;,3600,432000,Mon Jul 16 12:55:11 PDT 2018,,,3TAYZSBPLNICVEVFJTTWOVVXPFFS2Q,A377TAR5S3BU74,Approved,Mon Jul 09 13:29:27 PDT 2018,Mon Jul 09 13:30:42 PDT 2018,Sat Jul 14 13:30:42 PDT 2018,2018-07-14 20:31:00 UTC,,,75,100% (258/258),100% (258/258),100% (206/206),pkIXr4SlQXI,20,30,Stream,"Sounds of a body of water with a current, confined within a bed and banks.",1,1,The sound is behind the voice,1,temporal,{},1,1,1,1,1,1,1,1,1,1,1,1,1,1,1,1,1,1,1,1,1,1,1,1,1,1,1,1,1,1,1,1,0,0,0,0,0,0,0,0,{},"Mozilla/5.0 (Windows NT 10.0; Win64; x64) AppleWebKit/537.36 (KHTML, like Gecko) Chrome/67.0.3396.99 Safari/537.36",0,pkIXr4SlQXI,,
3BAWBGQGYM9WNNBVTYAU7P0PEYT7VK,3CM00QMEUMWAO45EUQFF7TCUAYEW69,Annotate when audio source appears in video,Watch a 10 second video clip and tell us when the source of a labeled sound appears in the frame of the video,"annotating, video, audio",$0.07,Mon Jul 09 12:55:11 PDT 2018,1,BatchId:3296187;OriginalHitTemplateId:920937336;,3600,432000,Mon Jul 16 12:55:11 PDT 2018,,,34BBWHLWHCL9DGQQS1OP805ZKOIWIU,AM147DT7IA6Z9,Approved,Mon Jul 09 13:49:23 PDT 2018,Mon Jul 09 13:53:47 PDT 2018,Sat Jul 14 13:53:47 PDT 2018,2018-07-14 20:54:00 UTC,,,264,100% (11/11),100% (11/11),100% (11/11),UI5xfzOCz2g,10,20,Stream,"Sounds of a body of water with a current, confined within a bed and banks.",1,1,{},1,temporal,{},1,1,1,1,1,1,1,1,1,1,1,1,1,1,1,1,1,1,1,1,1,1,1,1,1,1,1,1,1,1,1,1,1,1,1,1,1,1,1,1,{},"Mozilla/5.0 (Windows NT 6.1; Win64; x64) AppleWebKit/537.36 (KHTML, like Gecko) Chrome/67.0.3396.99 Safari/537.36",0,UI5xfzOCz2g,,
308KJXFUJSGZTX54V6MZGYEUILJATY,3CM00QMEUMWAO45EUQFF7TCUAYEW69,Annotate when audio source appears in video,Watch a 10 second video clip and tell us when the source of a labeled sound appears in the frame of the video,"annotating, video, audio",$0.07,Mon Jul 09 12:55:11 PDT 2018,1,BatchId:3296187;OriginalHitTemplateId:920937336;,3600,432000,Mon Jul 16 12:55:11 PDT 2018,,,30IQTZXKAMGDVLE0YGV54FJA7WMX08,A377TAR5S3BU74,Approved,Mon Jul 09 14:29:17 PDT 2018,Mon Jul 09 14:35:05 PDT 2018,Sat Jul 14 14:35:05 PDT 2018,2018-07-14 21:36:00 UTC,,,348,100% (258/258),100% (258/258),100% (206/206),upqK6OEuco4,140,150,Stream,"Sounds of a body of water with a current, confined within a bed and banks.",0,1,{},1,temporal,{},1,1,1,1,1,1,1,1,1,1,1,1,1,1,1,1,1,1,1,1,1,1,1,1,1,1,1,1,1,1,1,1,1,1,1,1,1,1,1,1,{},"Mozilla/5.0 (Windows NT 10.0; Win64; x64) AppleWebKit/537.36 (KHTML, like Gecko) Chrome/67.0.3396.99 Safari/537.36",0,upqK6OEuco4,,
3YO4AH2FPEUQ04FUM0VBMNRUPS8Q09,3CM00QMEUMWAO45EUQFF7TCUAYEW69,Annotate when audio source appears in video,Watch a 10 second video clip and tell us when the source of a labeled sound appears in the frame of the video,"annotating, video, audio",$0.07,Mon Jul 09 12:55:11 PDT 2018,1,BatchId:3296187;OriginalHitTemplateId:920937336;,3600,432000,Mon Jul 16 12:55:11 PDT 2018,,,333U7HK6IBP6ZLA5TO4ZSDVEQN7JDQ,A2C9HJC2RDU10C,Approved,Mon Jul 09 14:05:21 PDT 2018,Mon Jul 09 14:06:37 PDT 2018,Sat Jul 14 14:06:37 PDT 2018,2018-07-14 21:07:00 UTC,,,76,100% (40/40),100% (40/40),100% (40/40),Hp2ZUUb9OYs,70,80,Stream,"Sounds of a body of water with a current, confined within a bed and banks.",1,0,{},1,temporal,{},1,1,1,1,1,1,1,1,1,1,1,1,1,1,1,1,1,1,1,1,1,1,1,1,1,0,0,0,0,0,0,0,0,0,0,0,0,0,0,0,{},"Mozilla/5.0 (Windows NT 10.0; Win64; x64) AppleWebKit/537.36 (KHTML, like Gecko) Chrome/58.0.3029.110 Safari/537.36 Edge/16.16299",0,Hp2ZUUb9OYs,,
37SOB9Z0ST7BQZYEDI5Y7ZQ7IY5L3A,3CM00QMEUMWAO45EUQFF7TCUAYEW69,Annotate when audio source appears in video,Watch a 10 second video clip and tell us when the source of a labeled sound appears in the frame of the video,"annotating, video, audio",$0.07,Mon Jul 09 12:55:11 PDT 2018,1,BatchId:3296187;OriginalHitTemplateId:920937336;,3600,432000,Mon Jul 16 12:55:11 PDT 2018,,,31LM9EDVON2FLX1IIII2OI784RENJH,A377TAR5S3BU74,Approved,Mon Jul 09 14:18:42 PDT 2018,Mon Jul 09 14:25:56 PDT 2018,Sat Jul 14 14:25:56 PDT 2018,2018-07-14 21:26:00 UTC,,,434,100% (258/258),100% (258/258),100% (206/206),vAAmcQMFQtA,330,340,Stream,"Sounds of a body of water with a current, confined within a bed and banks.",0,1,{},1,temporal,{},1,1,1,1,1,1,1,1,1,1,1,1,1,1,1,1,1,1,1,1,1,1,1,1,1,1,1,1,1,1,1,1,1,1,1,1,1,1,1,1,{},"Mozilla/5.0 (Windows NT 10.0; Win64; x64) AppleWebKit/537.36 (KHTML, like Gecko) Chrome/67.0.3396.99 Safari/537.36",0,vAAmcQMFQtA,,
3VJ4PFXFJ4HETAKTVBC9LU0W1ZQAUP,3CM00QMEUMWAO45EUQFF7TCUAYEW69,Annotate when audio source appears in video,Watch a 10 second video clip and tell us when the source of a labeled sound appears in the frame of the video,"annotating, video, audio",$0.07,Mon Jul 09 12:55:11 PDT 2018,1,BatchId:3296187;OriginalHitTemplateId:920937336;,3600,432000,Mon Jul 16 12:55:11 PDT 2018,,,30MVJZJNHONUWVXOH8ZX6HCOZ2PJ96,A377TAR5S3BU74,Approved,Mon Jul 09 13:57:05 PDT 2018,Mon Jul 09 14:08:25 PDT 2018,Sat Jul 14 14:08:25 PDT 2018,2018-07-14 21:09:00 UTC,,,680,100% (258/258),100% (258/258),100% (206/206),iWOYeJmDR5U,240,250,Stream,"Sounds of a body of water with a current, confined within a bed and banks.",0,1,{},1,temporal,{},1,1,1,1,1,1,1,1,1,1,1,1,1,1,1,1,1,1,1,1,1,1,1,1,1,1,1,1,1,1,1,1,1,1,1,1,1,1,1,1,{},"Mozilla/5.0 (Windows NT 10.0; Win64; x64) AppleWebKit/537.36 (KHTML, like Gecko) Chrome/67.0.3396.99 Safari/537.36",0,iWOYeJmDR5U,,
34KYK9TV2SI3X7XHCKH5142EYKQSBM,3CM00QMEUMWAO45EUQFF7TCUAYEW69,Annotate when audio source appears in video,Watch a 10 second video clip and tell us when the source of a labeled sound appears in the frame of the video,"annotating, video, audio",$0.07,Mon Jul 09 12:55:11 PDT 2018,1,BatchId:3296187;OriginalHitTemplateId:920937336;,3600,432000,Mon Jul 16 12:55:11 PDT 2018,,,30MVJZJNHONUWVXOH8ZX6HCOZ159JA,AMIYZKYFV82SO,Approved,Mon Jul 09 13:16:11 PDT 2018,Mon Jul 09 13:19:11 PDT 2018,Sat Jul 14 13:19:11 PDT 2018,2018-07-14 20:20:00 UTC,,,180,100% (5/5),100% (5/5),100% (5/5),3ftKBL3_lvM,20,30,Stream,"Sounds of a body of water with a current, confined within a bed and banks.",0,1,{},1,temporal,{},1,1,1,1,1,1,1,1,1,1,1,1,1,1,1,1,1,1,1,1,1,1,1,1,1,1,1,1,1,1,1,1,1,1,1,1,1,1,1,1,{},Mozilla/5.0 (Windows NT 10.0; Win64; x64; rv:61.0) Gecko/20100101 Firefox/61.0,0,3ftKBL3_lvM,,
3APP19WN72OU1Q7VLT6G1AXJW8LG65,3CM00QMEUMWAO45EUQFF7TCUAYEW69,Annotate when audio source appears in video,Watch a 10 second video clip and tell us when the source of a labeled sound appears in the frame of the video,"annotating, video, audio",$0.07,Mon Jul 09 12:55:11 PDT 2018,1,BatchId:3296187;OriginalHitTemplateId:920937336;,3600,432000,Mon Jul 16 12:55:11 PDT 2018,,,3BV8HQ2ZZYBWDJSMPVJ8T8I3JEO6A3,A377TAR5S3BU74,Approved,Mon Jul 09 13:58:53 PDT 2018,Mon Jul 09 14:09:10 PDT 2018,Sat Jul 14 14:09:10 PDT 2018,2018-07-14 21:10:00 UTC,,,617,100% (258/258),100% (258/258),100% (206/206),hg__ORMvZhs,240,250,Stream,"Sounds of a body of water with a current, confined within a bed and banks.",0,1,{},1,temporal,{},1,1,1,1,1,1,1,1,1,1,1,1,1,1,1,1,1,1,1,1,1,1,1,1,1,1,1,1,1,1,1,1,1,1,1,1,1,1,1,1,{},"Mozilla/5.0 (Windows NT 10.0; Win64; x64) AppleWebKit/537.36 (KHTML, like Gecko) Chrome/67.0.3396.99 Safari/537.36",0,hg__ORMvZhs,,
3WKGUBL7S0WW8VHIDWAHH4IDWY1L4V,3CM00QMEUMWAO45EUQFF7TCUAYEW69,Annotate when audio source appears in video,Watch a 10 second video clip and tell us when the source of a labeled sound appears in the frame of the video,"annotating, video, audio",$0.07,Mon Jul 09 12:55:11 PDT 2018,1,BatchId:3296187;OriginalHitTemplateId:920937336;,3600,432000,Mon Jul 16 12:55:11 PDT 2018,,,3W92K5RLWWRKM3V6V70ZXPIG8T95VI,A8SM8X9UDAIYO,Approved,Mon Jul 09 13:46:19 PDT 2018,Mon Jul 09 13:46:38 PDT 2018,Sat Jul 14 13:46:38 PDT 2018,2018-07-14 20:47:00 UTC,,,19,100% (10/10),100% (10/10),100% (10/10),AMGU8HnCR68,30,40,Stream,"Sounds of a body of water with a current, confined within a bed and banks.",0,1,{},1,temporal,{},1,1,1,1,1,1,1,1,1,1,1,1,1,1,1,1,1,1,1,1,1,1,1,1,1,1,1,1,1,1,1,1,1,1,1,1,1,1,1,1,{},Mozilla/5.0 (Windows NT 6.2; Win64; x64; rv:61.0) Gecko/20100101 Firefox/61.0,0,AMGU8HnCR68,,
3B9J25CZ26NM7CPNQKD0CO8WG5QSCT,3CM00QMEUMWAO45EUQFF7TCUAYEW69,Annotate when audio source appears in video,Watch a 10 second video clip and tell us when the source of a labeled sound appears in the frame of the video,"annotating, video, audio",$0.07,Mon Jul 09 12:55:11 PDT 2018,1,BatchId:3296187;OriginalHitTemplateId:920937336;,3600,432000,Mon Jul 16 12:55:11 PDT 2018,,,39LOEL67OUFJXCCP9V1WQE0OJZP38T,A2C9HJC2RDU10C,Approved,Mon Jul 09 14:07:03 PDT 2018,Mon Jul 09 14:07:27 PDT 2018,Sat Jul 14 14:07:27 PDT 2018,2018-07-14 21:08:00 UTC,,,24,100% (40/40),100% (40/40),100% (40/40),0FbWOsxV4ck,18,28,Stream,"Sounds of a body of water with a current, confined within a bed and banks.",0,0,{},1,temporal,{},1,1,1,1,1,1,1,1,1,1,1,1,1,1,1,1,1,1,1,1,1,1,1,1,1,1,1,1,1,1,1,1,1,1,1,1,1,1,1,1,{},"Mozilla/5.0 (Windows NT 10.0; Win64; x64) AppleWebKit/537.36 (KHTML, like Gecko) Chrome/58.0.3029.110 Safari/537.36 Edge/16.16299",0,0FbWOsxV4ck,,
3NCN4N1H1HR6HU5C4O0J2AS8BLINB5,3CM00QMEUMWAO45EUQFF7TCUAYEW69,Annotate when audio source appears in video,Watch a 10 second video clip and tell us when the source of a labeled sound appears in the frame of the video,"annotating, video, audio",$0.07,Mon Jul 09 12:55:11 PDT 2018,1,BatchId:3296187;OriginalHitTemplateId:920937336;,3600,432000,Mon Jul 16 12:55:11 PDT 2018,,,3VHHR074H5RWD2XV5WDQ80YA81JL7B,A377TAR5S3BU74,Approved,Mon Jul 09 14:30:29 PDT 2018,Mon Jul 09 14:35:54 PDT 2018,Sat Jul 14 14:35:54 PDT 2018,2018-07-14 21:36:00 UTC,,,325,100% (258/258),100% (258/258),100% (206/206),MhSAFL2Pgrc,80,90,Stream,"Sounds of a body of water with a current, confined within a bed and banks.",0,1,{},1,temporal,{},1,1,1,1,1,1,1,1,1,1,1,1,1,1,1,1,1,1,1,1,1,1,1,1,1,1,1,1,1,1,1,1,1,1,1,1,1,1,1,1,{},"Mozilla/5.0 (Windows NT 10.0; Win64; x64) AppleWebKit/537.36 (KHTML, like Gecko) Chrome/67.0.3396.99 Safari/537.36",0,MhSAFL2Pgrc,,
3OCZWXS7ZPHE4ELIR1TRMWORWUWL50,3CM00QMEUMWAO45EUQFF7TCUAYEW69,Annotate when audio source appears in video,Watch a 10 second video clip and tell us when the source of a labeled sound appears in the frame of the video,"annotating, video, audio",$0.07,Mon Jul 09 12:55:11 PDT 2018,1,BatchId:3296187;OriginalHitTemplateId:920937336;,3600,432000,Mon Jul 16 12:55:11 PDT 2018,,,3RYC5T2D753WM6W86243UYYUENPRPP,A229NBQ2QJR4HM,Approved,Mon Jul 09 13:30:45 PDT 2018,Mon Jul 09 13:31:42 PDT 2018,Sat Jul 14 13:31:42 PDT 2018,2018-07-14 20:32:00 UTC,,,57,100% (17/17),100% (17/17),100% (17/17),0mr4d_xkqnU,30,40,Stream,"Sounds of a body of water with a current, confined within a bed and banks.",0,1,{},1,temporal,{},0,0,0,0,0,0,0,0,0,0,0,1,1,1,1,1,1,1,1,1,1,1,1,1,1,1,0,0,0,0,0,0,0,0,0,0,0,0,0,0,{},Mozilla/5.0 (Windows NT 6.3; Win64; x64; rv:61.0) Gecko/20100101 Firefox/61.0,0,0mr4d_xkqnU,,
3GV1I4SEOAZANILWWK3WE22RSP7L6G,3CM00QMEUMWAO45EUQFF7TCUAYEW69,Annotate when audio source appears in video,Watch a 10 second video clip and tell us when the source of a labeled sound appears in the frame of the video,"annotating, video, audio",$0.07,Mon Jul 09 12:55:11 PDT 2018,1,BatchId:3296187;OriginalHitTemplateId:920937336;,3600,432000,Mon Jul 16 12:55:11 PDT 2018,,,30H4UDGLT4S5PQJG1U8M8Z4K80APMJ,A377TAR5S3BU74,Approved,Mon Jul 09 14:18:31 PDT 2018,Mon Jul 09 14:25:49 PDT 2018,Sat Jul 14 14:25:49 PDT 2018,2018-07-14 21:26:00 UTC,,,438,100% (258/258),100% (258/258),100% (206/206),dktDmSB21JQ,0,10,Stream,"Sounds of a body of water with a current, confined within a bed and banks.",0,1,{},1,temporal,{},1,1,1,1,1,1,1,1,1,1,1,1,1,1,1,1,1,1,1,1,1,1,1,1,1,1,1,1,1,1,1,1,1,1,1,1,1,1,1,1,{},"Mozilla/5.0 (Windows NT 10.0; Win64; x64) AppleWebKit/537.36 (KHTML, like Gecko) Chrome/67.0.3396.99 Safari/537.36",0,dktDmSB21JQ,,
3U18MJKL1VWPRZXIIOWEDUYQT6INCC,3CM00QMEUMWAO45EUQFF7TCUAYEW69,Annotate when audio source appears in video,Watch a 10 second video clip and tell us when the source of a labeled sound appears in the frame of the video,"annotating, video, audio",$0.07,Mon Jul 09 12:55:11 PDT 2018,1,BatchId:3296187;OriginalHitTemplateId:920937336;,3600,432000,Mon Jul 16 12:55:11 PDT 2018,,,3OS46CRSLH9G57VK0QA4PVWG4OIV6M,A1F71NCB0Y5Q2C,Approved,Mon Jul 09 13:42:11 PDT 2018,Mon Jul 09 13:42:35 PDT 2018,Sat Jul 14 13:42:35 PDT 2018,2018-07-14 20:43:00 UTC,,,24,100% (27/27),100% (27/27),100% (27/27),C97fmNgVHSQ,340,350,Stream,"Sounds of a body of water with a current, confined within a bed and banks.",0,1,{},1,temporal,{},1,0,0,0,0,0,0,0,0,0,0,0,0,0,0,0,0,0,0,0,0,0,0,0,0,0,0,0,0,0,0,0,0,0,0,0,0,0,0,0,{},"Mozilla/5.0 (Windows NT 10.0; Win64; x64) AppleWebKit/537.36 (KHTML, like Gecko) Chrome/67.0.3396.99 Safari/537.36",0,C97fmNgVHSQ,,
3XAOZ9UYR01Q7T0CIJZB0SA4UKEQ1C,3CM00QMEUMWAO45EUQFF7TCUAYEW69,Annotate when audio source appears in video,Watch a 10 second video clip and tell us when the source of a labeled sound appears in the frame of the video,"annotating, video, audio",$0.07,Mon Jul 09 12:55:11 PDT 2018,1,BatchId:3296187;OriginalHitTemplateId:920937336;,3600,432000,Mon Jul 16 12:55:11 PDT 2018,,,3ERET4BTVOJP7F36ZTZ97WC1ERCK9T,A9LX66EQWDRQ5,Approved,Mon Jul 09 13:29:09 PDT 2018,Mon Jul 09 13:30:07 PDT 2018,Sat Jul 14 13:30:07 PDT 2018,2018-07-14 20:31:00 UTC,,,58,100% (472/472),100% (472/472),100% (472/472),iuVX12hSO_M,340,350,Stream,"Sounds of a body of water with a current, confined within a bed and banks.",0,1,{},1,temporal,{},0,0,0,0,0,0,0,1,1,1,1,1,1,1,1,1,1,1,1,1,1,1,1,1,1,1,1,1,1,1,1,1,1,1,1,1,1,1,1,1,{},"Mozilla/5.0 (Windows NT 10.0; Win64; x64) AppleWebKit/537.36 (KHTML, like Gecko) Chrome/67.0.3396.99 Safari/537.36",0,iuVX12hSO_M,,
3WGZLY9VCIWETKGSCI26F3QDPBVD8E,3CM00QMEUMWAO45EUQFF7TCUAYEW69,Annotate when audio source appears in video,Watch a 10 second video clip and tell us when the source of a labeled sound appears in the frame of the video,"annotating, video, audio",$0.07,Mon Jul 09 12:55:11 PDT 2018,1,BatchId:3296187;OriginalHitTemplateId:920937336;,3600,432000,Mon Jul 16 12:55:11 PDT 2018,,,358010RM5G3TOMFG1DJUP8901SZVXY,A2XK3VMWPMWADQ,Approved,Mon Jul 09 14:28:37 PDT 2018,Mon Jul 09 14:28:51 PDT 2018,Sat Jul 14 14:28:51 PDT 2018,2018-07-14 21:29:00 UTC,,,14,100% (27/27),100% (27/27),100% (27/27),LYAA2acYSJA,80,90,Stream,"Sounds of a body of water with a current, confined within a bed and banks.",0,1,{},1,temporal,{},1,1,1,1,1,1,1,1,1,1,1,1,1,1,1,1,1,1,1,1,1,1,1,1,1,1,1,1,1,1,1,1,1,1,1,1,1,1,1,1,{},"Mozilla/5.0 (Macintosh; Intel Mac OS X 10_12_6) AppleWebKit/537.36 (KHTML, like Gecko) Chrome/67.0.3396.99 Safari/537.36",0,LYAA2acYSJA,,
3INZSNUD810E7PZ2HA8KFZLO9HDD93,3CM00QMEUMWAO45EUQFF7TCUAYEW69,Annotate when audio source appears in video,Watch a 10 second video clip and tell us when the source of a labeled sound appears in the frame of the video,"annotating, video, audio",$0.07,Mon Jul 09 12:55:11 PDT 2018,1,BatchId:3296187;OriginalHitTemplateId:920937336;,3600,432000,Mon Jul 16 12:55:11 PDT 2018,,,35GCEFQ6I7YYH8DCIL193YXSI813Z3,A377TAR5S3BU74,Approved,Mon Jul 09 14:19:42 PDT 2018,Mon Jul 09 14:26:40 PDT 2018,Sat Jul 14 14:26:40 PDT 2018,2018-07-14 21:27:00 UTC,,,418,100% (258/258),100% (258/258),100% (206/206),AlDTSmSBWeM,60,70,Stream,"Sounds of a body of water with a current, confined within a bed and banks.",0,1,{},1,temporal,{},1,1,1,1,1,1,1,1,1,1,1,1,1,1,1,1,1,1,1,1,1,1,1,1,1,1,1,1,1,1,1,1,1,1,1,1,1,1,1,1,{},"Mozilla/5.0 (Windows NT 10.0; Win64; x64) AppleWebKit/537.36 (KHTML, like Gecko) Chrome/67.0.3396.99 Safari/537.36",0,AlDTSmSBWeM,,
3VIVIU06FLMAMKYIYXD0BI7L1LSIM9,3CM00QMEUMWAO45EUQFF7TCUAYEW69,Annotate when audio source appears in video,Watch a 10 second video clip and tell us when the source of a labeled sound appears in the frame of the video,"annotating, video, audio",$0.07,Mon Jul 09 12:55:11 PDT 2018,1,BatchId:3296187;OriginalHitTemplateId:920937336;,3600,432000,Mon Jul 16 12:55:11 PDT 2018,,,3YDTZAI2WZQM48B8AOX0L95MJTT146,A9LX66EQWDRQ5,Approved,Mon Jul 09 13:19:55 PDT 2018,Mon Jul 09 13:22:03 PDT 2018,Sat Jul 14 13:22:03 PDT 2018,2018-07-14 20:23:00 UTC,,,128,100% (472/472),100% (472/472),100% (472/472),3hkns-adtTs,20,30,Stream,"Sounds of a body of water with a current, confined within a bed and banks.",1,1,Chocolate Ice Cream,1,temporal,{},1,1,1,1,1,1,1,1,1,1,1,1,1,1,1,1,1,1,1,1,1,1,1,1,1,1,1,1,1,1,1,1,1,1,1,1,1,1,1,1,{},"Mozilla/5.0 (Windows NT 10.0; Win64; x64) AppleWebKit/537.36 (KHTML, like Gecko) Chrome/67.0.3396.99 Safari/537.36",0,3hkns-adtTs,,
30U1YOGZGB6WC4V1QG8BWUQE152SDT,3CM00QMEUMWAO45EUQFF7TCUAYEW69,Annotate when audio source appears in video,Watch a 10 second video clip and tell us when the source of a labeled sound appears in the frame of the video,"annotating, video, audio",$0.07,Mon Jul 09 12:55:11 PDT 2018,1,BatchId:3296187;OriginalHitTemplateId:920937336;,3600,432000,Mon Jul 16 12:55:11 PDT 2018,,,3B837J3LDQ6TZYC0YJ8XP335176RSF,A1OIBI3PWS4R5K,Approved,Mon Jul 09 13:52:05 PDT 2018,Mon Jul 09 13:52:40 PDT 2018,Sat Jul 14 13:52:40 PDT 2018,2018-07-14 20:53:00 UTC,,,35,100% (5/5),100% (5/5),100% (5/5),2p_8PWxG9dw,30,40,Stream,"Sounds of a body of water with a current, confined within a bed and banks.",0,1,{},1,temporal,{},1,1,1,1,1,1,1,1,1,1,1,1,1,1,1,1,1,1,1,1,1,1,1,1,1,1,1,1,1,1,1,1,1,1,1,1,1,1,1,1,{},"Mozilla/5.0 (Windows NT 6.1; Win64; x64) AppleWebKit/537.36 (KHTML, like Gecko) Chrome/67.0.3396.99 Safari/537.36",0,2p_8PWxG9dw,,
3LCXHSGDLUG14A91MBJV2C8Z1H3SEM,3CM00QMEUMWAO45EUQFF7TCUAYEW69,Annotate when audio source appears in video,Watch a 10 second video clip and tell us when the source of a labeled sound appears in the frame of the video,"annotating, video, audio",$0.07,Mon Jul 09 12:55:11 PDT 2018,1,BatchId:3296187;OriginalHitTemplateId:920937336;,3600,432000,Mon Jul 16 12:55:11 PDT 2018,,,36PW28KO4160QYL1VD265WAG0BOAE2,A1JLQNPXN3NHVP,Approved,Mon Jul 09 13:10:44 PDT 2018,Mon Jul 09 13:11:16 PDT 2018,Sat Jul 14 13:11:16 PDT 2018,2018-07-14 20:12:00 UTC,,,32,100% (13/13),100% (13/13),100% (13/13),KtMUHeCBLAc,110,120,Stream,"Sounds of a body of water with a current, confined within a bed and banks.",0,1,{},1,temporal,{},1,1,1,1,1,1,1,1,1,1,1,1,1,1,1,1,1,1,1,1,1,1,1,1,1,1,1,1,1,1,1,1,1,1,1,1,1,1,1,1,{},"Mozilla/5.0 (Windows NT 10.0; Win64; x64) AppleWebKit/537.36 (KHTML, like Gecko) Chrome/67.0.3396.99 Safari/537.36",0,KtMUHeCBLAc,,
3JUDR1D0D71XWEI81NZP5BK9MQSQ2T,3CM00QMEUMWAO45EUQFF7TCUAYEW69,Annotate when audio source appears in video,Watch a 10 second video clip and tell us when the source of a labeled sound appears in the frame of the video,"annotating, video, audio",$0.07,Mon Jul 09 12:55:11 PDT 2018,1,BatchId:3296187;OriginalHitTemplateId:920937336;,3600,432000,Mon Jul 16 12:55:11 PDT 2018,,,3TE22NPXPDM3W78RX6G2J7CPVDI441,AL2BMIILKARUN,Approved,Mon Jul 09 13:47:02 PDT 2018,Mon Jul 09 13:47:46 PDT 2018,Sat Jul 14 13:47:46 PDT 2018,2018-07-14 20:48:00 UTC,,,44,100% (3/3),100% (3/3),100% (3/3),f3AcdzOld1c,50,60,Stream,"Sounds of a body of water with a current, confined within a bed and banks.",0,1,{},1,temporal,{},1,1,1,1,1,1,1,1,1,1,1,1,1,1,1,1,1,1,1,1,1,1,1,1,1,1,1,1,1,1,1,1,1,1,1,1,1,1,0,0,{},"Mozilla/5.0 (Windows NT 10.0; Win64; x64) AppleWebKit/537.36 (KHTML, like Gecko) Chrome/67.0.3396.99 Safari/537.36",0,f3AcdzOld1c,,
3TRB893CSKKD5QL043B87OXFRJ5G74,3CM00QMEUMWAO45EUQFF7TCUAYEW69,Annotate when audio source appears in video,Watch a 10 second video clip and tell us when the source of a labeled sound appears in the frame of the video,"annotating, video, audio",$0.07,Mon Jul 09 12:55:11 PDT 2018,1,BatchId:3296187;OriginalHitTemplateId:920937336;,3600,432000,Mon Jul 16 12:55:11 PDT 2018,,,3E1QT0TDFRJYNFU8UY8JUK2D2H78IJ,A229NBQ2QJR4HM,Approved,Mon Jul 09 13:31:43 PDT 2018,Mon Jul 09 13:32:22 PDT 2018,Sat Jul 14 13:32:22 PDT 2018,2018-07-14 20:33:00 UTC,,,39,100% (17/17),100% (17/17),100% (17/17),WBEw2QYJifw,180,190,Stream,"Sounds of a body of water with a current, confined within a bed and banks.",0,1,{},1,temporal,{},1,1,1,1,1,1,1,1,1,1,1,1,1,1,1,1,1,1,1,1,1,1,1,1,1,1,1,1,1,1,1,1,1,1,1,1,1,1,1,1,{},Mozilla/5.0 (Windows NT 6.3; Win64; x64; rv:61.0) Gecko/20100101 Firefox/61.0,0,WBEw2QYJifw,,
3PN6H8C9R50SC8979GMKBUW8FZVDAI,3CM00QMEUMWAO45EUQFF7TCUAYEW69,Annotate when audio source appears in video,Watch a 10 second video clip and tell us when the source of a labeled sound appears in the frame of the video,"annotating, video, audio",$0.07,Mon Jul 09 12:55:11 PDT 2018,1,BatchId:3296187;OriginalHitTemplateId:920937336;,3600,432000,Mon Jul 16 12:55:11 PDT 2018,,,3COPXFW7XDMAZ2JDGIV6TMCGJVLPKK,A20F1SLHKHBUT3,Approved,Mon Jul 09 14:32:54 PDT 2018,Mon Jul 09 14:39:42 PDT 2018,Sat Jul 14 14:39:42 PDT 2018,2018-07-14 21:40:00 UTC,,,408,100% (674/674),100% (674/674),100% (574/574),cuomjevHi1I,300,310,Stream,"Sounds of a body of water with a current, confined within a bed and banks.",1,1,{},1,temporal,{},0,0,0,0,0,0,1,1,1,1,1,1,1,1,1,1,1,1,1,1,1,1,1,1,1,1,1,1,1,1,1,1,1,1,1,1,1,1,1,1,{},"Mozilla/5.0 (Windows NT 6.1; Win64; x64) AppleWebKit/537.36 (KHTML, like Gecko) Chrome/67.0.3396.99 Safari/537.36",0,cuomjevHi1I,,
3PUV2Q8SV5EXVIEZFUMG65GEXHGDBD,3CM00QMEUMWAO45EUQFF7TCUAYEW69,Annotate when audio source appears in video,Watch a 10 second video clip and tell us when the source of a labeled sound appears in the frame of the video,"annotating, video, audio",$0.07,Mon Jul 09 12:55:11 PDT 2018,1,BatchId:3296187;OriginalHitTemplateId:920937336;,3600,432000,Mon Jul 16 12:55:11 PDT 2018,,,3RWE2M8QWJK8JR0WWA8W6DSC5HC0NP,A1NOFP5DV5S7DW,Approved,Mon Jul 09 13:09:12 PDT 2018,Mon Jul 09 13:09:29 PDT 2018,Sat Jul 14 13:09:29 PDT 2018,2018-07-14 20:10:00 UTC,,,17,100% (93/93),100% (93/93),100% (28/28),XBT2h_R6Z-A,60,70,Stream,"Sounds of a body of water with a current, confined within a bed and banks.",0,1,{},1,temporal,{},1,1,1,1,1,1,1,1,1,1,1,1,1,1,1,1,1,1,1,1,1,1,1,1,1,1,1,1,1,1,1,1,1,1,1,1,1,1,1,1,{},"Mozilla/5.0 (Windows NT 10.0; Win64; x64) AppleWebKit/537.36 (KHTML, like Gecko) Chrome/67.0.3396.99 Safari/537.36",0,XBT2h_R6Z-A,,
3VGET1QSZ1992CB0J8FQTRJ3L7V7WU,3CM00QMEUMWAO45EUQFF7TCUAYEW69,Annotate when audio source appears in video,Watch a 10 second video clip and tell us when the source of a labeled sound appears in the frame of the video,"annotating, video, audio",$0.07,Mon Jul 09 12:55:11 PDT 2018,1,BatchId:3296187;OriginalHitTemplateId:920937336;,3600,432000,Mon Jul 16 12:55:11 PDT 2018,,,3570Y55XZRTZ6UFVHE6A8LDZGJSYG5,A377TAR5S3BU74,Approved,Mon Jul 09 13:55:50 PDT 2018,Mon Jul 09 13:56:23 PDT 2018,Sat Jul 14 13:56:23 PDT 2018,2018-07-14 20:57:00 UTC,,,33,100% (258/258),100% (258/258),100% (206/206),YkChYN-LYiI,40,50,Stream,"Sounds of a body of water with a current, confined within a bed and banks.",0,1,{},1,temporal,{},1,1,1,1,1,1,1,1,1,1,1,1,1,1,1,1,1,1,1,1,1,1,1,1,1,1,1,1,1,1,1,1,1,1,1,1,1,1,1,1,{},"Mozilla/5.0 (Windows NT 10.0; Win64; x64) AppleWebKit/537.36 (KHTML, like Gecko) Chrome/67.0.3396.99 Safari/537.36",0,YkChYN-LYiI,,
31JUPBOOROEXRW4KPZ0UYGYIYKXL82,3CM00QMEUMWAO45EUQFF7TCUAYEW69,Annotate when audio source appears in video,Watch a 10 second video clip and tell us when the source of a labeled sound appears in the frame of the video,"annotating, video, audio",$0.07,Mon Jul 09 12:55:11 PDT 2018,1,BatchId:3296187;OriginalHitTemplateId:920937336;,3600,432000,Mon Jul 16 12:55:11 PDT 2018,,,3YHH42UU5DPIVRXBKXSHTLON0N40LH,A377TAR5S3BU74,Approved,Mon Jul 09 14:06:47 PDT 2018,Mon Jul 09 14:17:44 PDT 2018,Sat Jul 14 14:17:44 PDT 2018,2018-07-14 21:18:00 UTC,,,657,100% (258/258),100% (258/258),100% (206/206),KjRE7MS5rzo,100,110,Stream,"Sounds of a body of water with a current, confined within a bed and banks.",0,1,{},1,temporal,{},1,1,1,1,1,1,1,1,1,1,1,1,1,1,1,1,1,1,1,1,1,1,1,1,1,1,1,1,1,1,1,1,1,1,1,1,1,1,1,1,{},"Mozilla/5.0 (Windows NT 10.0; Win64; x64) AppleWebKit/537.36 (KHTML, like Gecko) Chrome/67.0.3396.99 Safari/537.36",0,KjRE7MS5rzo,,
33J5JKFMK78MHWER5NDUOLP1S4SQ34,3CM00QMEUMWAO45EUQFF7TCUAYEW69,Annotate when audio source appears in video,Watch a 10 second video clip and tell us when the source of a labeled sound appears in the frame of the video,"annotating, video, audio",$0.07,Mon Jul 09 12:55:11 PDT 2018,1,BatchId:3296187;OriginalHitTemplateId:920937336;,3600,432000,Mon Jul 16 12:55:11 PDT 2018,,,33LKR6A5KGU6LTQYPPY8THHEZTDT1Z,A377TAR5S3BU74,Approved,Mon Jul 09 14:53:37 PDT 2018,Mon Jul 09 15:19:47 PDT 2018,Sat Jul 14 15:19:47 PDT 2018,2018-07-14 22:20:00 UTC,,,1570,100% (258/258),100% (258/258),100% (206/206),GCXJYKtA6Z0,0,10,Stream,"Sounds of a body of water with a current, confined within a bed and banks.",0,1,Stream is behind the voice,1,temporal,{},1,1,1,1,1,1,1,1,1,1,1,1,1,1,1,1,1,1,1,1,1,1,1,1,1,1,1,1,1,1,1,1,1,1,1,1,1,1,1,1,{},"Mozilla/5.0 (Windows NT 10.0; Win64; x64) AppleWebKit/537.36 (KHTML, like Gecko) Chrome/67.0.3396.99 Safari/537.36",0,GCXJYKtA6Z0,,
31YWE12TE1MORCGQTDBCVAXAU917XN,3CM00QMEUMWAO45EUQFF7TCUAYEW69,Annotate when audio source appears in video,Watch a 10 second video clip and tell us when the source of a labeled sound appears in the frame of the video,"annotating, video, audio",$0.07,Mon Jul 09 12:55:12 PDT 2018,1,BatchId:3296187;OriginalHitTemplateId:920937336;,3600,432000,Mon Jul 16 12:55:12 PDT 2018,,,31Z0PCVWUMPKWF50E5FHUR8R2E17TW,A20F1SLHKHBUT3,Approved,Mon Jul 09 14:18:59 PDT 2018,Mon Jul 09 14:35:49 PDT 2018,Sat Jul 14 14:35:49 PDT 2018,2018-07-14 21:36:00 UTC,,,1010,100% (674/674),100% (674/674),100% (574/574),zS6PgyBkjYw,570,580,Stream,"Sounds of a body of water with a current, confined within a bed and banks.",0,1,{},1,temporal,{},1,1,1,1,1,1,1,1,1,1,1,1,1,1,1,1,1,1,1,1,1,1,1,1,1,1,1,1,1,1,1,1,1,1,1,1,1,1,1,1,{},"Mozilla/5.0 (Windows NT 6.1; Win64; x64) AppleWebKit/537.36 (KHTML, like Gecko) Chrome/67.0.3396.99 Safari/537.36",0,zS6PgyBkjYw,,
3HKIF5DF6Z7HJ99TJ09SLKOLM9TG9G,3CM00QMEUMWAO45EUQFF7TCUAYEW69,Annotate when audio source appears in video,Watch a 10 second video clip and tell us when the source of a labeled sound appears in the frame of the video,"annotating, video, audio",$0.07,Mon Jul 09 12:55:12 PDT 2018,1,BatchId:3296187;OriginalHitTemplateId:920937336;,3600,432000,Mon Jul 16 12:55:12 PDT 2018,,,3KXIR214I6QTTTT4TSXEQSFRBZ424L,A20F1SLHKHBUT3,Approved,Mon Jul 09 14:34:45 PDT 2018,Mon Jul 09 14:43:30 PDT 2018,Sat Jul 14 14:43:30 PDT 2018,2018-07-14 21:44:00 UTC,,,525,100% (674/674),100% (674/674),100% (574/574),3J_2qTnPlq4,30,40,Stream,"Sounds of a body of water with a current, confined within a bed and banks.",0,1,{},1,temporal,{},1,1,1,1,1,1,1,1,1,1,1,1,1,1,1,1,1,1,1,1,1,1,1,1,1,1,1,1,1,1,1,1,1,1,1,1,1,1,1,1,{},"Mozilla/5.0 (Windows NT 6.1; Win64; x64) AppleWebKit/537.36 (KHTML, like Gecko) Chrome/67.0.3396.99 Safari/537.36",0,3J_2qTnPlq4,,
32L724R85MUG7NVVQD5SSM1G6Q3IP5,3CM00QMEUMWAO45EUQFF7TCUAYEW69,Annotate when audio source appears in video,Watch a 10 second video clip and tell us when the source of a labeled sound appears in the frame of the video,"annotating, video, audio",$0.07,Mon Jul 09 12:55:12 PDT 2018,1,BatchId:3296187;OriginalHitTemplateId:920937336;,3600,432000,Mon Jul 16 12:55:12 PDT 2018,,,3IFS6Q0HJKTG6Z9H8WEOBB2EEB9SIY,A229NBQ2QJR4HM,Approved,Mon Jul 09 13:24:20 PDT 2018,Mon Jul 09 13:24:48 PDT 2018,Sat Jul 14 13:24:48 PDT 2018,2018-07-14 20:25:00 UTC,,,28,100% (17/17),100% (17/17),100% (17/17),JwLeJlnOBMY,90,100,Stream,"Sounds of a body of water with a current, confined within a bed and banks.",0,1,{},1,temporal,{},1,1,1,1,1,1,1,1,1,1,1,1,1,1,1,1,1,1,1,1,1,1,1,1,1,1,1,1,1,1,1,1,1,1,1,1,1,1,1,1,{},Mozilla/5.0 (Windows NT 6.3; Win64; x64; rv:61.0) Gecko/20100101 Firefox/61.0,0,JwLeJlnOBMY,,
3JGHED38EE1DRH60Y9XEEO4JWFV7YT,3CM00QMEUMWAO45EUQFF7TCUAYEW69,Annotate when audio source appears in video,Watch a 10 second video clip and tell us when the source of a labeled sound appears in the frame of the video,"annotating, video, audio",$0.07,Mon Jul 09 12:55:12 PDT 2018,1,BatchId:3296187;OriginalHitTemplateId:920937336;,3600,432000,Mon Jul 16 12:55:12 PDT 2018,,,3M0BCWMB8X6ZQ8CKMRW8MD1MPX6BW6,A1X388C6SDCDEY,Approved,Mon Jul 09 12:57:35 PDT 2018,Mon Jul 09 13:01:14 PDT 2018,Sat Jul 14 13:01:14 PDT 2018,2018-07-14 20:02:00 UTC,,,219,100% (1/1),100% (1/1),100% (1/1),q4_OdUkQAo4,220,230,Stream,"Sounds of a body of water with a current, confined within a bed and banks.",1,1,{},1,temporal,{},1,1,1,1,1,1,1,1,1,1,1,1,1,1,1,1,1,1,1,1,1,1,1,1,1,1,1,1,1,1,1,1,1,1,1,1,1,1,1,1,{},"Mozilla/5.0 (Windows NT 10.0; Win64; x64) AppleWebKit/537.36 (KHTML, like Gecko) Chrome/67.0.3396.99 Safari/537.36",0,q4_OdUkQAo4,,
3SBX2M1TKEX7ZSXV51IDYQH764OQ4P,3CM00QMEUMWAO45EUQFF7TCUAYEW69,Annotate when audio source appears in video,Watch a 10 second video clip and tell us when the source of a labeled sound appears in the frame of the video,"annotating, video, audio",$0.07,Mon Jul 09 12:55:12 PDT 2018,1,BatchId:3296187;OriginalHitTemplateId:920937336;,3600,432000,Mon Jul 16 12:55:12 PDT 2018,,,3Y54SXRO1NVMUQHWRD8S4JMBAPUUTH,A377TAR5S3BU74,Approved,Mon Jul 09 14:08:42 PDT 2018,Mon Jul 09 14:18:49 PDT 2018,Sat Jul 14 14:18:49 PDT 2018,2018-07-14 21:19:00 UTC,,,607,100% (258/258),100% (258/258),100% (206/206),0PgYIkxNg5Q,30,40,Stream,"Sounds of a body of water with a current, confined within a bed and banks.",0,1,{},1,temporal,{},1,1,1,1,1,1,1,1,1,1,1,1,1,1,1,1,1,1,1,1,1,1,1,1,1,1,1,1,1,1,1,1,1,1,1,1,1,1,1,1,{},"Mozilla/5.0 (Windows NT 10.0; Win64; x64) AppleWebKit/537.36 (KHTML, like Gecko) Chrome/67.0.3396.99 Safari/537.36",0,0PgYIkxNg5Q,,
311HQEI8RTQDW7G5UVZXSVDL29Z7ZK,3CM00QMEUMWAO45EUQFF7TCUAYEW69,Annotate when audio source appears in video,Watch a 10 second video clip and tell us when the source of a labeled sound appears in the frame of the video,"annotating, video, audio",$0.07,Mon Jul 09 12:55:12 PDT 2018,1,BatchId:3296187;OriginalHitTemplateId:920937336;,3600,432000,Mon Jul 16 12:55:12 PDT 2018,,,3TU5ZICBRFBB4DIR76DS3MTZTR2Q8I,A1S7HZI6EWAKMH,Approved,Mon Jul 09 14:06:51 PDT 2018,Mon Jul 09 14:07:33 PDT 2018,Sat Jul 14 14:07:33 PDT 2018,2018-07-14 21:08:00 UTC,,,42,100% (10/10),100% (10/10),100% (8/8),xmd2fXgYtNg,330,340,Stream,"Sounds of a body of water with a current, confined within a bed and banks.",0,1,{},1,temporal,{},1,1,1,1,1,1,1,1,1,1,1,1,1,1,1,1,1,1,1,1,1,1,1,1,1,1,1,1,1,1,1,1,1,1,1,1,1,1,1,1,{},"Mozilla/5.0 (Macintosh; Intel Mac OS X 10_13_1) AppleWebKit/604.3.5 (KHTML, like Gecko) Version/11.0.1 Safari/604.3.5",0,xmd2fXgYtNg,,
3AFT28WXLGCYMNJUBDSD3MWQWL7IOO,3CM00QMEUMWAO45EUQFF7TCUAYEW69,Annotate when audio source appears in video,Watch a 10 second video clip and tell us when the source of a labeled sound appears in the frame of the video,"annotating, video, audio",$0.07,Mon Jul 09 12:55:12 PDT 2018,1,BatchId:3296187;OriginalHitTemplateId:920937336;,3600,432000,Mon Jul 16 12:55:12 PDT 2018,,,3CPLWGV3MQ9QFLO9W6RPZOT58M49NA,A24HLD3Q8INQ4Z,Approved,Mon Jul 09 14:22:41 PDT 2018,Mon Jul 09 14:23:10 PDT 2018,Sat Jul 14 14:23:10 PDT 2018,2018-07-14 21:24:00 UTC,,,29,100% (18/18),100% (18/18),100% (18/18),3mXQxwzGCf4,0,10,Stream,"Sounds of a body of water with a current, confined within a bed and banks.",0,1,{},1,temporal,{},1,1,1,1,1,1,1,1,1,1,1,1,1,1,1,1,1,1,1,1,1,1,1,1,1,1,1,1,1,1,1,1,1,1,1,1,1,1,1,1,{},Mozilla/5.0 (Windows NT 10.0; Win64; x64; rv:61.0) Gecko/20100101 Firefox/61.0,0,3mXQxwzGCf4,,
38Z7YZ2SB4C17ZWAQQKHSRRQBMPIQW,3CM00QMEUMWAO45EUQFF7TCUAYEW69,Annotate when audio source appears in video,Watch a 10 second video clip and tell us when the source of a labeled sound appears in the frame of the video,"annotating, video, audio",$0.07,Mon Jul 09 12:55:12 PDT 2018,1,BatchId:3296187;OriginalHitTemplateId:920937336;,3600,432000,Mon Jul 16 12:55:12 PDT 2018,,,3GM6G9ZBKP73HICNIBH6D95HX3BTM8,A9LX66EQWDRQ5,Approved,Mon Jul 09 13:31:25 PDT 2018,Mon Jul 09 13:32:06 PDT 2018,Sat Jul 14 13:32:06 PDT 2018,2018-07-14 20:33:00 UTC,,,41,100% (472/472),100% (472/472),100% (472/472),8fJaPyjFTWI,420,430,Stream,"Sounds of a body of water with a current, confined within a bed and banks.",0,1,{},1,temporal,{},1,1,1,1,1,1,1,1,1,1,1,1,1,1,1,1,1,1,1,1,1,1,1,1,1,1,1,1,1,1,1,1,1,1,1,1,1,1,1,1,{},"Mozilla/5.0 (Windows NT 10.0; Win64; x64) AppleWebKit/537.36 (KHTML, like Gecko) Chrome/67.0.3396.99 Safari/537.36",0,8fJaPyjFTWI,,
3ZRKL6Z1E9DZOO5SS69J2FTBEXISG3,3CM00QMEUMWAO45EUQFF7TCUAYEW69,Annotate when audio source appears in video,Watch a 10 second video clip and tell us when the source of a labeled sound appears in the frame of the video,"annotating, video, audio",$0.07,Mon Jul 09 12:55:12 PDT 2018,1,BatchId:3296187;OriginalHitTemplateId:920937336;,3600,432000,Mon Jul 16 12:55:12 PDT 2018,,,3NG53N1RLXTQ41HC7TY33H3POVZ8PS,A9LX66EQWDRQ5,Approved,Mon Jul 09 13:26:50 PDT 2018,Mon Jul 09 13:27:25 PDT 2018,Sat Jul 14 13:27:25 PDT 2018,2018-07-14 20:28:00 UTC,,,35,100% (472/472),100% (472/472),100% (472/472),8jwanCDpyro,40,50,Stream,"Sounds of a body of water with a current, confined within a bed and banks.",0,1,{},1,temporal,{},1,1,1,1,1,1,1,1,1,1,1,1,1,1,1,1,1,1,1,1,1,1,1,1,1,1,1,1,1,1,1,1,1,1,1,1,1,1,1,1,{},"Mozilla/5.0 (Windows NT 10.0; Win64; x64) AppleWebKit/537.36 (KHTML, like Gecko) Chrome/67.0.3396.99 Safari/537.36",0,8jwanCDpyro,,
