HITId,HITTypeId,Title,Description,Keywords,Reward,CreationTime,MaxAssignments,RequesterAnnotation,AssignmentDurationInSeconds,AutoApprovalDelayInSeconds,Expiration,NumberOfSimilarHITs,LifetimeInSeconds,AssignmentId,WorkerId,AssignmentStatus,AcceptTime,SubmitTime,AutoApprovalTime,ApprovalTime,RejectionTime,RequesterFeedback,WorkTimeInSeconds,LifetimeApprovalRate,Last30DaysApprovalRate,Last7DaysApprovalRate,Input.ytid,Input.start,Input.end,Input.label,Input.description,Answer.clickedInstructions,Answer.clickedPlay,Answer.comments,Answer.contains,Answer.identifier,Answer.improve,Answer.loc-00,Answer.loc-01,Answer.loc-02,Answer.loc-03,Answer.loc-04,Answer.loc-05,Answer.loc-06,Answer.loc-07,Answer.loc-08,Answer.loc-09,Answer.loc-10,Answer.loc-11,Answer.loc-12,Answer.loc-13,Answer.loc-14,Answer.loc-15,Answer.loc-16,Answer.loc-17,Answer.loc-18,Answer.loc-19,Answer.loc-20,Answer.loc-21,Answer.loc-22,Answer.loc-23,Answer.loc-24,Answer.loc-25,Answer.loc-26,Answer.loc-27,Answer.loc-28,Answer.loc-29,Answer.loc-30,Answer.loc-31,Answer.loc-32,Answer.loc-33,Answer.loc-34,Answer.loc-35,Answer.loc-36,Answer.loc-37,Answer.loc-38,Answer.loc-39,Answer.reason,Answer.userAgent,Answer.youtubeError,Answer.ytid,Approve,Reject
3D3B8GE8931NWM2SMJZFFT2DNIGP9T,3CM00QMEUMWAO45EUQFF7TCUAYEW69,Annotate when audio source appears in video,Watch a 10 second video clip and tell us when the source of a labeled sound appears in the frame of the video,"annotating, video, audio",$0.07,Wed Jul 18 08:50:13 PDT 2018,1,BatchId:3307005;OriginalHitTemplateId:920937336;,3600,432000,Wed Jul 25 08:50:13 PDT 2018,,,3QIYRE09Y5R8QGLESTCWKIBMB1JN11,A95FVDFYLP95D,Approved,Wed Jul 18 10:37:16 PDT 2018,Wed Jul 18 10:37:37 PDT 2018,Mon Jul 23 10:37:37 PDT 2018,Wed Jul 18 14:20:07 PDT 2018,,,21,100% (72/72),100% (72/72),100% (72/72),bygvcgA07Hw,40,50,Microwave oven,"Sounds made by a kitchen appliance that heats food by exposing it to microwave radiation, including the noise of the fan, rotation mechanism, and microwave source, as well as the alert sound used to indicate that cooking is complete.",0,1,{},1,temporal,{},1,1,1,1,1,1,1,1,1,1,1,1,1,1,1,1,1,1,1,1,1,1,1,1,1,1,1,1,1,1,1,1,1,1,1,1,1,1,1,1,{},"Mozilla/5.0 (Windows NT 10.0; Win64; x64) AppleWebKit/537.36 (KHTML, like Gecko) Chrome/67.0.3396.87 Safari/537.36",0,bygvcgA07Hw
3XUSYT70IUBWBVBPHEPRMOKV6VJD0R,3CM00QMEUMWAO45EUQFF7TCUAYEW69,Annotate when audio source appears in video,Watch a 10 second video clip and tell us when the source of a labeled sound appears in the frame of the video,"annotating, video, audio",$0.07,Wed Jul 18 08:50:14 PDT 2018,1,BatchId:3307005;OriginalHitTemplateId:920937336;,3600,432000,Wed Jul 25 08:50:14 PDT 2018,,,3BDCF01OGZ4FSMTWS53QLDI7DQVLYW,A1E0ZJDLHLF96H,Approved,Wed Jul 18 09:02:41 PDT 2018,Wed Jul 18 09:02:56 PDT 2018,Mon Jul 23 09:02:56 PDT 2018,Wed Jul 18 14:20:08 PDT 2018,,,15,97% (34/35),97% (34/35),97% (34/35),FoMuLUX3Y2g,28,38,Microwave oven,"Sounds made by a kitchen appliance that heats food by exposing it to microwave radiation, including the noise of the fan, rotation mechanism, and microwave source, as well as the alert sound used to indicate that cooking is complete.",0,1,{},1,temporal,{},1,1,1,1,1,1,1,1,1,1,1,1,1,1,1,1,1,1,1,1,1,1,1,1,1,1,1,1,1,1,1,1,1,1,1,1,1,1,1,1,{},"Mozilla/5.0 (Macintosh; Intel Mac OS X 10_13_5) AppleWebKit/537.36 (KHTML, like Gecko) Chrome/67.0.3396.99 Safari/537.36",0,FoMuLUX3Y2g
3K3IX1W4S71115CXEPDFBODXT0YPA8,3CM00QMEUMWAO45EUQFF7TCUAYEW69,Annotate when audio source appears in video,Watch a 10 second video clip and tell us when the source of a labeled sound appears in the frame of the video,"annotating, video, audio",$0.07,Wed Jul 18 08:50:14 PDT 2018,1,BatchId:3307005;OriginalHitTemplateId:920937336;,3600,432000,Wed Jul 25 08:50:14 PDT 2018,,,3LRKMWOKB7R9WQHTELN4KOS0DMCZ2K,A2ZIGSDJBN5WWG,Approved,Wed Jul 18 11:01:53 PDT 2018,Wed Jul 18 11:02:27 PDT 2018,Mon Jul 23 11:02:27 PDT 2018,Wed Jul 18 14:20:08 PDT 2018,,,34,100% (20/20),100% (20/20),100% (20/20),6iuNxW3YBvo,10,20,Microwave oven,"Sounds made by a kitchen appliance that heats food by exposing it to microwave radiation, including the noise of the fan, rotation mechanism, and microwave source, as well as the alert sound used to indicate that cooking is complete.",0,1,{},1,temporal,{},1,1,1,1,1,1,1,1,1,1,1,1,1,1,1,1,1,1,1,1,1,1,1,1,1,1,1,1,1,1,1,1,1,1,1,1,1,1,1,1,{},Mozilla/5.0 (Windows NT 6.1; WOW64; rv:52.0) Gecko/20100101 Firefox/52.0,0,6iuNxW3YBvo
33P2GD6NRO2F01NV73IZWTE2CLIKHD,3CM00QMEUMWAO45EUQFF7TCUAYEW69,Annotate when audio source appears in video,Watch a 10 second video clip and tell us when the source of a labeled sound appears in the frame of the video,"annotating, video, audio",$0.07,Wed Jul 18 08:50:14 PDT 2018,1,BatchId:3307005;OriginalHitTemplateId:920937336;,3600,432000,Wed Jul 25 08:50:14 PDT 2018,,,3WI0P0II632NX9TI1TD8U4H51VXRD5,AEEV7M97XKJ9A,Approved,Wed Jul 18 09:49:22 PDT 2018,Wed Jul 18 09:50:44 PDT 2018,Mon Jul 23 09:50:44 PDT 2018,Wed Jul 18 14:20:08 PDT 2018,,,82,100% (15/15),100% (15/15),100% (15/15),X328icJwYvs,10,20,Microwave oven,"Sounds made by a kitchen appliance that heats food by exposing it to microwave radiation, including the noise of the fan, rotation mechanism, and microwave source, as well as the alert sound used to indicate that cooking is complete.",0,1,{},1,temporal,{},1,1,1,1,1,1,1,1,1,1,1,1,1,1,1,1,1,1,1,1,1,1,1,1,1,1,1,1,1,1,1,1,0,0,0,0,0,0,0,0,{},"Mozilla/5.0 (X11; CrOS x86_64 10575.58.0) AppleWebKit/537.36 (KHTML, like Gecko) Chrome/67.0.3396.99 Safari/537.36",0,X328icJwYvs
32TMVRKDGO81TOXZJ71DCZW7CG284W,3CM00QMEUMWAO45EUQFF7TCUAYEW69,Annotate when audio source appears in video,Watch a 10 second video clip and tell us when the source of a labeled sound appears in the frame of the video,"annotating, video, audio",$0.07,Wed Jul 18 08:50:14 PDT 2018,1,BatchId:3307005;OriginalHitTemplateId:920937336;,3600,432000,Wed Jul 25 08:50:14 PDT 2018,,,3LPW2N6LKVCK9O66QHQU13GXVEPU5S,A2VE5IV9OD2SK1,Approved,Wed Jul 18 11:05:28 PDT 2018,Wed Jul 18 11:12:37 PDT 2018,Mon Jul 23 11:12:37 PDT 2018,Wed Jul 18 14:20:08 PDT 2018,,,429,100% (296/297),100% (296/297),100% (287/288),nuzrWX2vSEU,90,100,Microwave oven,"Sounds made by a kitchen appliance that heats food by exposing it to microwave radiation, including the noise of the fan, rotation mechanism, and microwave source, as well as the alert sound used to indicate that cooking is complete.",0,1,{},1,temporal,{},0,0,0,0,0,0,0,0,0,0,0,0,0,1,1,1,1,1,1,1,1,1,1,1,1,1,1,1,1,1,1,1,1,1,1,1,1,1,1,1,{},"Mozilla/5.0 (Windows NT 6.1; WOW64) AppleWebKit/537.36 (KHTML, like Gecko) Chrome/67.0.3396.99 Safari/537.36",0,nuzrWX2vSEU
3UL5XDRDNDTJP71ZXCKNHR2LCCX851,3CM00QMEUMWAO45EUQFF7TCUAYEW69,Annotate when audio source appears in video,Watch a 10 second video clip and tell us when the source of a labeled sound appears in the frame of the video,"annotating, video, audio",$0.07,Wed Jul 18 08:50:14 PDT 2018,1,BatchId:3307005;OriginalHitTemplateId:920937336;,3600,432000,Wed Jul 25 08:50:14 PDT 2018,,,3IJXV6UZ1ZT45K94T7EJL1XIT1HIRC,A24MVIOAF7SBLP,Approved,Wed Jul 18 12:44:20 PDT 2018,Wed Jul 18 12:45:20 PDT 2018,Mon Jul 23 12:45:20 PDT 2018,Wed Jul 18 14:20:09 PDT 2018,,,60,100% (400/400),100% (400/400),100% (354/354),HklXiLObQ5Y,0,10,Microwave oven,"Sounds made by a kitchen appliance that heats food by exposing it to microwave radiation, including the noise of the fan, rotation mechanism, and microwave source, as well as the alert sound used to indicate that cooking is complete.",0,1,{},1,temporal,{},0,0,0,0,0,0,0,0,0,0,0,0,0,0,0,0,0,0,0,0,0,0,1,1,0,0,0,0,0,0,0,0,0,0,1,1,0,0,0,0,{},"Mozilla/5.0 (Windows NT 10.0; Win64; x64) AppleWebKit/537.36 (KHTML, like Gecko) Chrome/67.0.3396.99 Safari/537.36",0,HklXiLObQ5Y
3YLTXLH3DGGGBSKBKVN7SA016VOHPB,3CM00QMEUMWAO45EUQFF7TCUAYEW69,Annotate when audio source appears in video,Watch a 10 second video clip and tell us when the source of a labeled sound appears in the frame of the video,"annotating, video, audio",$0.07,Wed Jul 18 08:50:14 PDT 2018,1,BatchId:3307005;OriginalHitTemplateId:920937336;,3600,432000,Wed Jul 25 08:50:14 PDT 2018,,,3AMYWKA6YDWLFNMNZEOQU3289N9O6M,A1DWJDNFZNQUFC,Approved,Wed Jul 18 10:54:00 PDT 2018,Wed Jul 18 10:54:56 PDT 2018,Mon Jul 23 10:54:56 PDT 2018,Wed Jul 18 14:20:09 PDT 2018,,,56,100% (280/281),100% (280/281),100% (252/253),TQxmEd-tANY,30,40,Microwave oven,"Sounds made by a kitchen appliance that heats food by exposing it to microwave radiation, including the noise of the fan, rotation mechanism, and microwave source, as well as the alert sound used to indicate that cooking is complete.",0,1,{},1,temporal,{},0,0,0,0,0,0,0,0,0,0,0,0,0,0,0,0,0,0,0,0,0,0,0,0,0,0,0,0,0,0,0,0,1,1,1,1,1,1,1,1,{},"Mozilla/5.0 (Windows NT 10.0; Win64; x64) AppleWebKit/537.36 (KHTML, like Gecko) Chrome/67.0.3396.99 Safari/537.36",0,TQxmEd-tANY
3M47JKRKCYBF8B1D2VUS9XGL87886H,3CM00QMEUMWAO45EUQFF7TCUAYEW69,Annotate when audio source appears in video,Watch a 10 second video clip and tell us when the source of a labeled sound appears in the frame of the video,"annotating, video, audio",$0.07,Wed Jul 18 08:50:14 PDT 2018,1,BatchId:3307005;OriginalHitTemplateId:920937336;,3600,432000,Wed Jul 25 08:50:14 PDT 2018,,,3TXWC2NHN10NVYGE428BYI3BWC29SV,A1Y05LXXGPVRXZ,Approved,Wed Jul 18 09:50:39 PDT 2018,Wed Jul 18 09:51:03 PDT 2018,Mon Jul 23 09:51:03 PDT 2018,Wed Jul 18 14:20:09 PDT 2018,,,24,96% (46/48),96% (46/48),96% (46/48),DjCyug1SeVQ,30,40,Microwave oven,"Sounds made by a kitchen appliance that heats food by exposing it to microwave radiation, including the noise of the fan, rotation mechanism, and microwave source, as well as the alert sound used to indicate that cooking is complete.",0,1,{},1,temporal,{},1,1,1,1,1,1,1,1,1,1,1,1,1,1,1,1,1,1,1,1,1,1,1,1,1,1,1,1,1,1,1,1,1,1,1,1,1,1,1,1,{},"Mozilla/5.0 (Windows NT 6.1; Win64; x64) AppleWebKit/537.36 (KHTML, like Gecko) Chrome/67.0.3396.99 Safari/537.36",0,DjCyug1SeVQ
3I01FDIL6NI375E3W1T55CDA3T3D2B,3CM00QMEUMWAO45EUQFF7TCUAYEW69,Annotate when audio source appears in video,Watch a 10 second video clip and tell us when the source of a labeled sound appears in the frame of the video,"annotating, video, audio",$0.07,Wed Jul 18 08:50:14 PDT 2018,1,BatchId:3307005;OriginalHitTemplateId:920937336;,3600,432000,Wed Jul 25 08:50:14 PDT 2018,,,3PJUZCGDJ8Q5CE15Q426HR3AKJI98K,A2ZIGSDJBN5WWG,Approved,Wed Jul 18 11:08:30 PDT 2018,Wed Jul 18 11:08:58 PDT 2018,Mon Jul 23 11:08:58 PDT 2018,Wed Jul 18 14:20:09 PDT 2018,,,28,100% (20/20),100% (20/20),100% (20/20),-5zL0Mj34XQ,30,40,Microwave oven,"Sounds made by a kitchen appliance that heats food by exposing it to microwave radiation, including the noise of the fan, rotation mechanism, and microwave source, as well as the alert sound used to indicate that cooking is complete.",0,1,{},1,temporal,{},1,1,1,1,1,1,1,1,1,1,1,1,1,1,1,1,1,1,1,1,1,1,1,1,1,1,1,1,1,1,1,1,1,1,1,1,1,1,1,1,{},Mozilla/5.0 (Windows NT 6.1; WOW64; rv:52.0) Gecko/20100101 Firefox/52.0,0,-5zL0Mj34XQ
32PT7WK7DNPSSNAM017AOMI2973D3M,3CM00QMEUMWAO45EUQFF7TCUAYEW69,Annotate when audio source appears in video,Watch a 10 second video clip and tell us when the source of a labeled sound appears in the frame of the video,"annotating, video, audio",$0.07,Wed Jul 18 08:50:14 PDT 2018,1,BatchId:3307005;OriginalHitTemplateId:920937336;,3600,432000,Wed Jul 25 08:50:14 PDT 2018,,,34FNN24DCOJ1QXQB0INJ4OMAR1QY5I,A2VE5IV9OD2SK1,Approved,Wed Jul 18 10:31:47 PDT 2018,Wed Jul 18 10:32:23 PDT 2018,Mon Jul 23 10:32:23 PDT 2018,Wed Jul 18 14:20:10 PDT 2018,,,36,100% (296/297),100% (296/297),100% (287/288),EoRbml_QZCY,30,40,Microwave oven,"Sounds made by a kitchen appliance that heats food by exposing it to microwave radiation, including the noise of the fan, rotation mechanism, and microwave source, as well as the alert sound used to indicate that cooking is complete.",0,1,{},1,temporal,{},1,1,1,1,1,1,1,1,1,1,1,1,1,1,1,1,1,1,1,1,1,1,1,1,1,1,1,1,1,1,1,0,1,1,1,1,1,1,1,1,{},"Mozilla/5.0 (Windows NT 6.1; WOW64) AppleWebKit/537.36 (KHTML, like Gecko) Chrome/67.0.3396.99 Safari/537.36",0,EoRbml_QZCY
373L46LKP8GBR7ILV3LK86UHPDMKJI,3CM00QMEUMWAO45EUQFF7TCUAYEW69,Annotate when audio source appears in video,Watch a 10 second video clip and tell us when the source of a labeled sound appears in the frame of the video,"annotating, video, audio",$0.07,Wed Jul 18 08:50:14 PDT 2018,1,BatchId:3307005;OriginalHitTemplateId:920937336;,3600,432000,Wed Jul 25 08:50:14 PDT 2018,,,3RRCEFRB7OMNH6T0CLQPRLIV6YM4BH,A2VE5IV9OD2SK1,Approved,Wed Jul 18 13:17:52 PDT 2018,Wed Jul 18 13:25:24 PDT 2018,Mon Jul 23 13:25:24 PDT 2018,Wed Jul 18 14:20:11 PDT 2018,,,452,100% (296/297),100% (296/297),100% (287/288),c4XRRkyoCM8,30,40,Microwave oven,"Sounds made by a kitchen appliance that heats food by exposing it to microwave radiation, including the noise of the fan, rotation mechanism, and microwave source, as well as the alert sound used to indicate that cooking is complete.",0,1,{},1,temporal,{},0,0,0,0,0,0,0,0,0,0,0,0,0,0,0,0,0,0,0,0,0,0,0,0,0,1,0,0,0,0,1,0,0,0,0,1,1,1,1,1,{},"Mozilla/5.0 (Windows NT 6.1; WOW64) AppleWebKit/537.36 (KHTML, like Gecko) Chrome/67.0.3396.99 Safari/537.36",0,c4XRRkyoCM8
3UY4PIS8QSV54WNK2R7UWYFZPRRN1M,3CM00QMEUMWAO45EUQFF7TCUAYEW69,Annotate when audio source appears in video,Watch a 10 second video clip and tell us when the source of a labeled sound appears in the frame of the video,"annotating, video, audio",$0.07,Wed Jul 18 08:50:14 PDT 2018,1,BatchId:3307005;OriginalHitTemplateId:920937336;,3600,432000,Wed Jul 25 08:50:14 PDT 2018,,,3IQ1VMJRYVUJV2UKN2MKDI95A59A9C,A1E0ZJDLHLF96H,Approved,Wed Jul 18 08:58:25 PDT 2018,Wed Jul 18 08:58:43 PDT 2018,Mon Jul 23 08:58:43 PDT 2018,Wed Jul 18 14:20:11 PDT 2018,,,18,97% (34/35),97% (34/35),97% (34/35),uoSdYZ3v_wY,20,30,Microwave oven,"Sounds made by a kitchen appliance that heats food by exposing it to microwave radiation, including the noise of the fan, rotation mechanism, and microwave source, as well as the alert sound used to indicate that cooking is complete.",0,1,{},1,temporal,{},1,1,1,1,1,1,1,1,1,1,1,1,1,1,1,1,1,1,1,1,1,1,1,1,1,1,1,1,1,1,1,1,1,1,1,1,1,1,1,1,{},"Mozilla/5.0 (Macintosh; Intel Mac OS X 10_13_5) AppleWebKit/537.36 (KHTML, like Gecko) Chrome/67.0.3396.99 Safari/537.36",0,uoSdYZ3v_wY
3J94SKDEKJZV62XQEKV33JGMN3UD5C,3CM00QMEUMWAO45EUQFF7TCUAYEW69,Annotate when audio source appears in video,Watch a 10 second video clip and tell us when the source of a labeled sound appears in the frame of the video,"annotating, video, audio",$0.07,Wed Jul 18 08:50:15 PDT 2018,2,BatchId:3307005;OriginalHitTemplateId:920937336;,3600,432000,Wed Jul 25 14:11:01 PDT 2018,,,3BDCF01OGZ4FSMTWS53QLDI7DRIYLY,A18KNHVFKH49RO,Rejected,Wed Jul 18 10:05:32 PDT 2018,Wed Jul 18 10:09:27 PDT 2018,Mon Jul 23 10:09:27 PDT 2018,,Wed Jul 18 14:11:00 PDT 2018,"This is not a microwave, the correct response is UNRELATED",235,0% (0/1),0% (0/1),0% (0/1),uUJo3VNS23E,10,20,Microwave oven,"Sounds made by a kitchen appliance that heats food by exposing it to microwave radiation, including the noise of the fan, rotation mechanism, and microwave source, as well as the alert sound used to indicate that cooking is complete.",1,1,{},1,temporal,{},1,1,1,1,1,1,1,1,1,1,1,1,1,1,1,1,1,1,1,1,1,1,1,1,1,1,1,1,1,1,1,1,1,1,1,1,1,1,1,1,{},"Mozilla/5.0 (Windows NT 6.1; Win64; x64) AppleWebKit/537.36 (KHTML, like Gecko) Chrome/67.0.3396.99 Safari/537.36",0,uUJo3VNS23E
3DFYDSXB2XAPU3NXPHPMET3FR4KUJP,3CM00QMEUMWAO45EUQFF7TCUAYEW69,Annotate when audio source appears in video,Watch a 10 second video clip and tell us when the source of a labeled sound appears in the frame of the video,"annotating, video, audio",$0.07,Wed Jul 18 08:50:15 PDT 2018,1,BatchId:3307005;OriginalHitTemplateId:920937336;,3600,432000,Wed Jul 25 08:50:15 PDT 2018,,,3FDJT1UU76I66S1UW3MSVG7ZTM95KM,A290O8F4RFJTU6,Approved,Wed Jul 18 10:04:30 PDT 2018,Wed Jul 18 10:04:56 PDT 2018,Mon Jul 23 10:04:56 PDT 2018,Wed Jul 18 14:20:12 PDT 2018,,,26,100% (18/18),100% (18/18),100% (18/18),ibrIFgQGdew,10,20,Microwave oven,"Sounds made by a kitchen appliance that heats food by exposing it to microwave radiation, including the noise of the fan, rotation mechanism, and microwave source, as well as the alert sound used to indicate that cooking is complete.",0,1,{},1,temporal,{},1,1,1,1,1,1,1,1,1,1,1,1,1,1,1,1,1,1,1,1,1,1,1,1,1,1,1,1,1,1,1,1,1,1,1,1,1,1,1,1,{},"Mozilla/5.0 (Windows NT 6.1; Win64; x64) AppleWebKit/537.36 (KHTML, like Gecko) Chrome/67.0.3396.99 Safari/537.36",0,ibrIFgQGdew
3GITHABACZVCTH5GLV781HP4HX5N23,3CM00QMEUMWAO45EUQFF7TCUAYEW69,Annotate when audio source appears in video,Watch a 10 second video clip and tell us when the source of a labeled sound appears in the frame of the video,"annotating, video, audio",$0.07,Wed Jul 18 08:50:15 PDT 2018,1,BatchId:3307005;OriginalHitTemplateId:920937336;,3600,432000,Wed Jul 25 08:50:15 PDT 2018,,,3IOEN3P9S9T0JVFMTCQFI7P0GAW165,A1E0ZJDLHLF96H,Approved,Wed Jul 18 08:59:21 PDT 2018,Wed Jul 18 08:59:54 PDT 2018,Mon Jul 23 08:59:54 PDT 2018,Wed Jul 18 14:20:12 PDT 2018,,,33,97% (34/35),97% (34/35),97% (34/35),3INSmRqeh4Q,7,17,Microwave oven,"Sounds made by a kitchen appliance that heats food by exposing it to microwave radiation, including the noise of the fan, rotation mechanism, and microwave source, as well as the alert sound used to indicate that cooking is complete.",0,1,The person is microwaving a 'Fenix T1',1,temporal,{},1,1,1,1,1,1,1,1,1,1,1,1,1,1,1,1,1,1,1,1,1,1,1,1,1,1,1,1,1,1,1,1,1,1,1,1,1,1,1,1,{},"Mozilla/5.0 (Macintosh; Intel Mac OS X 10_13_5) AppleWebKit/537.36 (KHTML, like Gecko) Chrome/67.0.3396.99 Safari/537.36",0,3INSmRqeh4Q
3J6BHNX0UA27AX96A1DC1DBYYXRKNM,3CM00QMEUMWAO45EUQFF7TCUAYEW69,Annotate when audio source appears in video,Watch a 10 second video clip and tell us when the source of a labeled sound appears in the frame of the video,"annotating, video, audio",$0.07,Wed Jul 18 08:50:15 PDT 2018,1,BatchId:3307005;OriginalHitTemplateId:920937336;,3600,432000,Wed Jul 25 08:50:15 PDT 2018,,,3S4AW7T80DSZUFFC3YFJ5OE0IQGL4X,AEEV7M97XKJ9A,Approved,Wed Jul 18 09:51:26 PDT 2018,Wed Jul 18 09:56:27 PDT 2018,Mon Jul 23 09:56:27 PDT 2018,Wed Jul 18 14:20:12 PDT 2018,,,301,100% (15/15),100% (15/15),100% (15/15),tZS5yWeDU3M,20,30,Microwave oven,"Sounds made by a kitchen appliance that heats food by exposing it to microwave radiation, including the noise of the fan, rotation mechanism, and microwave source, as well as the alert sound used to indicate that cooking is complete.",0,1,{},1,temporal,{},1,1,1,1,1,1,1,1,1,1,1,1,1,1,1,1,1,1,1,1,1,1,1,1,1,1,1,1,1,1,1,1,1,1,1,1,1,1,1,1,{},"Mozilla/5.0 (X11; CrOS x86_64 10575.58.0) AppleWebKit/537.36 (KHTML, like Gecko) Chrome/67.0.3396.99 Safari/537.36",0,tZS5yWeDU3M
3UUSLRKAUMDAT6B92DA013UIE9PD7R,3CM00QMEUMWAO45EUQFF7TCUAYEW69,Annotate when audio source appears in video,Watch a 10 second video clip and tell us when the source of a labeled sound appears in the frame of the video,"annotating, video, audio",$0.07,Wed Jul 18 08:50:15 PDT 2018,1,BatchId:3307005;OriginalHitTemplateId:920937336;,3600,432000,Wed Jul 25 08:50:15 PDT 2018,,,3U088ZLJVM3Y6L9AOBZJ2W53ZMGW0Z,AHK038EGNYT4G,Approved,Wed Jul 18 12:50:31 PDT 2018,Wed Jul 18 12:51:11 PDT 2018,Mon Jul 23 12:51:11 PDT 2018,Wed Jul 18 14:20:13 PDT 2018,,,40,99% (120/121),99% (120/121),99% (120/121),m1A4rV_Ix3Y,30,40,Microwave oven,"Sounds made by a kitchen appliance that heats food by exposing it to microwave radiation, including the noise of the fan, rotation mechanism, and microwave source, as well as the alert sound used to indicate that cooking is complete.",0,1,{},1,temporal,{},1,1,1,1,1,1,1,0,0,0,0,0,0,0,0,0,0,0,0,0,0,0,0,0,0,0,0,0,0,0,0,0,0,0,0,0,0,0,0,0,{},"Mozilla/5.0 (Windows NT 10.0; Win64; x64) AppleWebKit/537.36 (KHTML, like Gecko) Chrome/67.0.3396.99 Safari/537.36",0,m1A4rV_Ix3Y
3EQVJH0T41VE3KDI1CWRXK1YVY9HTG,3CM00QMEUMWAO45EUQFF7TCUAYEW69,Annotate when audio source appears in video,Watch a 10 second video clip and tell us when the source of a labeled sound appears in the frame of the video,"annotating, video, audio",$0.07,Wed Jul 18 08:50:15 PDT 2018,1,BatchId:3307005;OriginalHitTemplateId:920937336;,3600,432000,Wed Jul 25 08:50:15 PDT 2018,,,3M0BCWMB8X6ZQ8CKMRW8MD1MQPEWBK,A95FVDFYLP95D,Approved,Wed Jul 18 10:38:03 PDT 2018,Wed Jul 18 10:38:21 PDT 2018,Mon Jul 23 10:38:21 PDT 2018,Wed Jul 18 14:20:13 PDT 2018,,,18,100% (72/72),100% (72/72),100% (72/72),ZdA6I7-0DdI,60,70,Microwave oven,"Sounds made by a kitchen appliance that heats food by exposing it to microwave radiation, including the noise of the fan, rotation mechanism, and microwave source, as well as the alert sound used to indicate that cooking is complete.",0,1,{},1,temporal,{},1,1,1,1,1,1,1,1,1,1,1,1,1,1,1,1,1,1,1,1,1,1,1,1,1,1,0,0,0,0,0,0,0,0,0,0,0,0,0,0,{},"Mozilla/5.0 (Windows NT 10.0; Win64; x64) AppleWebKit/537.36 (KHTML, like Gecko) Chrome/67.0.3396.87 Safari/537.36",0,ZdA6I7-0DdI
372AGES0I5FY9V052R9I0ROAV3VRX6,3CM00QMEUMWAO45EUQFF7TCUAYEW69,Annotate when audio source appears in video,Watch a 10 second video clip and tell us when the source of a labeled sound appears in the frame of the video,"annotating, video, audio",$0.07,Wed Jul 18 08:50:15 PDT 2018,1,BatchId:3307005;OriginalHitTemplateId:920937336;,3600,432000,Wed Jul 25 08:50:15 PDT 2018,,,38SKSKU7R37T2MERONHNZPOJN9YLIV,A2VE5IV9OD2SK1,Approved,Wed Jul 18 10:50:38 PDT 2018,Wed Jul 18 10:50:55 PDT 2018,Mon Jul 23 10:50:55 PDT 2018,Wed Jul 18 14:20:13 PDT 2018,,,17,100% (296/297),100% (296/297),100% (287/288),I3f7jB5AgV4,30,40,Microwave oven,"Sounds made by a kitchen appliance that heats food by exposing it to microwave radiation, including the noise of the fan, rotation mechanism, and microwave source, as well as the alert sound used to indicate that cooking is complete.",0,1,{},1,temporal,{},1,1,1,1,1,1,1,1,1,1,1,1,1,1,1,1,1,1,1,1,1,1,1,1,1,1,1,1,1,1,1,1,1,1,1,1,1,1,1,1,{},"Mozilla/5.0 (Windows NT 6.1; WOW64) AppleWebKit/537.36 (KHTML, like Gecko) Chrome/67.0.3396.99 Safari/537.36",0,I3f7jB5AgV4
3N5YJ55YXHD1YK0KYA0N7Z82TLXANX,3CM00QMEUMWAO45EUQFF7TCUAYEW69,Annotate when audio source appears in video,Watch a 10 second video clip and tell us when the source of a labeled sound appears in the frame of the video,"annotating, video, audio",$0.07,Wed Jul 18 08:50:15 PDT 2018,1,BatchId:3307005;OriginalHitTemplateId:920937336;,3600,432000,Wed Jul 25 08:50:15 PDT 2018,,,3PIWWX1FJLGJ27AX3KQAVBQRWZCJJX,ABR6KFYGVUVCW,Approved,Wed Jul 18 12:45:16 PDT 2018,Wed Jul 18 12:46:27 PDT 2018,Mon Jul 23 12:46:27 PDT 2018,Wed Jul 18 14:20:14 PDT 2018,,,71,100% (21/21),100% (21/21),100% (21/21),QM3YaUpe7JY,100,110,Microwave oven,"Sounds made by a kitchen appliance that heats food by exposing it to microwave radiation, including the noise of the fan, rotation mechanism, and microwave source, as well as the alert sound used to indicate that cooking is complete.",0,1,{},1,temporal,{},1,1,1,1,1,1,1,1,1,1,1,1,1,1,1,1,1,1,1,1,1,1,1,1,1,1,1,1,0,0,0,0,0,0,0,0,0,0,0,0,{},"Mozilla/5.0 (Macintosh; Intel Mac OS X 10_13_6) AppleWebKit/605.1.15 (KHTML, like Gecko) Version/11.1.2 Safari/605.1.15",0,QM3YaUpe7JY
3OYHVNTV5U8PSI9IBGDPG2B3O7WKO1,3CM00QMEUMWAO45EUQFF7TCUAYEW69,Annotate when audio source appears in video,Watch a 10 second video clip and tell us when the source of a labeled sound appears in the frame of the video,"annotating, video, audio",$0.07,Wed Jul 18 08:50:15 PDT 2018,1,BatchId:3307005;OriginalHitTemplateId:920937336;,3600,432000,Wed Jul 25 08:50:15 PDT 2018,,,3MB8LZR5BH3K8H4FOQ2ZC53WFD1LKK,A1DWJDNFZNQUFC,Approved,Wed Jul 18 11:36:08 PDT 2018,Wed Jul 18 11:36:44 PDT 2018,Mon Jul 23 11:36:44 PDT 2018,Wed Jul 18 14:20:14 PDT 2018,,,36,100% (280/281),100% (280/281),100% (252/253),X5BHIn1s_1U,250,260,Microwave oven,"Sounds made by a kitchen appliance that heats food by exposing it to microwave radiation, including the noise of the fan, rotation mechanism, and microwave source, as well as the alert sound used to indicate that cooking is complete.",0,1,{},1,temporal,{},1,1,0,0,0,0,0,0,0,0,0,0,0,0,0,0,0,0,0,0,0,0,0,0,0,0,0,0,0,0,0,0,0,0,0,0,0,0,0,0,{},"Mozilla/5.0 (Windows NT 10.0; Win64; x64) AppleWebKit/537.36 (KHTML, like Gecko) Chrome/67.0.3396.99 Safari/537.36",0,X5BHIn1s_1U
3FHTJGYT8OA2BWP00P5P7AO0RVBPGK,3CM00QMEUMWAO45EUQFF7TCUAYEW69,Annotate when audio source appears in video,Watch a 10 second video clip and tell us when the source of a labeled sound appears in the frame of the video,"annotating, video, audio",$0.07,Wed Jul 18 08:50:15 PDT 2018,1,BatchId:3307005;OriginalHitTemplateId:920937336;,3600,432000,Wed Jul 25 08:50:15 PDT 2018,,,3VA45EW49PXQ81LQT8C9Z7BR1CUO1P,A95FVDFYLP95D,Approved,Wed Jul 18 10:57:30 PDT 2018,Wed Jul 18 10:57:54 PDT 2018,Mon Jul 23 10:57:54 PDT 2018,Wed Jul 18 14:20:14 PDT 2018,,,24,100% (72/72),100% (72/72),100% (72/72),WAXOj3hZsCY,60,70,Microwave oven,"Sounds made by a kitchen appliance that heats food by exposing it to microwave radiation, including the noise of the fan, rotation mechanism, and microwave source, as well as the alert sound used to indicate that cooking is complete.",0,1,{},1,temporal,{},0,0,0,0,0,0,0,0,0,0,0,0,0,0,0,0,0,0,0,0,0,0,0,0,0,0,0,0,0,0,0,0,0,0,0,1,1,1,1,1,{},"Mozilla/5.0 (Windows NT 10.0; Win64; x64) AppleWebKit/537.36 (KHTML, like Gecko) Chrome/67.0.3396.87 Safari/537.36",0,WAXOj3hZsCY
3WGZLY9VCIWETKGSCI26F3QDPTVD8E,3CM00QMEUMWAO45EUQFF7TCUAYEW69,Annotate when audio source appears in video,Watch a 10 second video clip and tell us when the source of a labeled sound appears in the frame of the video,"annotating, video, audio",$0.07,Wed Jul 18 08:50:15 PDT 2018,1,BatchId:3307005;OriginalHitTemplateId:920937336;,3600,432000,Wed Jul 25 08:50:15 PDT 2018,,,3LRKMWOKB7R9WQHTELN4KOS0DMB2ZM,A145BNEEHXJDPJ,Approved,Wed Jul 18 10:54:08 PDT 2018,Wed Jul 18 10:54:26 PDT 2018,Mon Jul 23 10:54:26 PDT 2018,Wed Jul 18 14:20:14 PDT 2018,,,18,98% (40/41),98% (40/41),98% (40/41),4aJX2PQ4j7Q,30,40,Microwave oven,"Sounds made by a kitchen appliance that heats food by exposing it to microwave radiation, including the noise of the fan, rotation mechanism, and microwave source, as well as the alert sound used to indicate that cooking is complete.",0,1,{},1,temporal,{},1,1,1,1,1,1,1,1,1,1,1,1,1,1,1,1,1,1,1,1,1,1,1,1,1,1,1,1,1,1,1,1,1,1,1,1,1,1,1,1,{},"Mozilla/5.0 (Windows NT 10.0; Win64; x64) AppleWebKit/537.36 (KHTML, like Gecko) Chrome/67.0.3396.99 Safari/537.36",0,4aJX2PQ4j7Q
3W3RSPVVGT1VPTBXS21ZU8G7VTPULR,3CM00QMEUMWAO45EUQFF7TCUAYEW69,Annotate when audio source appears in video,Watch a 10 second video clip and tell us when the source of a labeled sound appears in the frame of the video,"annotating, video, audio",$0.07,Wed Jul 18 08:50:16 PDT 2018,1,BatchId:3307005;OriginalHitTemplateId:920937336;,3600,432000,Wed Jul 25 08:50:16 PDT 2018,,,32UTUBMZ7I6MBJCFWHRC0BI8JGEBVR,A95FVDFYLP95D,Approved,Wed Jul 18 10:41:46 PDT 2018,Wed Jul 18 10:42:02 PDT 2018,Mon Jul 23 10:42:02 PDT 2018,Wed Jul 18 14:20:15 PDT 2018,,,16,100% (72/72),100% (72/72),100% (72/72),of4sUmrMbOQ,0,5,Microwave oven,"Sounds made by a kitchen appliance that heats food by exposing it to microwave radiation, including the noise of the fan, rotation mechanism, and microwave source, as well as the alert sound used to indicate that cooking is complete.",0,1,{},1,temporal,{},0,0,1,1,1,1,1,1,1,1,1,1,1,1,0,0,0,0,0,0,,,,,,,,,,,,,,,,,,,,,{},"Mozilla/5.0 (Windows NT 10.0; Win64; x64) AppleWebKit/537.36 (KHTML, like Gecko) Chrome/67.0.3396.87 Safari/537.36",0,of4sUmrMbOQ
3MNJFORX8CES4MBM5QQTRJJ7ZGAF5P,3CM00QMEUMWAO45EUQFF7TCUAYEW69,Annotate when audio source appears in video,Watch a 10 second video clip and tell us when the source of a labeled sound appears in the frame of the video,"annotating, video, audio",$0.07,Wed Jul 18 08:50:15 PDT 2018,1,BatchId:3307005;OriginalHitTemplateId:920937336;,3600,432000,Wed Jul 25 08:50:15 PDT 2018,,,3Y9N9SS8L0LVE78GQ3CCC6EPVHH3DD,AGQ1C5AV6MSN3,Approved,Wed Jul 18 09:45:28 PDT 2018,Wed Jul 18 09:48:10 PDT 2018,Mon Jul 23 09:48:10 PDT 2018,Wed Jul 18 14:20:15 PDT 2018,,,162,100% (62/62),100% (62/62),100% (62/62),xUTmKcptiBg,13,23,Microwave oven,"Sounds made by a kitchen appliance that heats food by exposing it to microwave radiation, including the noise of the fan, rotation mechanism, and microwave source, as well as the alert sound used to indicate that cooking is complete.",1,1,{},1,temporal,{},1,1,1,1,1,1,1,1,1,1,1,1,1,1,1,1,1,1,0,0,0,0,0,0,0,0,0,0,0,0,0,0,0,0,0,0,0,0,0,0,{},"Mozilla/5.0 (Windows NT 10.0; Win64; x64) AppleWebKit/537.36 (KHTML, like Gecko) Chrome/67.0.3396.99 Safari/537.36",0,xUTmKcptiBg
30IRMPJWD0TSPV1Y38UTAXG8ZUGKRA,3CM00QMEUMWAO45EUQFF7TCUAYEW69,Annotate when audio source appears in video,Watch a 10 second video clip and tell us when the source of a labeled sound appears in the frame of the video,"annotating, video, audio",$0.07,Wed Jul 18 08:50:16 PDT 2018,1,BatchId:3307005;OriginalHitTemplateId:920937336;,3600,432000,Wed Jul 25 08:50:16 PDT 2018,,,3BXQMRHWK18IHVRCIG7GI5RJH8AUMB,A1B0QZS0MLORS2,Approved,Wed Jul 18 10:46:43 PDT 2018,Wed Jul 18 10:59:14 PDT 2018,Mon Jul 23 10:59:14 PDT 2018,Wed Jul 18 14:20:16 PDT 2018,,,751,100% (18/18),100% (18/18),100% (18/18),w4zJF08VB-4,17,27,Microwave oven,"Sounds made by a kitchen appliance that heats food by exposing it to microwave radiation, including the noise of the fan, rotation mechanism, and microwave source, as well as the alert sound used to indicate that cooking is complete.",0,1,{},1,temporal,{},1,1,1,1,1,1,1,1,0,0,0,0,0,0,0,0,0,0,0,0,0,0,0,0,0,0,0,0,0,0,0,0,0,0,0,0,0,0,0,0,{},"Mozilla/5.0 (Windows NT 6.3; Win64; x64) AppleWebKit/537.36 (KHTML, like Gecko) Chrome/67.0.3396.99 Safari/537.36",0,w4zJF08VB-4
34R3P23QHTB6V1HCWH12K48XZSRHW6,3CM00QMEUMWAO45EUQFF7TCUAYEW69,Annotate when audio source appears in video,Watch a 10 second video clip and tell us when the source of a labeled sound appears in the frame of the video,"annotating, video, audio",$0.07,Wed Jul 18 08:50:16 PDT 2018,1,BatchId:3307005;OriginalHitTemplateId:920937336;,3600,432000,Wed Jul 25 08:50:16 PDT 2018,,,3MRNMEIQW7GCUBY5W9GC8S86V3BLDC,A1Y05LXXGPVRXZ,Approved,Wed Jul 18 10:00:22 PDT 2018,Wed Jul 18 10:00:53 PDT 2018,Mon Jul 23 10:00:53 PDT 2018,Wed Jul 18 14:20:16 PDT 2018,,,31,96% (46/48),96% (46/48),96% (46/48),IrUqR0LO7k8,20,30,Microwave oven,"Sounds made by a kitchen appliance that heats food by exposing it to microwave radiation, including the noise of the fan, rotation mechanism, and microwave source, as well as the alert sound used to indicate that cooking is complete.",0,1,{},1,temporal,{},1,1,1,1,1,1,1,1,1,1,1,1,1,1,1,1,1,1,1,1,1,1,1,1,1,1,1,1,1,1,1,1,1,1,1,1,1,1,1,1,{},"Mozilla/5.0 (Windows NT 6.1; Win64; x64) AppleWebKit/537.36 (KHTML, like Gecko) Chrome/67.0.3396.99 Safari/537.36",0,IrUqR0LO7k8
3INZSNUD810E7PZ2HA8KFZLO9ZDD93,3CM00QMEUMWAO45EUQFF7TCUAYEW69,Annotate when audio source appears in video,Watch a 10 second video clip and tell us when the source of a labeled sound appears in the frame of the video,"annotating, video, audio",$0.07,Wed Jul 18 08:50:16 PDT 2018,1,BatchId:3307005;OriginalHitTemplateId:920937336;,3600,432000,Wed Jul 25 08:50:16 PDT 2018,,,3VNL7UK1XHTXB8K6WODTIJL81TQTFB,AON98YYPNVOBZ,Approved,Wed Jul 18 10:44:21 PDT 2018,Wed Jul 18 10:44:32 PDT 2018,Mon Jul 23 10:44:32 PDT 2018,Wed Jul 18 14:20:16 PDT 2018,,,11,100% (162/162),100% (162/162),100% (162/162),Ur6ejSAJRpU,140,150,Microwave oven,"Sounds made by a kitchen appliance that heats food by exposing it to microwave radiation, including the noise of the fan, rotation mechanism, and microwave source, as well as the alert sound used to indicate that cooking is complete.",0,1,{},1,temporal,{},1,1,1,1,1,1,1,1,1,1,1,1,1,1,1,1,1,1,1,1,1,1,1,1,1,1,1,1,1,1,1,1,1,1,1,1,1,1,1,1,{},"Mozilla/5.0 (Windows NT 10.0; Win64; x64) AppleWebKit/537.36 (KHTML, like Gecko) Chrome/67.0.3396.99 Safari/537.36",0,Ur6ejSAJRpU
34HEO7RUG74MDISCRHH4GJDCUIMARL,3CM00QMEUMWAO45EUQFF7TCUAYEW69,Annotate when audio source appears in video,Watch a 10 second video clip and tell us when the source of a labeled sound appears in the frame of the video,"annotating, video, audio",$0.07,Wed Jul 18 08:50:16 PDT 2018,1,BatchId:3307005;OriginalHitTemplateId:920937336;,3600,432000,Wed Jul 25 08:50:16 PDT 2018,,,3VJ40NV2QKXRHLXZVRWJ5DUMTVTOT6,A2DK9F1XION9XN,Approved,Wed Jul 18 11:23:40 PDT 2018,Wed Jul 18 11:24:03 PDT 2018,Mon Jul 23 11:24:03 PDT 2018,Wed Jul 18 14:20:16 PDT 2018,,,23,100% (124/124),100% (124/124),100% (124/124),p05DKR2wmA4,30,40,Microwave oven,"Sounds made by a kitchen appliance that heats food by exposing it to microwave radiation, including the noise of the fan, rotation mechanism, and microwave source, as well as the alert sound used to indicate that cooking is complete.",0,1,{},1,temporal,{},0,0,0,0,0,0,0,0,0,0,0,0,0,0,0,0,0,0,0,0,0,0,0,0,0,0,0,0,0,1,1,1,1,1,1,1,1,1,1,1,{},"Mozilla/5.0 (Windows NT 10.0; Win64; x64) AppleWebKit/537.36 (KHTML, like Gecko) Chrome/67.0.3396.99 Safari/537.36",0,p05DKR2wmA4
3A9LA2FRWTOLK1M26MXOMNM48UXHXZ,3CM00QMEUMWAO45EUQFF7TCUAYEW69,Annotate when audio source appears in video,Watch a 10 second video clip and tell us when the source of a labeled sound appears in the frame of the video,"annotating, video, audio",$0.07,Wed Jul 18 08:50:16 PDT 2018,1,BatchId:3307005;OriginalHitTemplateId:920937336;,3600,432000,Wed Jul 25 08:50:16 PDT 2018,,,3UJ1CZ6IZJZ4UBE21CVUM2Y9AGV5SC,A95FVDFYLP95D,Approved,Wed Jul 18 10:32:06 PDT 2018,Wed Jul 18 10:32:28 PDT 2018,Mon Jul 23 10:32:28 PDT 2018,Wed Jul 18 14:20:16 PDT 2018,,,22,100% (72/72),100% (72/72),100% (72/72),BHhRVFYOu5g,30,40,Microwave oven,"Sounds made by a kitchen appliance that heats food by exposing it to microwave radiation, including the noise of the fan, rotation mechanism, and microwave source, as well as the alert sound used to indicate that cooking is complete.",0,1,{},1,temporal,{},1,1,1,1,1,1,1,1,1,1,1,1,1,1,0,0,0,0,0,0,0,0,0,0,0,0,0,0,0,0,1,1,1,1,1,1,1,1,1,1,{},"Mozilla/5.0 (Windows NT 10.0; Win64; x64) AppleWebKit/537.36 (KHTML, like Gecko) Chrome/67.0.3396.87 Safari/537.36",0,BHhRVFYOu5g
3PN6H8C9R50SC8979GMKBUW8FHVDAI,3CM00QMEUMWAO45EUQFF7TCUAYEW69,Annotate when audio source appears in video,Watch a 10 second video clip and tell us when the source of a labeled sound appears in the frame of the video,"annotating, video, audio",$0.07,Wed Jul 18 08:50:16 PDT 2018,1,BatchId:3307005;OriginalHitTemplateId:920937336;,3600,432000,Wed Jul 25 08:50:16 PDT 2018,,,31QNSG6A5T31YVDCB74M3VC4PSK87V,A2VE5IV9OD2SK1,Approved,Wed Jul 18 10:35:17 PDT 2018,Wed Jul 18 10:35:37 PDT 2018,Mon Jul 23 10:35:37 PDT 2018,Wed Jul 18 14:20:16 PDT 2018,,,20,100% (296/297),100% (296/297),100% (287/288),M8hGF2AV-G4,370,380,Microwave oven,"Sounds made by a kitchen appliance that heats food by exposing it to microwave radiation, including the noise of the fan, rotation mechanism, and microwave source, as well as the alert sound used to indicate that cooking is complete.",0,1,{},1,temporal,{},1,1,1,1,1,1,1,1,1,1,1,1,1,1,1,1,1,1,1,1,1,1,1,1,1,1,1,1,1,1,1,1,1,1,1,1,1,1,1,1,{},"Mozilla/5.0 (Windows NT 6.1; WOW64) AppleWebKit/537.36 (KHTML, like Gecko) Chrome/67.0.3396.99 Safari/537.36",0,M8hGF2AV-G4
3SR6AEG6W63AK6CCBIJQ51TDA0RHY5,3CM00QMEUMWAO45EUQFF7TCUAYEW69,Annotate when audio source appears in video,Watch a 10 second video clip and tell us when the source of a labeled sound appears in the frame of the video,"annotating, video, audio",$0.07,Wed Jul 18 08:50:16 PDT 2018,1,BatchId:3307005;OriginalHitTemplateId:920937336;,3600,432000,Wed Jul 25 08:50:16 PDT 2018,,,3SKEMFQBZ5FPTAKWU1TV70HQVCN8K4,AON98YYPNVOBZ,Approved,Wed Jul 18 10:45:05 PDT 2018,Wed Jul 18 10:45:20 PDT 2018,Mon Jul 23 10:45:20 PDT 2018,Wed Jul 18 14:20:17 PDT 2018,,,15,100% (162/162),100% (162/162),100% (162/162),Mu2ygWKmpxo,140,150,Microwave oven,"Sounds made by a kitchen appliance that heats food by exposing it to microwave radiation, including the noise of the fan, rotation mechanism, and microwave source, as well as the alert sound used to indicate that cooking is complete.",0,1,{},1,temporal,{},0,0,0,1,1,1,1,1,1,1,1,1,1,1,1,1,1,1,1,1,1,1,1,1,1,1,1,1,1,1,1,1,1,1,1,1,1,1,1,1,{},"Mozilla/5.0 (Windows NT 10.0; Win64; x64) AppleWebKit/537.36 (KHTML, like Gecko) Chrome/67.0.3396.99 Safari/537.36",0,Mu2ygWKmpxo
3B6F54KMR3M2K9FPANOGVSP5CQZS13,3CM00QMEUMWAO45EUQFF7TCUAYEW69,Annotate when audio source appears in video,Watch a 10 second video clip and tell us when the source of a labeled sound appears in the frame of the video,"annotating, video, audio",$0.07,Wed Jul 18 08:50:16 PDT 2018,1,BatchId:3307005;OriginalHitTemplateId:920937336;,3600,432000,Wed Jul 25 08:50:16 PDT 2018,,,36ZN444YTT8187HO1FXFR6SDIE8OIK,A21Y0K5O4ZPES,Approved,Wed Jul 18 11:07:39 PDT 2018,Wed Jul 18 11:08:14 PDT 2018,Mon Jul 23 11:08:14 PDT 2018,Wed Jul 18 14:20:17 PDT 2018,,,35,100% (177/177),100% (177/177),100% (177/177),KHss6DZMdew,30,40,Microwave oven,"Sounds made by a kitchen appliance that heats food by exposing it to microwave radiation, including the noise of the fan, rotation mechanism, and microwave source, as well as the alert sound used to indicate that cooking is complete.",0,1,{},1,temporal,{},0,0,0,0,0,0,0,0,0,0,0,0,0,0,1,1,1,1,1,1,1,1,1,1,1,1,1,1,1,1,1,1,1,1,1,1,0,0,0,0,{},"Mozilla/5.0 (Windows NT 10.0; Win64; x64) AppleWebKit/537.36 (KHTML, like Gecko) Chrome/67.0.3396.99 Safari/537.36",0,KHss6DZMdew
3UYRNV2KIU9NFW751CG9B8273XXN86,3CM00QMEUMWAO45EUQFF7TCUAYEW69,Annotate when audio source appears in video,Watch a 10 second video clip and tell us when the source of a labeled sound appears in the frame of the video,"annotating, video, audio",$0.07,Wed Jul 18 08:50:17 PDT 2018,1,BatchId:3307005;OriginalHitTemplateId:920937336;,3600,432000,Wed Jul 25 08:50:17 PDT 2018,,,3JAOYWH7VKE0RLLOKTBAMWPG4I19LO,AGQ1C5AV6MSN3,Approved,Wed Jul 18 10:15:45 PDT 2018,Wed Jul 18 10:16:12 PDT 2018,Mon Jul 23 10:16:12 PDT 2018,Wed Jul 18 14:20:17 PDT 2018,,,27,100% (62/62),100% (62/62),100% (62/62),Sd6Z-MtuVKA,30,40,Microwave oven,"Sounds made by a kitchen appliance that heats food by exposing it to microwave radiation, including the noise of the fan, rotation mechanism, and microwave source, as well as the alert sound used to indicate that cooking is complete.",0,1,{},1,temporal,{},1,1,1,1,1,1,1,1,1,1,1,1,1,1,1,1,1,1,1,1,1,1,1,1,1,1,1,1,1,1,1,1,1,1,1,1,1,1,1,1,{},"Mozilla/5.0 (Windows NT 10.0; Win64; x64) AppleWebKit/537.36 (KHTML, like Gecko) Chrome/67.0.3396.99 Safari/537.36",0,Sd6Z-MtuVKA
32ZCLEW0B0UC2YF18VQS4NGGJNSPJO,3CM00QMEUMWAO45EUQFF7TCUAYEW69,Annotate when audio source appears in video,Watch a 10 second video clip and tell us when the source of a labeled sound appears in the frame of the video,"annotating, video, audio",$0.07,Wed Jul 18 08:50:17 PDT 2018,1,BatchId:3307005;OriginalHitTemplateId:920937336;,3600,432000,Wed Jul 25 08:50:17 PDT 2018,,,32AT8R96GNJLFQ4H2D32UEQP9YGSUB,A29N95O8PCUBOT,Approved,Wed Jul 18 12:15:12 PDT 2018,Wed Jul 18 12:15:30 PDT 2018,Mon Jul 23 12:15:30 PDT 2018,Wed Jul 18 14:20:18 PDT 2018,,,18,100% (186/186),100% (186/186),100% (186/186),Aq75V6XW7TY,30,40,Microwave oven,"Sounds made by a kitchen appliance that heats food by exposing it to microwave radiation, including the noise of the fan, rotation mechanism, and microwave source, as well as the alert sound used to indicate that cooking is complete.",0,1,{},1,temporal,{},1,1,1,1,1,1,1,1,1,1,1,1,1,1,1,1,1,1,1,1,1,1,1,1,1,1,1,1,1,1,1,1,1,1,1,1,1,1,1,1,{},"Mozilla/5.0 (Macintosh; Intel Mac OS X 10_13_1) AppleWebKit/537.36 (KHTML, like Gecko) Chrome/67.0.3396.87 Safari/537.36",0,Aq75V6XW7TY
3XQ4XW3ODAM99UXLTROU0BZA4WDS2K,3CM00QMEUMWAO45EUQFF7TCUAYEW69,Annotate when audio source appears in video,Watch a 10 second video clip and tell us when the source of a labeled sound appears in the frame of the video,"annotating, video, audio",$0.07,Wed Jul 18 08:50:17 PDT 2018,1,BatchId:3307005;OriginalHitTemplateId:920937336;,3600,432000,Wed Jul 25 08:50:17 PDT 2018,,,352YTHGROXNX8JWMCD0LDWLT1AF4HJ,A29N95O8PCUBOT,Approved,Wed Jul 18 12:29:35 PDT 2018,Wed Jul 18 12:30:37 PDT 2018,Mon Jul 23 12:30:37 PDT 2018,Wed Jul 18 14:20:18 PDT 2018,,,62,100% (186/186),100% (186/186),100% (186/186),kQJ2GlLb8dw,20,30,Microwave oven,"Sounds made by a kitchen appliance that heats food by exposing it to microwave radiation, including the noise of the fan, rotation mechanism, and microwave source, as well as the alert sound used to indicate that cooking is complete.",0,1,{},1,temporal,{},0,0,0,0,0,0,0,0,0,0,0,0,0,0,0,0,0,0,0,0,0,0,0,0,0,0,0,0,0,0,1,1,1,1,1,1,1,1,1,1,{},"Mozilla/5.0 (Macintosh; Intel Mac OS X 10_13_1) AppleWebKit/537.36 (KHTML, like Gecko) Chrome/67.0.3396.87 Safari/537.36",0,kQJ2GlLb8dw
3IH9TRB0FC9DQVCT5BU2RQJI3SXI11,3CM00QMEUMWAO45EUQFF7TCUAYEW69,Annotate when audio source appears in video,Watch a 10 second video clip and tell us when the source of a labeled sound appears in the frame of the video,"annotating, video, audio",$0.07,Wed Jul 18 08:50:17 PDT 2018,1,BatchId:3307005;OriginalHitTemplateId:920937336;,3600,432000,Wed Jul 25 08:50:17 PDT 2018,,,3WQ3B2KGEAQ6P7WHP37NTNBSUC3B1Y,A95FVDFYLP95D,Approved,Wed Jul 18 10:29:45 PDT 2018,Wed Jul 18 10:30:23 PDT 2018,Mon Jul 23 10:30:23 PDT 2018,Wed Jul 18 14:20:18 PDT 2018,,,38,100% (72/72),100% (72/72),100% (72/72),QTbfUDcp-pk,30,40,Microwave oven,"Sounds made by a kitchen appliance that heats food by exposing it to microwave radiation, including the noise of the fan, rotation mechanism, and microwave source, as well as the alert sound used to indicate that cooking is complete.",0,1,{},1,temporal,{},1,1,1,1,1,1,1,0,0,0,0,0,0,0,0,0,0,0,0,0,0,0,0,0,0,0,0,0,0,0,0,0,0,0,0,0,0,0,0,0,{},"Mozilla/5.0 (Windows NT 10.0; Win64; x64) AppleWebKit/537.36 (KHTML, like Gecko) Chrome/67.0.3396.87 Safari/537.36",0,QTbfUDcp-pk
3WJGKMRWVJJG5N65TUIBHPMWFKGDCK,3CM00QMEUMWAO45EUQFF7TCUAYEW69,Annotate when audio source appears in video,Watch a 10 second video clip and tell us when the source of a labeled sound appears in the frame of the video,"annotating, video, audio",$0.07,Wed Jul 18 08:50:17 PDT 2018,1,BatchId:3307005;OriginalHitTemplateId:920937336;,3600,432000,Wed Jul 25 08:50:17 PDT 2018,,,3DQQ64TANIV1U2DU5WE9HX6B7UAWPO,ATQA5XDT6FQGZ,Approved,Wed Jul 18 11:34:21 PDT 2018,Wed Jul 18 11:41:29 PDT 2018,Mon Jul 23 11:41:29 PDT 2018,Wed Jul 18 14:20:19 PDT 2018,,,428,98% (59/60),98% (59/60),98% (59/60),yl4LL4zgla4,40,50,Microwave oven,"Sounds made by a kitchen appliance that heats food by exposing it to microwave radiation, including the noise of the fan, rotation mechanism, and microwave source, as well as the alert sound used to indicate that cooking is complete.",0,1,{},1,temporal,{},1,1,1,0,0,0,0,0,0,0,1,1,0,0,0,0,0,0,1,1,1,1,1,1,1,1,1,1,1,1,1,1,1,1,1,1,1,1,1,1,{},"Mozilla/5.0 (Windows NT 6.1) AppleWebKit/537.36 (KHTML, like Gecko) Chrome/67.0.3396.99 Safari/537.36",0,yl4LL4zgla4
308KJXFUJSGZTX54V6MZGYEUI3JATY,3CM00QMEUMWAO45EUQFF7TCUAYEW69,Annotate when audio source appears in video,Watch a 10 second video clip and tell us when the source of a labeled sound appears in the frame of the video,"annotating, video, audio",$0.07,Wed Jul 18 08:50:17 PDT 2018,1,BatchId:3307005;OriginalHitTemplateId:920937336;,3600,432000,Wed Jul 25 08:50:17 PDT 2018,,,3Y9N9SS8L0LVE78GQ3CCC6EPVHQ3DM,ATQA5XDT6FQGZ,Approved,Wed Jul 18 10:19:54 PDT 2018,Wed Jul 18 10:21:11 PDT 2018,Mon Jul 23 10:21:11 PDT 2018,Wed Jul 18 14:20:19 PDT 2018,,,77,98% (59/60),98% (59/60),98% (59/60),HPH5WMmL-OY,30,40,Microwave oven,"Sounds made by a kitchen appliance that heats food by exposing it to microwave radiation, including the noise of the fan, rotation mechanism, and microwave source, as well as the alert sound used to indicate that cooking is complete.",0,1,{},1,temporal,{},0,0,0,0,0,0,0,0,0,0,0,0,0,0,0,0,1,1,1,1,1,1,1,1,1,1,0,0,0,0,0,0,0,0,0,0,0,0,0,0,{},"Mozilla/5.0 (Windows NT 6.1) AppleWebKit/537.36 (KHTML, like Gecko) Chrome/67.0.3396.99 Safari/537.36",0,HPH5WMmL-OY
3SU800BH8726GQRAK79VBUF15ZCUQG,3CM00QMEUMWAO45EUQFF7TCUAYEW69,Annotate when audio source appears in video,Watch a 10 second video clip and tell us when the source of a labeled sound appears in the frame of the video,"annotating, video, audio",$0.07,Wed Jul 18 08:50:17 PDT 2018,1,BatchId:3307005;OriginalHitTemplateId:920937336;,3600,432000,Wed Jul 25 08:50:17 PDT 2018,,,3VD82FOHKSYAV4VO951TG3UI582OCU,A1Y05LXXGPVRXZ,Approved,Wed Jul 18 09:52:12 PDT 2018,Wed Jul 18 09:52:31 PDT 2018,Mon Jul 23 09:52:31 PDT 2018,Wed Jul 18 14:20:19 PDT 2018,,,19,96% (46/48),96% (46/48),96% (46/48),7npK_NCx_yc,30,40,Microwave oven,"Sounds made by a kitchen appliance that heats food by exposing it to microwave radiation, including the noise of the fan, rotation mechanism, and microwave source, as well as the alert sound used to indicate that cooking is complete.",0,1,{},1,temporal,{},1,1,1,1,1,1,1,1,1,1,1,1,1,1,1,1,1,1,1,1,1,1,1,1,1,1,1,1,1,1,1,1,1,1,1,1,1,1,1,1,{},"Mozilla/5.0 (Windows NT 6.1; Win64; x64) AppleWebKit/537.36 (KHTML, like Gecko) Chrome/67.0.3396.99 Safari/537.36",0,7npK_NCx_yc
3OQQD2WO8JG90YQ8SF8LFJYF1CBI3T,3CM00QMEUMWAO45EUQFF7TCUAYEW69,Annotate when audio source appears in video,Watch a 10 second video clip and tell us when the source of a labeled sound appears in the frame of the video,"annotating, video, audio",$0.07,Wed Jul 18 08:50:17 PDT 2018,1,BatchId:3307005;OriginalHitTemplateId:920937336;,3600,432000,Wed Jul 25 08:50:17 PDT 2018,,,3WS1NTTKE0MWVZNFYMPJY8J34IEF06,AGQ1C5AV6MSN3,Approved,Wed Jul 18 09:50:57 PDT 2018,Wed Jul 18 09:53:05 PDT 2018,Mon Jul 23 09:53:05 PDT 2018,Wed Jul 18 14:20:19 PDT 2018,,,128,100% (62/62),100% (62/62),100% (62/62),ENKmzH-jmuY,0,10,Microwave oven,"Sounds made by a kitchen appliance that heats food by exposing it to microwave radiation, including the noise of the fan, rotation mechanism, and microwave source, as well as the alert sound used to indicate that cooking is complete.",0,1,I just not hear the alert sound,1,temporal,{},1,1,1,1,1,1,1,1,1,1,1,1,1,1,1,1,1,1,1,1,1,1,1,1,1,1,1,1,1,1,1,1,1,1,1,1,1,1,1,1,{},"Mozilla/5.0 (Windows NT 10.0; Win64; x64) AppleWebKit/537.36 (KHTML, like Gecko) Chrome/67.0.3396.99 Safari/537.36",0,ENKmzH-jmuY
34XASH8KLRW236LMBS3KKF8XNHNPMS,3CM00QMEUMWAO45EUQFF7TCUAYEW69,Annotate when audio source appears in video,Watch a 10 second video clip and tell us when the source of a labeled sound appears in the frame of the video,"annotating, video, audio",$0.07,Wed Jul 18 08:50:17 PDT 2018,1,BatchId:3307005;OriginalHitTemplateId:920937336;,3600,432000,Wed Jul 25 08:50:17 PDT 2018,,,3YW4XOSQKSVLL65NPUOIYD3GJXV1UQ,AEEV7M97XKJ9A,Approved,Wed Jul 18 09:36:56 PDT 2018,Wed Jul 18 09:38:04 PDT 2018,Mon Jul 23 09:38:04 PDT 2018,Wed Jul 18 14:20:20 PDT 2018,,,68,100% (15/15),100% (15/15),100% (15/15),MQZfeNyxhzQ,30,40,Microwave oven,"Sounds made by a kitchen appliance that heats food by exposing it to microwave radiation, including the noise of the fan, rotation mechanism, and microwave source, as well as the alert sound used to indicate that cooking is complete.",0,1,{},1,temporal,{},0,0,0,0,0,0,0,0,0,0,0,1,1,1,1,1,1,1,1,1,1,1,1,1,1,1,1,1,1,1,1,1,1,1,1,1,1,1,1,1,{},"Mozilla/5.0 (X11; CrOS x86_64 10575.58.0) AppleWebKit/537.36 (KHTML, like Gecko) Chrome/67.0.3396.99 Safari/537.36",0,MQZfeNyxhzQ
3Q9SPIIRWKWRLE9YQBRA3ILTMX1AWO,3CM00QMEUMWAO45EUQFF7TCUAYEW69,Annotate when audio source appears in video,Watch a 10 second video clip and tell us when the source of a labeled sound appears in the frame of the video,"annotating, video, audio",$0.07,Wed Jul 18 08:50:18 PDT 2018,1,BatchId:3307005;OriginalHitTemplateId:920937336;,3600,432000,Wed Jul 25 08:50:18 PDT 2018,,,326O153BMK8YO5ODFNT8VXIMM6FEDN,AGQ1C5AV6MSN3,Approved,Wed Jul 18 10:17:20 PDT 2018,Wed Jul 18 10:17:50 PDT 2018,Mon Jul 23 10:17:50 PDT 2018,Wed Jul 18 14:20:20 PDT 2018,,,30,100% (62/62),100% (62/62),100% (62/62),P2LNT32xTz8,30,40,Microwave oven,"Sounds made by a kitchen appliance that heats food by exposing it to microwave radiation, including the noise of the fan, rotation mechanism, and microwave source, as well as the alert sound used to indicate that cooking is complete.",0,1,{},1,temporal,{},1,1,1,1,1,1,1,1,1,1,1,1,1,1,1,1,1,1,1,1,1,1,1,1,1,1,1,1,1,1,1,1,1,1,1,1,1,1,1,1,{},"Mozilla/5.0 (Windows NT 10.0; Win64; x64) AppleWebKit/537.36 (KHTML, like Gecko) Chrome/67.0.3396.99 Safari/537.36",0,P2LNT32xTz8
3L1EFR8WWUFB59DY8G3A3ZO9LCTF9G,3CM00QMEUMWAO45EUQFF7TCUAYEW69,Annotate when audio source appears in video,Watch a 10 second video clip and tell us when the source of a labeled sound appears in the frame of the video,"annotating, video, audio",$0.07,Wed Jul 18 08:50:18 PDT 2018,1,BatchId:3307005;OriginalHitTemplateId:920937336;,3600,432000,Wed Jul 25 08:50:18 PDT 2018,,,3OONKJ5DKETRLZ3IV55Y5JO0NONBOX,A2DK9F1XION9XN,Approved,Wed Jul 18 11:01:38 PDT 2018,Wed Jul 18 11:01:53 PDT 2018,Mon Jul 23 11:01:53 PDT 2018,Wed Jul 18 14:20:21 PDT 2018,,,15,100% (124/124),100% (124/124),100% (124/124),AK18_j4F810,120,130,Microwave oven,"Sounds made by a kitchen appliance that heats food by exposing it to microwave radiation, including the noise of the fan, rotation mechanism, and microwave source, as well as the alert sound used to indicate that cooking is complete.",0,1,{},1,temporal,{},1,1,1,1,1,1,1,1,1,1,1,1,1,1,1,1,1,1,1,1,1,1,1,1,1,1,1,1,1,1,1,1,1,1,1,1,1,1,1,1,{},"Mozilla/5.0 (Windows NT 10.0; Win64; x64) AppleWebKit/537.36 (KHTML, like Gecko) Chrome/67.0.3396.99 Safari/537.36",0,AK18_j4F810
3XWUWJ18TM0Y8JYR1GT0LVCQ8KIUUL,3CM00QMEUMWAO45EUQFF7TCUAYEW69,Annotate when audio source appears in video,Watch a 10 second video clip and tell us when the source of a labeled sound appears in the frame of the video,"annotating, video, audio",$0.07,Wed Jul 18 08:50:18 PDT 2018,1,BatchId:3307005;OriginalHitTemplateId:920937336;,3600,432000,Wed Jul 25 08:50:18 PDT 2018,,,35BLDD71I87ITHFV2V7FMTPBAK5VZO,A26SRWX4075MCO,Approved,Wed Jul 18 11:01:16 PDT 2018,Wed Jul 18 11:01:43 PDT 2018,Mon Jul 23 11:01:43 PDT 2018,Wed Jul 18 14:20:21 PDT 2018,,,27,100% (10/10),100% (10/10),100% (10/10),DrVpiN_Pds4,30,40,Microwave oven,"Sounds made by a kitchen appliance that heats food by exposing it to microwave radiation, including the noise of the fan, rotation mechanism, and microwave source, as well as the alert sound used to indicate that cooking is complete.",0,1,{},1,temporal,{},1,1,1,1,1,1,1,1,1,1,1,1,1,1,1,1,1,1,1,1,1,1,1,1,1,1,1,1,1,1,1,1,1,1,1,1,1,1,1,1,{},"Mozilla/5.0 (Windows NT 6.1; Win64; x64) AppleWebKit/537.36 (KHTML, like Gecko) Chrome/67.0.3396.99 Safari/537.36",0,DrVpiN_Pds4
3XT3KXP24088XHDQBH6JMMAZB3DI6Z,3CM00QMEUMWAO45EUQFF7TCUAYEW69,Annotate when audio source appears in video,Watch a 10 second video clip and tell us when the source of a labeled sound appears in the frame of the video,"annotating, video, audio",$0.07,Wed Jul 18 08:50:18 PDT 2018,1,BatchId:3307005;OriginalHitTemplateId:920937336;,3600,432000,Wed Jul 25 08:50:18 PDT 2018,,,3OWEPKL08BMM120GH9T5LS2ZEMKN7X,A1E0ZJDLHLF96H,Approved,Wed Jul 18 08:58:43 PDT 2018,Wed Jul 18 08:59:21 PDT 2018,Mon Jul 23 08:59:21 PDT 2018,Wed Jul 18 14:20:22 PDT 2018,,,38,97% (34/35),97% (34/35),97% (34/35),ElnlOD-2CAQ,150,160,Microwave oven,"Sounds made by a kitchen appliance that heats food by exposing it to microwave radiation, including the noise of the fan, rotation mechanism, and microwave source, as well as the alert sound used to indicate that cooking is complete.",0,1,The person is microwaving a running motor,1,temporal,{},1,1,1,1,1,1,1,1,1,1,1,1,1,1,1,1,1,1,1,1,1,1,1,1,1,1,1,1,1,1,1,1,1,1,1,1,1,1,1,1,{},"Mozilla/5.0 (Macintosh; Intel Mac OS X 10_13_5) AppleWebKit/537.36 (KHTML, like Gecko) Chrome/67.0.3396.99 Safari/537.36",0,ElnlOD-2CAQ
3IJ95K7NDYM28BDNKASX3LJ5RGANGM,3CM00QMEUMWAO45EUQFF7TCUAYEW69,Annotate when audio source appears in video,Watch a 10 second video clip and tell us when the source of a labeled sound appears in the frame of the video,"annotating, video, audio",$0.07,Wed Jul 18 08:50:18 PDT 2018,1,BatchId:3307005;OriginalHitTemplateId:920937336;,3600,432000,Wed Jul 25 08:50:18 PDT 2018,,,374TNBHA8D5QJJ99KABM2ZH1NXIQYS,A2VE5IV9OD2SK1,Approved,Wed Jul 18 10:47:27 PDT 2018,Wed Jul 18 10:48:27 PDT 2018,Mon Jul 23 10:48:27 PDT 2018,Wed Jul 18 14:20:22 PDT 2018,,,60,100% (296/297),100% (296/297),100% (287/288),3Ugb4qdnUkw,0,10,Microwave oven,"Sounds made by a kitchen appliance that heats food by exposing it to microwave radiation, including the noise of the fan, rotation mechanism, and microwave source, as well as the alert sound used to indicate that cooking is complete.",0,1,{},1,temporal,{},0,0,0,0,0,0,0,0,0,0,0,0,0,0,0,0,0,0,0,0,0,0,0,0,0,0,0,0,0,0,0,1,0,0,0,0,1,0,1,0,{},"Mozilla/5.0 (Windows NT 6.1; WOW64) AppleWebKit/537.36 (KHTML, like Gecko) Chrome/67.0.3396.99 Safari/537.36",0,3Ugb4qdnUkw
